sample	demand_type	total_demand	free_count	fixed_count	total_cost	transport_cost	spot_cost	mqc_penalty	spot_quantity	mqc_shortfall	selected_capacity	selected_mqc	covered_lanes	capacity_short_lanes	lane_capacity_shortfall	selected
0	REALIZED	2294.5609342973	9	2	231170.1917399472	57399.7057638936	173770.4859760536	0.0000000000	1341.1129909226	0.0000000000	954.3570251389	397.1673027416	16	19	1341.1129909226	3|11
0	REALIZED	2294.5609342973	9	3	208286.5870273449	94698.8804269533	113587.7066003915	0.0000000000	844.2167196425	0.0000000000	1514.0360630925	602.6298756874	17	17	844.2167196425	3|7|11
0	REALIZED	2294.5609342973	9	4	189182.6316062663	101613.2934528353	87569.3381534309	0.0000000000	616.9484804240	0.0000000000	1809.4279438853	733.5581620655	20	12	616.9484804240	0|3|7|11
0	REALIZED	2294.5609342973	9	5	173761.4526840546	108008.1669740988	65753.2857099557	0.0000000000	452.3305833974	0.0000000000	2137.4466278425	858.5344523905	20	10	452.3305833974	0|3|7|9|11
0	REALIZED	2294.5609342973	9	6	159585.3886232449	122461.7073674511	37123.6812557938	0.0000000000	235.4066859719	0.0000000000	2442.4874674161	1029.0258252858	20	6	235.4066859719	0|3|4|7|9|11
0	REALIZED	2294.5609342973	9	7	147852.4784636786	116035.5512694726	31816.9271942058	0.0000000000	191.6293775188	0.0000000000	2748.3139807360	1117.4590350910	20	5	191.6293775188	0|3|4|5|7|9|11
0	REALIZED	2294.5609342973	9	8	136369.0503666326	121365.3012476162	15003.7491190165	0.0000000000	98.6497889878	0.0000000000	3159.5568482103	1247.4945486631	20	5	98.6497889878	0|3|4|5|7|8|9|11
0	REALIZED	2294.5609342973	9	9	129347.5416666577	116330.7588025881	13016.7828640696	0.0000000000	77.8145573855	0.0000000000	3504.3581895491	1374.0301908235	20	3	77.8145573855	0|3|4|5|6|7|8|9|11
0	CONDITIONAL_MEAN	2302.3516806904	9	2	209422.6024369893	57413.5435688544	152009.0588681348	0.0000000000	1347.9946555515	0.0000000000	954.3570251389	397.1673027416	16	20	1347.9946555515	3|11
0	CONDITIONAL_MEAN	2302.3516806904	9	3	185350.2620142649	96896.4362586311	88453.8257556337	0.0000000000	788.3156175979	0.0000000000	1514.0360630925	602.6298756874	17	20	788.3156175979	3|7|11
0	CONDITIONAL_MEAN	2302.3516806904	9	4	165965.1015151627	100399.8235677343	65565.2779474284	0.0000000000	573.7181146162	0.0000000000	1809.4279438853	733.5581620655	20	19	573.7181146162	0|3|7|11
0	CONDITIONAL_MEAN	2302.3516806904	9	5	146933.0688519986	112167.9132751568	34765.1555768417	0.0000000000	292.4716408076	0.0000000000	2137.4466278425	858.5344523905	20	16	292.4716408076	0|3|7|9|11
0	CONDITIONAL_MEAN	2302.3516806904	9	6	131911.6202537780	115750.7053144549	16160.9149393229	0.0000000000	147.3585774864	0.0000000000	2548.6894953168	988.5699659626	20	10	144.9951490573	0|3|7|8|9|11
0	CONDITIONAL_MEAN	2302.3516806904	9	7	120573.5228757057	109552.2838798752	11021.2389958303	0.0000000000	101.6493730754	0.0000000000	2927.1862260357	1111.9944310786	20	6	101.6493730754	0|1|3|7|8|9|11
0	CONDITIONAL_MEAN	2302.3516806904	9	8	111949.0463294773	106510.3084593695	5438.7378701077	0.0000000000	54.5450803352	0.0000000000	3199.3173499755	1203.5388179281	20	6	54.5450803352	0|3|5|6|7|8|9|11
0	CONDITIONAL_MEAN	2302.3516806904	9	9	105734.8253436792	103748.1214321407	1986.7039115385	0.0000000000	17.9780342956	0.0000000000	3477.3935107128	1311.2529515503	20	4	17.9780342956	0|3|5|6|7|8|9|10|11
1	REALIZED	1235.6231319459	9	2	90050.5629444042	52142.4768291370	37908.0861152673	0.0000000000	379.9493166531	0.0000000000	954.3570251389	397.1673027416	16	14	379.9493166531	3|11
1	REALIZED	1235.6231319459	9	3	73982.2879695510	58108.0087721163	15874.2791974347	0.0000000000	158.2953935207	0.0000000000	1514.0360630925	602.6298756874	17	11	158.2953935207	3|7|11
1	REALIZED	1235.6231319459	9	4	62997.9752341696	54276.3648237274	8721.6104104423	0.0000000000	100.2023978334	0.0000000000	1594.5502472704	654.6312312800	20	7	100.2023978334	0|3|6|11
1	REALIZED	1235.6231319459	9	5	54913.9982171985	50868.7542393143	4045.2439778842	0.0000000000	34.2191972855	0.0000000000	2154.2292852240	860.0938042258	20	3	34.2191972855	0|3|6|7|11
1	REALIZED	1235.6231319459	9	6	50401.5824495453	48053.7679384215	2347.8145111238	0.0000000000	17.5637954115	0.0000000000	2532.7260159429	983.5182693418	20	3	17.5637954115	0|1|3|6|7|11
1	REALIZED	1235.6231319459	9	7	48161.3526034214	46909.7668678474	1251.5857355740	0.0000000000	10.4599617435	0.0000000000	2810.8021766803	1091.2324029640	20	2	10.4599617435	0|1|3|6|7|10|11
1	REALIZED	1235.6231319459	9	8	47065.5155298343	46265.9268117339	343.4922637397	456.0964543607	4.5987702587	35.3517181962	3129.4145730196	1196.0580326085	20	2	4.5987702587	0|1|2|3|6|7|10|11
1	REALIZED	1235.6231319459	9	9	46706.9666292495	45688.0322541931	325.1255536801	693.8088213763	2.1495294852	57.4501911586	3437.2572944138	1266.1440400373	20	2	2.1495294852	0|1|2|3|5|6|7|8|9
1	CONDITIONAL_MEAN	1637.1150058755	9	2	130603.9053523463	56476.9246970927	74126.9806552535	0.0000000000	693.5822516724	0.0000000000	954.3570251389	397.1673027416	16	19	693.5822516724	3|11
1	CONDITIONAL_MEAN	1637.1150058755	9	3	110045.6709535187	77969.9969678165	32075.6739857022	0.0000000000	299.7940945607	0.0000000000	1514.0360630925	602.6298756874	17	17	299.7940945607	3|7|11
1	CONDITIONAL_MEAN	1637.1150058755	9	4	95139.8355411660	79807.0885562129	15332.7469849530	0.0000000000	141.6073744448	0.0000000000	1842.0547470497	727.6061660124	18	12	141.6073744448	3|7|9|11
1	CONDITIONAL_MEAN	1637.1150058755	9	5	82939.9736285840	74525.1082002695	8414.8654283144	0.0000000000	70.7064040140	0.0000000000	2137.4466278425	858.5344523905	20	8	70.7064040140	0|3|7|9|11
1	CONDITIONAL_MEAN	1637.1150058755	9	6	74960.1188910031	71176.6994636749	3783.4194273283	0.0000000000	27.0623460003	0.0000000000	2482.2479691813	985.0700945508	20	5	27.0623460003	0|3|6|7|9|11
1	CONDITIONAL_MEAN	1637.1150058755	9	7	68851.2516171204	65338.0642335573	3513.1873835631	0.0000000000	24.9194017844	0.0000000000	2893.4908366556	1115.1056081229	20	4	24.9194017844	0|3|6|7|8|9|11
1	CONDITIONAL_MEAN	1637.1150058755	9	8	63918.3993335864	63049.6484596029	868.7508739835	0.0000000000	5.6072589254	0.0000000000	2990.3846901583	1140.7816339152	20	1	5.6072589254	0|1|3|6|8|9|10|11
1	CONDITIONAL_MEAN	1637.1150058755	9	9	61631.5537273746	60762.8028533911	868.7508739835	0.0000000000	5.6072589254	0.0000000000	3550.0637281119	1346.2442068611	20	1	5.6072589254	0|1|3|6|7|8|9|10|11
2	REALIZED	2083.6705462960	9	2	184776.4685494317	48309.6694159967	136466.7991334350	0.0000000000	1230.7768027040	0.0000000000	954.3570251389	397.1673027416	16	18	1230.7768027040	3|11
2	REALIZED	2083.6705462960	9	3	164399.9258882463	62462.3483024772	101937.5775857689	0.0000000000	904.3491657530	0.0000000000	1282.3757090961	522.1435930665	18	17	904.3491657530	3|9|11
2	REALIZED	2083.6705462960	9	4	147092.7195576665	74569.0470167014	72523.6725409650	0.0000000000	684.4934582014	0.0000000000	1693.6185765704	652.1791066386	19	14	684.4934582014	3|8|9|11
2	REALIZED	2083.6705462960	9	5	133791.4580277340	80440.9995592821	53350.4584684518	0.0000000000	490.7494633673	0.0000000000	2253.2976145241	857.6416795845	19	11	490.7494633673	3|7|8|9|11
2	REALIZED	2083.6705462960	9	6	123050.1410039922	79828.7512331061	43221.3897708860	0.0000000000	378.1974806558	0.0000000000	2431.9983835167	880.4720009883	19	9	378.1974806558	0|1|7|8|9|11
2	REALIZED	2083.6705462960	9	7	112546.0996514432	86431.8656054902	26114.2340459530	0.0000000000	240.7491403060	0.0000000000	2737.8248968366	968.9052107936	20	8	240.7491403060	0|1|5|7|8|9|11
2	REALIZED	2083.6705462960	9	8	103280.4309390566	86757.8250974978	16522.6058415588	0.0000000000	158.6284186833	0.0000000000	3015.9010575740	1076.6193444157	20	8	158.6284186833	0|1|5|7|8|9|10|11
2	REALIZED	2083.6705462960	9	9	97864.3678096048	89093.7847517113	8770.5830578935	0.0000000000	78.5309353714	0.0000000000	3511.0889000930	1308.1417745059	20	5	78.5309353714	0|1|3|5|7|8|9|10|11
2	CONDITIONAL_MEAN	2390.8014182625	9	2	218530.5191987766	57413.5435688544	161116.9756299223	0.0000000000	1436.4443931236	0.0000000000	954.3570251389	397.1673027416	16	20	1436.4443931236	3|11
2	CONDITIONAL_MEAN	2390.8014182625	9	3	194458.1787760522	96896.4362586311	97561.7425174211	0.0000000000	876.7653551700	0.0000000000	1514.0360630925	602.6298756874	17	20	876.7653551700	3|7|11
2	CONDITIONAL_MEAN	2390.8014182625	9	4	174230.9616630689	110818.5671057791	63412.3945572897	0.0000000000	560.5882791485	0.0000000000	1842.0547470497	727.6061660124	18	19	560.5882791485	3|7|9|11
2	CONDITIONAL_MEAN	2390.8014182625	9	5	155114.4633951308	112512.3424295702	42602.1209655605	0.0000000000	360.9458005660	0.0000000000	2137.4466278425	858.5344523905	20	17	360.9458005660	0|3|7|9|11
2	CONDITIONAL_MEAN	2390.8014182625	9	6	139288.7091154439	118137.3249290045	21151.3841864393	0.0000000000	191.9193780292	0.0000000000	2548.6894953168	988.5699659626	20	13	171.7265956613	0|3|7|8|9|11
2	CONDITIONAL_MEAN	2390.8014182625	9	7	127495.8118496923	114536.0970578774	12959.7147918148	0.0000000000	118.4026957289	0.0000000000	2927.1862260357	1111.9944310786	20	9	118.4026957289	0|1|3|7|8|9|11
2	CONDITIONAL_MEAN	2390.8014182625	9	8	118751.8329546452	112450.6797611929	6301.1531934522	0.0000000000	61.1710797322	0.0000000000	3199.3173499755	1203.5388179281	20	6	61.1710797322	0|3|5|6|7|8|9|11
2	CONDITIONAL_MEAN	2390.8014182625	9	9	112212.2838770423	109250.6721385803	2961.6117384620	0.0000000000	27.4732826281	0.0000000000	3477.3935107128	1311.2529515503	20	4	27.4732826281	0|3|5|6|7|8|9|10|11
3	REALIZED	1292.3634913728	8	2	127772.6706973664	34886.3132403282	92886.3574570382	0.0000000000	625.9094632166	0.0000000000	787.1878665771	290.6211629763	15	13	625.9094632166	9|11
3	REALIZED	1292.3634913728	8	3	113235.2414624367	45189.6543464184	68045.5871160183	0.0000000000	460.9867414006	0.0000000000	1198.4307340514	420.6566765484	17	11	460.9867414006	8|9|11
3	REALIZED	1292.3634913728	8	4	99907.2752878092	57543.5455677161	42363.7297200931	0.0000000000	252.4618194616	0.0000000000	1758.1097720051	626.1192494943	18	6	252.4618194616	7|8|9|11
3	REALIZED	1292.3634913728	8	5	92609.8570910054	65537.5060123386	26168.4012540277	903.9498246391	149.3174451642	54.7148160242	2063.1506115787	796.6106223896	19	5	149.3174451642	4|7|8|9|11
3	REALIZED	1292.3634913728	8	6	87663.9945529691	60914.1960633972	25510.2199950020	1239.5784945698	143.2033560971	75.0299490406	2358.5424923715	927.5389087677	19	3	143.2033560971	0|4|7|8|9|11
3	REALIZED	1292.3634913728	8	7	85901.1730690096	59873.1735698230	24602.1265231677	1425.8729760189	137.3421646123	89.5520134455	2677.1548887108	1032.3645384123	20	3	137.3421646123	0|2|4|7|8|9|11
3	REALIZED	1292.3634913728	8	8	85063.1239451181	60034.4022316418	23512.1296679526	1516.5920455237	130.2609631145	97.3737427238	2982.9814020306	1120.7977482175	20	2	130.2609631145	0|2|4|5|7|8|9|11
3	REALIZED	1292.3634913728	8	9	85398.7751523804	59650.0458355449	23429.8185021356	2318.9108146999	129.7296945622	163.7032799450	3333.7277801670	1263.5031371504	20	2	129.7296945622	0|1|2|4|7|8|9|10|11
3	CONDITIONAL_MEAN	1591.8214963140	9	2	127437.2676711712	55634.0250772971	71803.2425938740	0.0000000000	660.2011143894	0.0000000000	954.3570251389	397.1673027416	16	17	660.2011143894	3|11
3	CONDITIONAL_MEAN	1591.8214963140	9	3	107965.0139486625	75011.4027800068	32953.6111686556	0.0000000000	296.9697701619	0.0000000000	1514.0360630925	602.6298756874	17	15	296.9697701619	3|7|11
3	CONDITIONAL_MEAN	1591.8214963140	9	4	91484.1029366540	75935.3599668719	15548.7429697821	0.0000000000	139.4110563148	0.0000000000	1642.2587853235	627.0120223002	19	12	139.4110563148	0|7|9|11
3	CONDITIONAL_MEAN	1591.8214963140	9	5	80297.6953302348	71895.2068240467	8402.4885061882	0.0000000000	68.3765800718	0.0000000000	2137.4466278425	858.5344523905	20	8	68.3765800718	0|3|7|9|11
3	CONDITIONAL_MEAN	1591.8214963140	9	6	72974.3384233606	68767.0255558892	4207.3128674714	0.0000000000	38.1210041283	0.0000000000	2415.5227885799	966.2485860126	20	6	38.1210041283	0|3|7|9|10|11
3	CONDITIONAL_MEAN	1591.8214963140	9	7	66306.3585092418	63547.0857881643	2759.2727210774	0.0000000000	20.9312975436	0.0000000000	2927.1862260357	1111.9944310786	20	4	20.9312975436	0|1|3|7|8|9|11
3	CONDITIONAL_MEAN	1591.8214963140	9	8	61373.1575604919	60801.9992096727	571.1583508191	0.0000000000	3.6864800443	0.0000000000	2990.3846901583	1140.7816339152	20	1	3.6864800443	0|1|3|6|8|9|10|11
3	CONDITIONAL_MEAN	1591.8214963140	9	9	59100.9316984187	59100.9316984187	0.0000000000	0.0000000000	0.0000000000	0.0000000000	3523.8747831124	1324.5341943453	20	0	0.0000000000	0|1|2|3|7|8|9|10|11
4	REALIZED	1861.8071150180	9	2	154090.9961122854	54471.2182643731	99619.7778479123	0.0000000000	943.8529671729	0.0000000000	954.3570251389	397.1673027416	16	17	943.8529671729	3|11
4	REALIZED	1861.8071150180	9	3	133326.8263721169	67125.5817111169	66201.2446610000	0.0000000000	651.9013303637	0.0000000000	1249.7489059316	528.0955891196	19	16	651.9013303637	0|3|11
4	REALIZED	1861.8071150180	9	4	117112.9169025220	73184.5605627739	43928.3563397481	0.0000000000	401.8801233070	0.0000000000	1809.4279438853	733.5581620655	20	13	401.8801233070	0|3|7|11
4	REALIZED	1861.8071150180	9	5	104816.1868183430	82955.0976219423	21861.0891964007	0.0000000000	262.5253245120	0.0000000000	1900.3767605902	743.0644410852	20	12	262.5253245120	0|3|5|6|11
4	REALIZED	1861.8071150180	9	6	94442.2197776524	81012.9017194335	13429.3180582188	0.0000000000	167.6964684685	0.0000000000	2178.4529213276	850.7785747074	20	8	167.6964684685	0|3|5|6|10|11
4	REALIZED	1861.8071150180	9	7	87361.4154885484	79591.6592083322	7769.7562802163	0.0000000000	89.7737409925	0.0000000000	2497.0653176669	955.6042043519	20	5	89.7737409925	0|2|3|5|6|10|11
4	REALIZED	1861.8071150180	9	8	82042.2463326089	81632.6239964935	409.6223361154	0.0000000000	2.8396000889	0.0000000000	2825.0840016241	1080.5804946769	20	2	2.8396000889	0|2|3|5|6|9|10|11
4	REALIZED	1861.8071150180	9	9	77846.4645191026	77316.3997070670	530.0648120356	0.0000000000	3.4212462253	0.0000000000	3296.2112034781	1229.2148437204	20	1	3.4212462253	0|1|3|5|6|8|9|10|11
4	CONDITIONAL_MEAN	1663.6590493040	9	2	133863.3096726024	57370.4291912813	76492.8804813211	0.0000000000	710.3106537138	0.0000000000	954.3570251389	397.1673027416	16	19	710.3106537138	3|11
4	CONDITIONAL_MEAN	1663.6590493040	9	3	113796.8886653314	77943.6439482953	35853.2447170361	0.0000000000	326.9575698991	0.0000000000	1514.0360630925	602.6298756874	17	17	326.9575698991	3|7|11
4	CONDITIONAL_MEAN	1663.6590493040	9	4	98252.5145756328	78392.7594664514	19859.7551091813	0.0000000000	181.7059978985	0.0000000000	1642.2587853235	627.0120223002	19	14	181.7059978985	0|7|9|11
4	CONDITIONAL_MEAN	1663.6590493040	9	5	85999.3644365302	76380.6194477450	9618.7449887852	0.0000000000	80.5802404597	0.0000000000	2137.4466278425	858.5344523905	20	8	80.5802404597	0|3|7|9|11
4	CONDITIONAL_MEAN	1663.6590493040	9	6	78229.5892311088	74033.1443870697	4196.4448440392	0.0000000000	31.0188576885	0.0000000000	2482.2479691813	985.0700945508	20	5	31.0188576885	0|3|6|7|9|11
4	CONDITIONAL_MEAN	1663.6590493040	9	7	70969.7922688877	67453.8018554172	3515.9904134705	0.0000000000	26.8696105917	0.0000000000	2927.1862260357	1111.9944310786	20	4	26.8696105917	0|1|3|7|8|9|11
4	CONDITIONAL_MEAN	1663.6590493040	9	8	65446.7286825837	64632.9487905448	813.7798920389	0.0000000000	5.2524546444	0.0000000000	2990.3846901583	1140.7816339152	20	1	5.2524546444	0|1|3|6|8|9|10|11
4	CONDITIONAL_MEAN	1663.6590493040	9	9	63188.5597083899	62374.7798163509	813.7798920389	0.0000000000	5.2524546444	0.0000000000	3550.0637281119	1346.2442068611	20	1	5.2524546444	0|1|3|6|7|8|9|10|11
5	REALIZED	1729.0567843884	9	2	145798.7949501349	59994.9376474029	85803.8573027319	0.0000000000	816.5204747600	0.0000000000	1018.8482205735	371.1074455972	16	17	816.5204747600	7|11
5	REALIZED	1729.0567843884	9	3	125699.9537743965	70325.3439263247	55374.6098480718	0.0000000000	555.6073292972	0.0000000000	1314.2401013663	502.0357319753	19	16	555.6073292972	0|7|11
5	REALIZED	1729.0567843884	9	4	108936.2896498286	76793.4805874901	32142.8090623385	0.0000000000	298.1893717175	0.0000000000	1809.4279438853	733.5581620655	20	12	298.1893717175	0|3|7|11
5	REALIZED	1729.0567843884	9	5	95758.4438223613	76078.9903714837	19679.4534508775	0.0000000000	179.8147740998	0.0000000000	2137.4466278425	858.5344523905	20	7	179.8147740998	0|3|7|9|11
5	REALIZED	1729.0567843884	9	6	85291.5912756907	77339.5831876534	7952.0080880374	0.0000000000	75.5950447300	0.0000000000	2443.2731411623	946.9676621957	20	6	75.5950447300	0|3|5|7|9|11
5	REALIZED	1729.0567843884	9	7	78560.9645471943	76435.1384550817	2125.8260921126	0.0000000000	25.9305971154	0.0000000000	2721.3493018997	1054.6817958179	20	4	25.9305971154	0|3|5|7|9|10|11
5	REALIZED	1729.0567843884	9	8	72339.9166261882	71042.6009876585	1297.3156385297	0.0000000000	8.3733840287	0.0000000000	3233.0127393556	1200.4276408838	20	1	8.3733840287	0|1|3|5|7|8|9|11
5	REALIZED	1729.0567843884	9	9	67770.8690631227	67447.2017112545	323.6673518683	0.0000000000	2.0890760539	0.0000000000	3511.0889000930	1308.1417745059	20	1	2.0890760539	0|1|3|5|7|8|9|10|11
5	CONDITIONAL_MEAN	1604.2921915804	9	2	128495.9365312905	57370.6832189927	71125.2533122978	0.0000000000	650.9378531964	0.0000000000	954.3570251389	397.1673027416	16	19	650.9378531964	3|11
5	CONDITIONAL_MEAN	1604.2921915804	9	3	108468.4731843003	79542.3800815995	28926.0931027009	0.0000000000	266.0776631431	0.0000000000	1514.0360630925	602.6298756874	17	14	266.0776631431	3|7|11
5	CONDITIONAL_MEAN	1604.2921915804	9	4	93074.0259852300	79213.4857995437	13860.5401856863	0.0000000000	123.8750660877	0.0000000000	1642.2587853235	627.0120223002	19	10	123.8750660877	0|7|9|11
5	CONDITIONAL_MEAN	1604.2921915804	9	5	79690.1145540182	72888.0050982895	6802.1094557287	0.0000000000	54.5289138265	0.0000000000	2137.4466278425	858.5344523905	20	5	54.5289138265	0|3|7|9|11
5	CONDITIONAL_MEAN	1604.2921915804	9	6	72619.2225052037	69528.1093459122	3091.1131592916	0.0000000000	20.6726409487	0.0000000000	2482.2479691813	985.0700945508	20	3	20.6726409487	0|3|6|7|9|11
5	CONDITIONAL_MEAN	1604.2921915804	9	7	66747.6854117211	63981.6074552907	2766.0779564304	0.0000000000	18.0951068478	0.0000000000	2893.4908366556	1115.1056081229	20	2	18.0951068478	0|3|6|7|8|9|11
5	CONDITIONAL_MEAN	1604.2921915804	9	8	62016.8033481484	61269.9322333680	746.8711147804	0.0000000000	4.8205991497	0.0000000000	2990.3846901583	1140.7816339152	20	1	4.8205991497	0|1|3|6|8|9|10|11
5	CONDITIONAL_MEAN	1604.2921915804	9	9	60012.9619653918	60012.9619653918	0.0000000000	0.0000000000	0.0000000000	0.0000000000	3296.2112034781	1229.2148437204	20	0	0.0000000000	0|1|3|5|6|8|9|10|11
6	REALIZED	2453.1620321485	9	2	230829.1214931711	57413.5435688544	173415.5779243167	0.0000000000	1498.8050070096	0.0000000000	954.3570251389	397.1673027416	16	20	1498.8050070096	3|11
6	REALIZED	2453.1620321485	9	3	206756.7810704467	96896.4362586311	109860.3448118155	0.0000000000	939.1259690560	0.0000000000	1514.0360630925	602.6298756874	17	20	939.1259690560	3|7|11
6	REALIZED	2453.1620321485	9	4	187078.6943303419	105946.8256277463	81131.8687025955	0.0000000000	693.7669621761	0.0000000000	1809.4279438853	733.5581620655	20	17	693.7669621761	0|3|7|11
6	REALIZED	2453.1620321485	9	5	169401.2851706467	113704.8985698618	55696.3866007848	0.0000000000	495.9218071978	0.0000000000	2137.4466278425	858.5344523905	20	13	495.9218071978	0|3|7|9|11
6	REALIZED	2453.1620321485	9	6	155691.0138871741	110590.3056112772	45100.7082758967	0.0000000000	404.5943500600	0.0000000000	2515.9433585614	981.9589175064	20	10	404.5943500600	0|1|3|7|9|11
6	REALIZED	2453.1620321485	9	7	144520.0697089633	116660.8943343527	27859.1753746105	0.0000000000	254.4710906408	0.0000000000	2788.0744825011	1073.5033043560	20	8	254.4710906408	0|3|5|6|7|9|11
6	REALIZED	2453.1620321485	9	8	133666.7636193826	113875.2461267928	19791.5174925898	0.0000000000	181.5625802456	0.0000000000	3199.3173499755	1203.5388179281	20	7	181.5625802456	0|3|5|6|7|8|9|11
6	REALIZED	2453.1620321485	9	9	126024.4190065156	114162.8901818240	11861.5288246916	0.0000000000	110.5181266965	0.0000000000	3477.3935107128	1311.2529515503	20	6	110.5181266965	0|3|5|6|7|8|9|10|11
6	CONDITIONAL_MEAN	2372.1237269450	9	2	216215.8984510271	57413.5435688544	158802.3548821725	0.0000000000	1417.7667018061	0.0000000000	954.3570251389	397.1673027416	16	20	1417.7667018061	3|11
6	CONDITIONAL_MEAN	2372.1237269450	9	3	192143.5580283026	96896.4362586311	95247.1217696714	0.0000000000	858.0876638525	0.0000000000	1514.0360630925	602.6298756874	17	20	858.0876638525	3|7|11
6	CONDITIONAL_MEAN	2372.1237269450	9	4	171851.8919810554	110932.0055372673	60919.8864437880	0.0000000000	538.4717862242	0.0000000000	1842.0547470497	727.6061660124	18	19	538.4717862242	3|7|9|11
6	CONDITIONAL_MEAN	2372.1237269450	9	5	152795.1678169073	112229.9937557850	40565.1740611222	0.0000000000	342.0664876740	0.0000000000	2137.4466278425	858.5344523905	20	17	342.0664876740	0|3|7|9|11
6	CONDITIONAL_MEAN	2372.1237269450	9	6	137094.1862690150	117373.7627713653	19720.4234976496	0.0000000000	175.0052838891	0.0000000000	2548.6894953168	988.5699659626	20	13	167.1331912226	0|3|7|8|9|11
6	CONDITIONAL_MEAN	2372.1237269450	9	7	125785.0568949664	112877.5437509206	12907.5131440457	0.0000000000	112.1232991606	0.0000000000	2927.1862260357	1111.9944310786	20	10	112.1232991606	0|1|3|7|8|9|11
6	CONDITIONAL_MEAN	2372.1237269450	9	8	116743.6912944229	111272.5576351522	5471.1336592706	0.0000000000	49.6759462558	0.0000000000	3199.3173499755	1203.5388179281	20	6	49.6759462558	0|3|5|6|7|8|9|11
6	CONDITIONAL_MEAN	2372.1237269450	9	9	110262.8630201624	107589.8736260706	2672.9893940918	0.0000000000	25.4874007309	0.0000000000	3477.3935107128	1311.2529515503	20	4	25.4874007309	0|3|5|6|7|8|9|10|11
7	REALIZED	1938.0415281479	9	2	164192.0521269745	47358.3114434246	116833.7406835499	0.0000000000	1096.9297389437	0.0000000000	954.3570251389	397.1673027416	16	17	1096.9297389437	3|11
7	REALIZED	1938.0415281479	9	3	144831.5123140533	73211.9694984790	71619.5428155741	0.0000000000	699.7073805736	0.0000000000	1346.8669045307	496.0837359222	17	17	699.7073805736	7|9|11
7	REALIZED	1938.0415281479	9	4	127205.3557475024	74209.5670458390	52995.7887016633	0.0000000000	520.1325943442	0.0000000000	1642.2587853235	627.0120223002	19	14	520.1325943442	0|7|9|11
7	REALIZED	1938.0415281479	9	5	112153.5201894615	78310.8659039901	33842.6542854714	0.0000000000	379.2567978098	0.0000000000	2053.5016527978	757.0475358724	19	8	379.2567978098	0|7|8|9|11
7	REALIZED	1938.0415281479	9	6	100364.1819264557	87833.2272746954	12530.9546517602	0.0000000000	124.1400299236	0.0000000000	2531.3737752615	965.3558132067	19	5	124.1400299236	3|7|8|9|10|11
7	REALIZED	1938.0415281479	9	7	90972.8849597057	83500.6048372621	7472.2801224435	0.0000000000	73.9005202513	0.0000000000	2826.7656560542	1096.2840995847	20	4	73.9005202513	0|3|7|8|9|10|11
7	REALIZED	1938.0415281479	9	8	85347.6122903462	80924.7626085904	4422.8496817558	0.0000000000	41.5862288157	0.0000000000	3205.2623867731	1219.7085647007	20	4	41.5862288157	0|1|3|7|8|9|10|11
7	REALIZED	1938.0415281479	9	9	81073.6165606161	79423.2035742462	1642.0919585268	8.3210278430	14.2077122388	0.5036601536	3510.3032263468	1390.1999375961	20	2	14.2077122388	0|1|3|4|7|8|9|10|11
7	CONDITIONAL_MEAN	1750.9853987465	9	2	146360.7562775921	56139.0664292401	90221.6898483521	0.0000000000	813.6590124865	0.0000000000	954.3570251389	397.1673027416	16	18	813.6590124865	3|11
7	CONDITIONAL_MEAN	1750.9853987465	9	3	126378.9355122090	79055.4938624775	47323.4416497315	0.0000000000	421.3343684491	0.0000000000	1514.0360630925	602.6298756874	17	16	421.3343684491	3|7|11
7	CONDITIONAL_MEAN	1750.9853987465	9	4	108845.0634144673	85318.8117280765	23526.2516863908	0.0000000000	222.1215956788	0.0000000000	1642.2587853235	627.0120223002	19	12	222.1215956788	0|7|9|11
7	CONDITIONAL_MEAN	1750.9853987465	9	5	95149.1616262985	83451.7291359091	11697.4324903894	0.0000000000	97.3922782781	0.0000000000	2137.4466278425	858.5344523905	20	8	97.3922782781	0|3|7|9|11
7	CONDITIONAL_MEAN	1750.9853987465	9	6	85236.3747082099	79398.9306539458	5837.4440542641	0.0000000000	52.0915649963	0.0000000000	2415.5227885799	966.2485860126	20	6	52.0915649963	0|3|7|9|10|11
7	CONDITIONAL_MEAN	1750.9853987465	9	7	76885.3564779620	71817.7586539515	5067.5978240104	0.0000000000	45.7746380794	0.0000000000	2826.7656560542	1096.2840995847	20	4	45.7746380794	0|3|7|8|9|10|11
7	CONDITIONAL_MEAN	1750.9853987465	9	8	71416.6039140951	69122.7267208408	2293.8771932543	0.0000000000	19.4003258201	0.0000000000	3205.2623867731	1219.7085647007	20	2	19.4003258201	0|1|3|7|8|9|10|11
7	CONDITIONAL_MEAN	1750.9853987465	9	9	68568.3155430888	68568.3155430889	0.0000000000	0.0000000000	0.0000000000	0.0000000000	3523.8747831124	1324.5341943453	20	0	0.0000000000	0|1|2|3|7|8|9|10|11
8	REALIZED	3819.3341150748	9	2	380503.3344614750	53030.6522090892	327472.6822523859	0.0000000000	2911.6729683623	0.0000000000	954.3570251389	397.1673027416	16	19	2911.6729683623	3|11
8	REALIZED	3819.3341150748	9	3	359697.6164362306	65968.4014305152	293729.2150057154	0.0000000000	2616.2810875695	0.0000000000	1249.7489059316	528.0955891196	19	19	2616.2810875695	0|3|11
8	REALIZED	3819.3341150748	9	4	338910.8212568624	97324.8655761017	241585.9556807609	0.0000000000	2148.9605804268	0.0000000000	1809.4279438853	733.5581620655	20	18	2148.9605804268	0|3|7|11
8	REALIZED	3819.3341150748	9	5	318627.2549804770	111235.3215390514	207391.9334414258	0.0000000000	1823.9092065259	0.0000000000	2137.4466278425	858.5344523905	20	17	1823.9092065259	0|3|7|9|11
8	REALIZED	3819.3341150748	9	6	300339.5080699431	134932.0072864949	165407.5007834483	0.0000000000	1514.7207510333	0.0000000000	2548.6894953168	988.5699659626	20	13	1514.7207510333	0|3|7|8|9|11
8	REALIZED	3819.3341150748	9	7	283111.8270089447	149949.4244072573	133162.4026016874	0.0000000000	1253.4041846641	0.0000000000	2854.5160086367	1077.0031757678	20	12	1253.4041846641	0|3|5|7|8|9|11
8	REALIZED	3819.3341150748	9	8	268757.1447207740	155167.9076061542	113589.2371146198	0.0000000000	1066.6405596228	0.0000000000	3233.0127393556	1200.4276408838	20	10	1066.6405596228	0|1|3|5|7|8|9|11
8	REALIZED	3819.3341150748	9	9	255568.7438334279	163951.4363243973	91617.3075090304	0.0000000000	823.2441798338	0.0000000000	3511.0889000930	1308.1417745059	20	9	823.2441798338	0|1|3|5|7|8|9|10|11
8	CONDITIONAL_MEAN	2251.0143180681	9	2	202745.0000515187	57413.5435688544	145331.4564826642	0.0000000000	1296.6572929292	0.0000000000	954.3570251389	397.1673027416	16	20	1296.6572929292	3|11
8	CONDITIONAL_MEAN	2251.0143180681	9	3	178870.7187949506	96275.3999088294	82595.3188861210	0.0000000000	743.5948547287	0.0000000000	1514.0360630925	602.6298756874	17	19	743.5948547287	3|7|11
8	CONDITIONAL_MEAN	2251.0143180681	9	4	159240.0641854095	109413.0398706068	49827.0243148026	0.0000000000	443.6605038696	0.0000000000	1842.0547470497	727.6061660124	18	17	443.6605038696	3|7|9|11
8	CONDITIONAL_MEAN	2251.0143180681	9	5	140321.1163566863	109881.3591187619	30439.7572379242	0.0000000000	254.4186864863	0.0000000000	2137.4466278425	858.5344523905	20	15	254.4186864863	0|3|7|9|11
8	CONDITIONAL_MEAN	2251.0143180681	9	6	125714.8134085577	111752.9046663878	13961.9087421698	0.0000000000	121.8658798646	0.0000000000	2548.6894953168	988.5699659626	20	10	121.8658798646	0|3|7|8|9|11
8	CONDITIONAL_MEAN	2251.0143180681	9	7	115101.6957951050	105367.9582108234	9733.7375842816	0.0000000000	82.8934046631	0.0000000000	2927.1862260357	1111.9944310786	20	6	82.8934046631	0|1|3|7|8|9|11
8	CONDITIONAL_MEAN	2251.0143180681	9	8	106719.5932033758	102710.8650373960	4008.7281659797	0.0000000000	34.4026014398	0.0000000000	3199.3173499755	1203.5388179281	20	6	34.4026014398	0|3|5|6|7|8|9|11
8	CONDITIONAL_MEAN	2251.0143180681	9	9	101000.4000468028	99369.8714987056	1630.5285480971	0.0000000000	15.6690106566	0.0000000000	3477.3935107128	1311.2529515503	20	3	15.6690106566	0|3|5|6|7|8|9|10|11
9	REALIZED	863.8541100234	7	2	54837.6256940337	34881.3699513265	19956.2557427072	0.0000000000	186.2260678798	0.0000000000	1018.8482205735	371.1074455972	16	11	186.2260678798	7|11
9	REALIZED	863.8541100234	7	3	44028.9615331919	35474.4233455731	8554.5381876189	0.0000000000	115.2139825803	0.0000000000	1099.3624047514	423.1088011898	18	8	115.2139825803	0|6|11
9	REALIZED	863.8541100234	7	4	37926.3607029117	35092.5976872128	2833.7630156988	0.0000000000	25.6476948523	0.0000000000	1427.3810887087	548.0850915147	19	5	25.6476948523	0|6|9|11
9	REALIZED	863.8541100234	7	5	34169.4672697048	32955.3697630578	1214.0975066469	0.0000000000	8.9963743340	0.0000000000	1705.4572494460	655.7992251369	20	3	8.9963743340	0|6|9|10|11
9	REALIZED	863.8541100234	7	6	32308.5037086365	31960.2776223745	348.2260862620	0.0000000000	3.4077005317	0.0000000000	2024.0696457853	760.6248547814	20	2	3.4077005317	0|2|6|9|10|11
9	REALIZED	863.8541100234	7	7	31873.5146185056	31548.6716510725	24.7965525324	300.0464149006	0.3658056321	15.0821088036	2329.8961591051	849.0580645867	20	1	0.3658056321	0|2|5|6|9|10|11
9	REALIZED	863.8541100234	7	8	32513.5441522383	31152.7356208347	0.0000000000	1360.8085314037	0.0000000000	116.1689165047	2824.2438765056	971.5897568967	20	0	0.0000000000	1|2|5|6|8|9|10|11
9	REALIZED	863.8541100234	7	9	33707.0617239446	30400.5734820823	0.0000000000	3306.4882418623	0.0000000000	239.1238248930	3119.6357572984	1102.5180432748	20	0	0.0000000000	0|1|2|5|6|8|9|10|11
9	CONDITIONAL_MEAN	1633.3600494286	9	2	132435.7810793726	57413.5435688544	75022.2375105181	0.0000000000	679.0030242897	0.0000000000	954.3570251389	397.1673027416	16	20	679.0030242897	3|11
9	CONDITIONAL_MEAN	1633.3600494286	9	3	112325.6980943913	81699.6958780896	30626.0022163016	0.0000000000	279.3636383494	0.0000000000	1514.0360630925	602.6298756874	17	14	279.3636383494	3|7|11
9	CONDITIONAL_MEAN	1633.3600494286	9	4	96360.6536077107	76480.2220586227	19880.4315490879	0.0000000000	168.9675762734	0.0000000000	1809.4279438853	733.5581620655	20	12	168.9675762734	0|3|7|11
9	CONDITIONAL_MEAN	1633.3600494286	9	5	82237.3423985566	75632.0288050885	6605.3135934681	0.0000000000	52.3085088095	0.0000000000	2137.4466278425	858.5344523905	20	6	52.3085088095	0|3|7|9|11
9	CONDITIONAL_MEAN	1633.3600494286	9	6	75622.8706032828	72549.9531093825	3072.9174939003	0.0000000000	20.6545890400	0.0000000000	2482.2479691813	985.0700945508	20	4	20.6545890400	0|3|6|7|9|11
9	CONDITIONAL_MEAN	1633.3600494286	9	7	69424.4390932018	67464.2972850689	1960.1418081329	0.0000000000	13.1067716053	0.0000000000	2927.1862260357	1111.9944310786	20	3	13.1067716053	0|1|3|7|8|9|11
9	CONDITIONAL_MEAN	1633.3600494286	9	8	64270.7688643620	63654.5481946528	616.2206697092	0.0000000000	3.9773299270	0.0000000000	2990.3846901583	1140.7816339152	20	1	3.9773299270	0|1|3|6|8|9|10|11
9	CONDITIONAL_MEAN	1633.3600494286	9	9	61169.7783152243	61169.7783152244	0.0000000000	0.0000000000	0.0000000000	0.0000000000	3296.2112034781	1229.2148437204	20	0	0.0000000000	0|1|3|5|6|8|9|10|11
10	REALIZED	1607.8202584230	9	2	126917.3366714375	56292.9245881514	70624.4120832861	0.0000000000	682.9555455691	0.0000000000	954.3570251389	397.1673027416	16	17	682.9555455691	3|11
10	REALIZED	1607.8202584230	9	3	107323.2814904152	80099.2303385245	27224.0511518907	0.0000000000	305.8174635768	0.0000000000	1514.0360630925	602.6298756874	17	14	305.8174635768	3|7|11
10	REALIZED	1607.8202584230	9	4	91727.1218203107	74448.6888660116	17278.4329542991	0.0000000000	205.7448427910	0.0000000000	1809.4279438853	733.5581620655	20	10	205.7448427910	0|3|7|11
10	REALIZED	1607.8202584230	9	5	81194.0212829795	73580.8763084042	7613.1449745752	0.0000000000	76.0576820575	0.0000000000	2137.4466278425	858.5344523905	20	7	76.0576820575	0|3|7|9|11
10	REALIZED	1607.8202584230	9	6	72737.0899028686	68652.5105095609	4084.5793933077	0.0000000000	43.5630490167	0.0000000000	2515.9433585614	981.9589175064	20	4	43.5630490167	0|1|3|7|9|11
10	REALIZED	1607.8202584230	9	7	67368.1441650316	63709.1578798020	3658.9862852296	0.0000000000	39.9276230598	0.0000000000	2860.7446999002	1108.4945596668	20	2	39.9276230598	0|1|3|6|7|9|11
10	REALIZED	1607.8202584230	9	8	63789.7964297778	61022.1472653926	2767.6491643852	0.0000000000	34.1745836373	0.0000000000	3166.5712132200	1196.9277694720	20	2	34.1745836373	0|1|3|5|6|7|9|11
10	REALIZED	1607.8202584230	9	9	60826.2310888104	59531.4389724702	947.1236872006	347.6684291396	6.1131078052	23.9705174035	3577.8140806944	1326.9632830441	20	1	6.1131078052	0|1|3|5|6|7|8|9|11
10	CONDITIONAL_MEAN	1665.2267905051	9	2	134696.3605224826	57413.5435688544	77282.8169536281	0.0000000000	710.8697653662	0.0000000000	954.3570251389	397.1673027416	16	20	710.8697653662	3|11
10	CONDITIONAL_MEAN	1665.2267905051	9	3	114005.1674968268	80960.1071527713	33045.0603440555	0.0000000000	301.5342482495	0.0000000000	1514.0360630925	602.6298756874	17	16	301.5342482495	3|7|11
10	CONDITIONAL_MEAN	1665.2267905051	9	4	98914.3876943562	80239.9342994348	18674.4533949214	0.0000000000	166.8737034243	0.0000000000	1642.2587853235	627.0120223002	19	13	166.8737034243	0|7|9|11
10	CONDITIONAL_MEAN	1665.2267905051	9	5	84765.1647056152	76702.6318461428	8062.5328594724	0.0000000000	66.1803723083	0.0000000000	2137.4466278425	858.5344523905	20	7	66.1803723083	0|3|7|9|11
10	CONDITIONAL_MEAN	1665.2267905051	9	6	77053.5540414529	73479.7677274515	3573.7863140014	0.0000000000	24.3385096492	0.0000000000	2482.2479691813	985.0700945508	20	4	24.3385096492	0|3|6|7|9|11
10	CONDITIONAL_MEAN	1665.2267905051	9	7	70471.2526424459	67288.9553366912	3182.2973057547	0.0000000000	21.2339958613	0.0000000000	2893.4908366556	1115.1056081229	20	3	21.2339958613	0|3|6|7|8|9|11
10	CONDITIONAL_MEAN	1665.2267905051	9	8	65443.2954709644	64555.5952203327	887.7002506317	0.0000000000	5.7295656355	0.0000000000	2990.3846901583	1140.7816339152	20	1	5.7295656355	0|1|3|6|8|9|10|11
10	CONDITIONAL_MEAN	1665.2267905051	9	9	63357.9321919712	62470.2319413394	887.7002506317	0.0000000000	5.7295656355	0.0000000000	3550.0637281119	1346.2442068611	20	1	5.7295656355	0|1|3|6|7|8|9|10|11
11	REALIZED	2501.6064703922	9	2	240574.5853809571	57413.5435688544	183161.0418121026	0.0000000000	1547.2494452533	0.0000000000	954.3570251389	397.1673027416	16	20	1547.2494452533	3|11
11	REALIZED	2501.6064703922	9	3	217491.9748982489	92421.1580347536	125070.8168634953	0.0000000000	1032.9129762975	0.0000000000	1514.0360630925	602.6298756874	17	15	1032.9129762975	3|7|11
11	REALIZED	2501.6064703922	9	4	197814.9418969838	105058.7539801408	92756.1879168430	0.0000000000	735.4748836441	0.0000000000	1842.0547470497	727.6061660124	18	14	735.4748836441	3|7|9|11
11	REALIZED	2501.6064703922	9	5	181153.6602692416	100405.1205962052	80748.5396730362	0.0000000000	611.5623138519	0.0000000000	2137.4466278425	858.5344523905	20	14	611.5623138519	0|3|7|9|11
11	REALIZED	2501.6064703922	9	6	164866.5226607655	115387.2497909325	49479.2728698329	0.0000000000	340.1783890403	0.0000000000	2482.2479691813	985.0700945508	20	12	340.1783890403	0|3|6|7|9|11
11	REALIZED	2501.6064703922	9	7	151145.5244908903	123184.9600225813	27960.5644683089	0.0000000000	201.4794826470	0.0000000000	2893.4908366556	1115.1056081229	20	9	200.8021268889	0|3|6|7|8|9|11
11	REALIZED	2501.6064703922	9	8	140708.4895953145	125728.3097598850	14980.1798354294	0.0000000000	105.7713058024	0.0000000000	3198.5316762293	1285.5969810182	20	6	105.7713058024	0|3|4|6|7|8|9|11
11	REALIZED	2501.6064703922	9	9	134182.5687307911	121416.4011049059	12766.1676258850	0.0000000000	86.4166617927	0.0000000000	3577.0284069482	1409.0214461342	20	5	86.4166617927	0|1|3|4|6|7|8|9|11
11	CONDITIONAL_MEAN	1769.2584285267	9	2	147497.6792855609	57413.5435688544	90084.1357167064	0.0000000000	814.9014033878	0.0000000000	954.3570251389	397.1673027416	16	20	814.9014033878	3|11
11	CONDITIONAL_MEAN	1769.2584285267	9	3	125759.0738475414	86216.6470854633	39542.4267620780	0.0000000000	358.1622746161	0.0000000000	1514.0360630925	602.6298756874	17	16	358.1622746161	3|7|11
11	CONDITIONAL_MEAN	1769.2584285267	9	4	109563.2415484351	82146.0872331709	27417.1543152641	0.0000000000	236.4039011864	0.0000000000	1809.4279438853	733.5581620655	20	14	236.4039011864	0|3|7|11
11	CONDITIONAL_MEAN	1769.2584285267	9	5	94057.7578420622	84883.0614552715	9174.6963867906	0.0000000000	75.1011737571	0.0000000000	2137.4466278425	858.5344523905	20	8	75.1011737571	0|3|7|9|11
11	CONDITIONAL_MEAN	1769.2584285267	9	6	85853.3894496472	81490.1643343341	4363.2251153131	0.0000000000	29.5967012346	0.0000000000	2482.2479691813	985.0700945508	20	5	29.5967012346	0|3|6|7|9|11
11	CONDITIONAL_MEAN	1769.2584285267	9	7	78246.9979195963	74434.5753435553	3812.4225760409	0.0000000000	25.2288287233	0.0000000000	2893.4908366556	1115.1056081229	20	4	25.2288287233	0|3|6|7|8|9|11
11	CONDITIONAL_MEAN	1769.2584285267	9	8	72968.1116173795	71861.2860337706	1106.8255836089	0.0000000000	7.1438864908	0.0000000000	2990.3846901583	1140.7816339152	20	1	7.1438864908	0|1|3|6|8|9|10|11
11	CONDITIONAL_MEAN	1769.2584285267	9	9	69862.3764932555	69646.8880304910	215.4884627645	0.0000000000	1.3908470683	0.0000000000	3296.2112034781	1229.2148437204	20	1	1.3908470683	0|1|3|5|6|8|9|10|11
12	REALIZED	1249.7141774261	9	2	118212.8645434697	45081.3265676865	73131.5379757832	0.0000000000	515.6645781674	0.0000000000	1018.8482205735	371.1074455972	16	11	515.6645781674	7|11
12	REALIZED	1249.7141774261	9	3	104344.6794535933	49657.3525503977	54687.3269031956	0.0000000000	381.3486195017	0.0000000000	1346.8669045307	496.0837359222	17	8	381.3486195017	7|9|11
12	REALIZED	1249.7141774261	9	4	92960.0839965932	58751.3615654675	34208.7224311257	0.0000000000	248.4870137253	0.0000000000	1503.4715736251	591.1480494438	19	9	248.4870137253	4|8|9|11
12	REALIZED	1249.7141774261	9	5	82232.5661681356	67788.5072428157	14444.0589253200	0.0000000000	114.2540877138	0.0000000000	2063.1506115787	796.6106223896	19	6	114.2540877138	4|7|8|9|11
12	REALIZED	1249.7141774261	9	6	75699.1347944179	66421.4194721846	8874.0558845333	403.6594377000	57.5188967327	24.4329400462	2358.5424923715	927.5389087677	19	4	57.5188967327	0|4|7|8|9|11
12	REALIZED	1249.7141774261	9	7	72298.3993260312	65154.0798833412	6720.4199754019	423.8994672882	39.2596273574	25.6580406713	2636.6186531089	1035.2530423899	20	2	39.2596273574	0|4|7|8|9|10|11
12	REALIZED	1249.7141774261	9	8	71037.7534023236	64741.5793653236	5812.3265035676	483.8475334324	33.3984358726	29.2866130995	2955.2310494481	1140.0786720344	20	2	33.3984358726	0|2|4|7|8|9|10|11
12	REALIZED	1249.7141774261	9	9	70978.8960878643	65109.6416640177	4920.9893827231	948.2650411234	27.6453964501	62.1842257736	3261.0575627680	1228.5118818396	20	2	27.6453964501	0|2|4|5|7|8|9|10|11
12	CONDITIONAL_MEAN	1225.0929657499	9	2	88898.4970866945	48034.2061376775	40864.2909490170	0.0000000000	384.5933288875	0.0000000000	954.3570251389	397.1673027416	16	16	384.5933288875	3|11
12	CONDITIONAL_MEAN	1225.0929657499	9	3	72674.9993361642	58692.3412009269	13982.6581352373	0.0000000000	132.8603509210	0.0000000000	1514.0360630925	602.6298756874	17	9	132.8603509210	3|7|11
12	CONDITIONAL_MEAN	1225.0929657499	9	4	58929.1519397584	53917.4154791355	5011.7364606230	0.0000000000	40.9501520400	0.0000000000	1642.2587853235	627.0120223002	19	5	40.9501520400	0|7|9|11
12	CONDITIONAL_MEAN	1225.0929657499	9	5	52688.8821161639	48925.2710403390	3763.6110758248	0.0000000000	30.6125342479	0.0000000000	2137.4466278425	858.5344523905	20	4	30.6125342479	0|3|7|9|11
12	CONDITIONAL_MEAN	1225.0929657499	9	6	47927.6854617936	47927.6854617936	0.0000000000	0.0000000000	0.0000000000	0.0000000000	2200.6450919650	887.3216552271	20	0	0.0000000000	0|3|6|9|10|11
12	CONDITIONAL_MEAN	1225.0929657499	9	7	44777.9181313082	44777.9181313082	0.0000000000	0.0000000000	0.0000000000	0.0000000000	2519.2574883043	992.1472848717	20	0	0.0000000000	0|2|3|6|9|10|11
12	CONDITIONAL_MEAN	1225.0929657499	9	8	42916.7531210777	42916.7531210777	0.0000000000	0.0000000000	0.0000000000	0.0000000000	2897.7542190232	1115.5717499876	20	0	0.0000000000	0|1|2|3|6|9|10|11
12	CONDITIONAL_MEAN	1225.0929657499	9	9	42904.9984362576	42542.7698012398	0.0000000000	362.2286350178	0.0000000000	23.7967977929	3203.5807323431	1204.0049597929	20	0	0.0000000000	0|1|2|3|5|6|9|10|11
13	REALIZED	2272.2858537530	9	2	207160.5538218695	56398.4891591343	150762.0646627352	0.0000000000	1328.7433465708	0.0000000000	954.3570251389	397.1673027416	16	19	1328.7433465708	3|11
13	REALIZED	2272.2858537530	9	3	186208.4644224561	86801.5137502671	99406.9506721889	0.0000000000	875.5278824079	0.0000000000	1514.0360630925	602.6298756874	17	18	875.5278824079	3|7|11
13	REALIZED	2272.2858537530	9	4	167051.2300815484	82079.7707501454	84971.4593314029	0.0000000000	738.0644277081	0.0000000000	1577.7675898889	653.0718794446	20	14	738.0644277081	0|3|9|11
13	REALIZED	2272.2858537530	9	5	149421.9592010820	99335.0741804136	50086.8850206683	0.0000000000	444.6795141294	0.0000000000	2137.4466278425	858.5344523905	20	13	444.6795141294	0|3|7|9|11
13	REALIZED	2272.2858537530	9	6	135574.6815658278	105998.2118629549	29576.4697028728	0.0000000000	279.5990482713	0.0000000000	2443.2731411623	946.9676621957	20	10	279.5990482713	0|3|5|7|9|11
13	REALIZED	2272.2858537530	9	7	123045.9794332093	102679.7183457846	20366.2610874246	0.0000000000	218.7022774907	0.0000000000	2854.5160086367	1077.0031757678	20	9	218.7022774907	0|3|5|7|8|9|11
13	REALIZED	2272.2858537530	9	8	112983.2345760287	100018.2024134063	12965.0321626223	0.0000000000	157.0278794837	0.0000000000	3132.5921693741	1184.7173093900	20	4	157.0278794837	0|3|5|7|8|9|10|11
13	REALIZED	2272.2858537530	9	9	104384.6143311483	100917.3869603097	3467.2273708385	0.0000000000	48.5011588340	0.0000000000	3477.3935107128	1311.2529515503	20	3	48.5011588340	0|3|5|6|7|8|9|10|11
13	CONDITIONAL_MEAN	1712.3421353822	9	2	139500.3608998352	57413.5435688544	82086.8173309807	0.0000000000	757.9851102434	0.0000000000	954.3570251389	397.1673027416	16	20	757.9851102434	3|11
13	CONDITIONAL_MEAN	1712.3421353822	9	3	118528.5502331077	81666.0707246941	36862.4795084136	0.0000000000	340.0126663505	0.0000000000	1514.0360630925	602.6298756874	17	17	340.0126663505	3|7|11
13	CONDITIONAL_MEAN	1712.3421353822	9	4	102793.5600997780	85225.1029706717	17568.4571291063	0.0000000000	164.5499726639	0.0000000000	1842.0547470497	727.6061660124	18	12	164.5499726639	3|7|9|11
13	CONDITIONAL_MEAN	1712.3421353822	9	5	88264.3722890143	79430.0642302096	8834.3080588047	0.0000000000	73.5064527768	0.0000000000	2137.4466278425	858.5344523905	20	8	73.5064527768	0|3|7|9|11
13	CONDITIONAL_MEAN	1712.3421353822	9	6	80108.3296877187	76270.1912785787	3838.1384091400	0.0000000000	27.0638686698	0.0000000000	2482.2479691813	985.0700945508	20	5	27.0638686698	0|3|6|7|9|11
13	CONDITIONAL_MEAN	1712.3421353822	9	7	73348.2606358346	69919.5006455164	3428.7599903182	0.0000000000	23.8174915840	0.0000000000	2893.4908366556	1115.1056081229	20	4	23.8174915840	0|3|6|7|8|9|11
13	CONDITIONAL_MEAN	1712.3421353822	9	8	68139.4147912474	67281.5566170234	857.8581742240	0.0000000000	5.5369531682	0.0000000000	2990.3846901583	1140.7816339152	20	1	5.5369531682	0|1|3|6|8|9|10|11
13	CONDITIONAL_MEAN	1712.3421353822	9	9	65732.4290806437	64874.5709064197	857.8581742240	0.0000000000	5.5369531682	0.0000000000	3550.0637281119	1346.2442068611	20	1	5.5369531682	0|1|3|6|7|8|9|10|11
14	REALIZED	1832.1078845486	9	2	174495.7033029334	53095.2841587936	121400.4191441397	0.0000000000	937.2693862006	0.0000000000	954.3570251389	397.1673027416	16	16	937.2693862006	3|11
14	REALIZED	1832.1078845486	9	3	155916.8374596226	63299.9658351576	92616.8716244649	0.0000000000	688.8565001279	0.0000000000	1249.7489059316	528.0955891196	19	14	688.8565001279	0|3|11
14	REALIZED	1832.1078845486	9	4	138462.2355640633	73178.3608173085	65283.8747467548	0.0000000000	461.0318951133	0.0000000000	1577.7675898889	653.0718794446	20	12	461.0318951133	0|3|9|11
14	REALIZED	1832.1078845486	9	5	123116.2952793076	88464.8877179751	34651.4075613324	0.0000000000	256.2432785504	0.0000000000	2137.4466278425	858.5344523905	20	10	256.2432785504	0|3|7|9|11
14	REALIZED	1832.1078845486	9	6	111200.7991415521	88762.4530863407	22438.3460552113	0.0000000000	156.3959647473	0.0000000000	2294.8369706830	871.5406028219	20	8	156.3959647473	0|3|5|8|9|11
14	REALIZED	1832.1078845486	9	7	100863.3874043755	86614.8880005533	14248.4994038223	0.0000000000	104.7026070024	0.0000000000	2639.6383120218	998.0762449823	20	6	104.7026070024	0|3|5|6|8|9|11
14	REALIZED	1832.1078845486	9	8	95558.9303039703	82439.1170266235	13119.8132773468	0.0000000000	97.1888466005	0.0000000000	2917.7144727592	1105.7903786044	20	5	97.1888466005	0|3|5|6|8|9|10|11
14	REALIZED	1832.1078845486	9	9	91858.8811343609	79143.1519805183	12715.7291538426	0.0000000000	91.5865083322	0.0000000000	3296.2112034781	1229.2148437204	20	4	91.5865083322	0|1|3|5|6|8|9|10|11
14	CONDITIONAL_MEAN	2261.9065569278	9	2	203516.0288825601	57413.5435688544	146102.4853137056	0.0000000000	1307.5495317889	0.0000000000	954.3570251389	397.1673027416	16	20	1307.5495317889	3|11
14	CONDITIONAL_MEAN	2261.9065569278	9	3	179638.3181833957	95603.8400651161	84034.4781182795	0.0000000000	758.9400824505	0.0000000000	1514.0360630925	602.6298756874	17	19	758.9400824505	3|7|11
14	CONDITIONAL_MEAN	2261.9065569278	9	4	160133.4006038842	108646.0180700985	51487.3825337856	0.0000000000	458.3266846348	0.0000000000	1842.0547470497	727.6061660124	18	17	458.3266846348	3|7|9|11
14	CONDITIONAL_MEAN	2261.9065569278	9	5	141463.4575554371	109055.0686827775	32408.3888726594	0.0000000000	271.5467232989	0.0000000000	2137.4466278425	858.5344523905	20	15	271.5467232989	0|3|7|9|11
14	CONDITIONAL_MEAN	2261.9065569278	9	6	126818.5631879513	111095.4431784935	15723.1200094576	0.0000000000	139.9276896052	0.0000000000	2548.6894953168	988.5699659626	20	9	131.8967653882	0|3|7|8|9|11
14	CONDITIONAL_MEAN	2261.9065569278	9	7	116090.4842899203	105607.3817817518	10483.1025081684	0.0000000000	91.8536990132	0.0000000000	2927.1862260357	1111.9944310786	20	6	91.8536990132	0|1|3|7|8|9|11
14	CONDITIONAL_MEAN	2261.9065569278	9	8	108000.0084197210	103160.0647565571	4839.9436631638	0.0000000000	44.4178856040	0.0000000000	3199.3173499755	1203.5388179281	20	6	44.4178856040	0|3|5|6|7|8|9|11
14	CONDITIONAL_MEAN	2261.9065569278	9	9	102099.2522386611	99805.0345551794	2294.2176834817	0.0000000000	15.4247376269	0.0000000000	3550.0637281119	1346.2442068611	20	3	15.4247376269	0|1|3|6|7|8|9|10|11
15	REALIZED	2681.9749266000	9	2	277868.4188069289	57097.3047956692	220771.1140112598	0.0000000000	1732.3676335619	0.0000000000	954.3570251389	397.1673027416	16	19	1732.3676335619	3|11
15	REALIZED	2681.9749266000	9	3	254235.9272897267	93867.1695704132	160368.7577193135	0.0000000000	1201.6547752964	0.0000000000	1514.0360630925	602.6298756874	17	17	1201.6547752964	3|7|11
15	REALIZED	2681.9749266000	9	4	236242.5581760202	104997.9740307518	131244.5841452685	0.0000000000	922.7674636309	0.0000000000	1842.0547470497	727.6061660124	18	12	922.7674636309	3|7|9|11
15	REALIZED	2681.9749266000	9	5	219173.9311326496	105398.0739140626	113775.8572185869	0.0000000000	779.2413805301	0.0000000000	2137.4466278425	858.5344523905	20	11	779.2413805301	0|3|7|9|11
15	REALIZED	2681.9749266000	9	6	204261.9457395313	115302.9302936194	88959.0154459119	0.0000000000	614.2973415935	0.0000000000	2548.6894953168	988.5699659626	20	10	573.3452415965	0|3|7|8|9|11
15	REALIZED	2681.9749266000	9	7	191577.3671270741	129818.5501594913	61758.8169675827	0.0000000000	419.0598544399	0.0000000000	2853.7303348905	1159.0613388579	20	9	419.0598544399	0|3|4|7|8|9|11
15	REALIZED	2681.9749266000	9	8	181538.4377570033	130185.7098976160	51352.7278593874	0.0000000000	320.1954431971	0.0000000000	3198.5316762293	1285.5969810182	20	8	320.1954431971	0|3|4|6|7|8|9|11
15	REALIZED	2681.9749266000	9	9	172389.1979590514	127476.7022272032	44912.4957318481	0.0000000000	274.0775156231	0.0000000000	3504.3581895491	1374.0301908235	20	6	274.0775156231	0|3|4|5|6|7|8|9|11
15	CONDITIONAL_MEAN	2107.0767832190	9	2	185836.5842870984	57413.5435688544	128423.0407182440	0.0000000000	1152.7197580801	0.0000000000	954.3570251389	397.1673027416	16	20	1152.7197580801	3|11
15	CONDITIONAL_MEAN	2107.0767832190	9	3	162115.8442178001	94561.3495608537	67554.4946569464	0.0000000000	613.0380319357	0.0000000000	1514.0360630925	602.6298756874	17	19	613.0380319357	3|7|11
15	CONDITIONAL_MEAN	2107.0767832190	9	4	142825.2578609771	107264.6639057028	35560.5939552742	0.0000000000	325.0206989231	0.0000000000	1842.0547470497	727.6061660124	18	16	325.0206989231	3|7|9|11
15	CONDITIONAL_MEAN	2107.0767832190	9	5	124982.0321335980	104476.5073564302	20505.5247771677	0.0000000000	174.7998852317	0.0000000000	2137.4466278425	858.5344523905	20	14	174.7998852317	0|3|7|9|11
15	CONDITIONAL_MEAN	2107.0767832190	9	6	112350.7288802928	100619.5092749705	11731.2196053222	0.0000000000	96.6344701400	0.0000000000	2548.6894953168	988.5699659626	20	8	90.2636521756	0|3|7|8|9|11
15	CONDITIONAL_MEAN	2107.0767832190	9	7	102847.6711310272	96157.0341194810	6690.6370115461	0.0000000000	50.3993295914	0.0000000000	2893.4908366556	1115.1056081229	20	5	50.3993295914	0|3|6|7|8|9|11
15	CONDITIONAL_MEAN	2107.0767832190	9	8	95709.4930102307	92932.6330012792	2776.8600089514	0.0000000000	20.7393555977	0.0000000000	3199.3173499755	1203.5388179281	20	3	20.7393555977	0|3|5|6|7|8|9|11
15	CONDITIONAL_MEAN	2107.0767832190	9	9	90505.6616383598	88871.2731852532	1634.3884531066	0.0000000000	10.5602853381	0.0000000000	3550.0637281119	1346.2442068611	20	2	10.5602853381	0|1|3|6|7|8|9|10|11
16	REALIZED	2418.8968734589	9	2	217953.3834326215	56835.9564602478	161117.4269723737	0.0000000000	1478.0520792160	0.0000000000	954.3570251389	397.1673027416	16	19	1478.0520792160	3|11
16	REALIZED	2418.8968734589	9	3	195340.5213761632	91742.4938376663	103598.0275384969	0.0000000000	967.1301090883	0.0000000000	1514.0360630925	602.6298756874	17	18	967.1301090883	3|7|11
16	REALIZED	2418.8968734589	9	4	175183.2842055141	102893.5286563251	72289.7555491889	0.0000000000	698.8287747172	0.0000000000	1809.4279438853	733.5581620655	20	15	698.8287747172	0|3|7|11
16	REALIZED	2418.8968734589	9	5	159174.8466044161	107742.8777526444	51431.9688517716	0.0000000000	492.0452536963	0.0000000000	2137.4466278425	858.5344523905	20	13	492.0452536963	0|3|7|9|11
16	REALIZED	2418.8968734589	9	6	144228.3394824088	114701.5844274810	29526.7550549277	0.0000000000	314.2598991551	0.0000000000	2515.9433585614	981.9589175064	20	8	314.2598991551	0|1|3|7|9|11
16	REALIZED	2418.8968734589	9	7	133034.1886358563	116651.7828516084	16382.4057842479	0.0000000000	169.4055131148	0.0000000000	2794.0195192988	1089.6730511286	20	6	169.4055131148	0|1|3|7|9|10|11
16	REALIZED	2418.8968734589	9	8	123618.6237067752	108828.8117841371	14789.8119226380	0.0000000000	176.7627710989	0.0000000000	3233.0127393556	1200.4276408838	20	6	176.7627710989	0|1|3|5|7|8|9|11
16	REALIZED	2418.8968734589	9	9	115468.8628808300	110279.4510093150	5189.4118715149	0.0000000000	57.0590561129	0.0000000000	3511.0889000930	1308.1417745059	20	2	57.0590561129	0|1|3|5|7|8|9|10|11
16	CONDITIONAL_MEAN	2007.5584959798	9	2	173979.6697996998	57413.5435688544	116566.1262308453	0.0000000000	1053.2014708409	0.0000000000	954.3570251389	397.1673027416	16	20	1053.2014708409	3|11
16	CONDITIONAL_MEAN	2007.5584959798	9	3	152004.8165119113	88023.9185007413	63980.8980111699	0.0000000000	578.9609420248	0.0000000000	1514.0360630925	602.6298756874	17	18	578.9609420248	3|7|11
16	CONDITIONAL_MEAN	2007.5584959798	9	4	133587.8065828719	99439.9597394305	34147.8468434413	0.0000000000	319.4366506715	0.0000000000	1842.0547470497	727.6061660124	18	14	319.4366506715	3|7|9|11
16	CONDITIONAL_MEAN	2007.5584959798	9	5	116321.9225338440	98649.1447486167	17672.7777852272	0.0000000000	154.3757914089	0.0000000000	2137.4466278425	858.5344523905	20	11	154.3757914089	0|3|7|9|11
16	CONDITIONAL_MEAN	2007.5584959798	9	6	104207.8513318212	94008.8272679403	10199.0240638809	0.0000000000	87.1190163407	0.0000000000	2548.6894953168	988.5699659626	20	6	87.1190163407	0|3|7|8|9|11
16	CONDITIONAL_MEAN	2007.5584959798	9	7	94952.4994716046	88442.3105796843	6510.1888919202	0.0000000000	52.8180816376	0.0000000000	2927.1862260357	1111.9944310786	20	5	52.8180816376	0|1|3|7|8|9|11
16	CONDITIONAL_MEAN	2007.5584959798	9	8	87978.1782476158	84225.5007431319	3752.6775044839	0.0000000000	32.1341593833	0.0000000000	3171.5669973930	1222.8197417451	20	4	32.1341593833	0|3|6|7|8|9|10|11
16	CONDITIONAL_MEAN	2007.5584959798	9	9	83917.7202839482	83292.8784025909	624.8418813573	0.0000000000	7.1490870941	0.0000000000	3477.3935107128	1311.2529515503	20	2	7.1490870941	0|3|5|6|7|8|9|10|11
17	REALIZED	1520.3091891578	9	2	118040.8103936224	44599.3974887680	73441.4129048544	0.0000000000	718.4458763427	0.0000000000	954.3570251389	397.1673027416	16	18	718.4458763427	3|11
17	REALIZED	1520.3091891578	9	3	98463.7269497744	52619.6972843202	45844.0296654541	0.0000000000	479.4241397389	0.0000000000	1249.7489059316	528.0955891196	19	15	479.4241397389	0|3|11
17	REALIZED	1520.3091891578	9	4	87008.7677051828	59099.8141505956	27908.9535545872	0.0000000000	272.4446001879	0.0000000000	1809.4279438853	733.5581620655	20	10	272.4446001879	0|3|7|11
17	REALIZED	1520.3091891578	9	5	78766.2187482227	61769.6481468580	16996.5706013648	0.0000000000	163.7346587323	0.0000000000	2128.0403402246	838.3837917101	20	9	163.7346587323	0|2|3|7|11
17	REALIZED	1520.3091891578	9	6	71728.7296120966	62124.9430358709	9603.7865762256	0.0000000000	98.5216754641	0.0000000000	2152.2639763281	829.0685621916	20	8	98.5216754641	0|2|3|5|10|11
17	REALIZED	1520.3091891578	9	7	65785.7995817810	59657.3667943597	6128.4327874213	0.0000000000	53.0441924168	0.0000000000	2845.1097210187	1056.8525150874	20	5	53.0441924168	0|2|3|5|7|8|11
17	REALIZED	1520.3091891578	9	8	60654.0586638083	58906.2782527008	1747.7804111075	0.0000000000	12.0039045217	0.0000000000	2942.0035745214	1082.5285408797	20	3	12.0039045217	0|1|2|3|5|8|10|11
17	REALIZED	1520.3091891578	9	9	57599.5072224758	55821.9115195949	1684.0050655231	93.5906373578	11.1197048258	6.4827674876	3270.0222584786	1207.5048312046	20	2	11.1197048258	0|1|2|3|5|8|9|10|11
17	CONDITIONAL_MEAN	1770.4797921796	9	2	148219.7481342124	57413.5435688544	90806.2045653579	0.0000000000	816.1227670408	0.0000000000	954.3570251389	397.1673027416	16	20	816.1227670408	3|11
17	CONDITIONAL_MEAN	1770.4797921796	9	3	126486.9520111592	87156.0911691043	39330.8608420548	0.0000000000	356.2022212558	0.0000000000	1514.0360630925	602.6298756874	17	16	356.2022212558	3|7|11
17	CONDITIONAL_MEAN	1770.4797921796	9	4	109797.9827336098	82734.3895711963	27063.5931624133	0.0000000000	233.2064043455	0.0000000000	1809.4279438853	733.5581620655	20	14	233.2064043455	0|3|7|11
17	CONDITIONAL_MEAN	1770.4797921796	9	5	94250.9958567457	85454.3862059726	8796.6096507730	0.0000000000	70.8621416063	0.0000000000	2137.4466278425	858.5344523905	20	8	70.8621416063	0|3|7|9|11
17	CONDITIONAL_MEAN	1770.4797921796	9	6	86269.4451514736	81979.9658965435	4289.4792549302	0.0000000000	28.4392227590	0.0000000000	2482.2479691813	985.0700945508	20	4	28.4392227590	0|3|6|7|9|11
17	CONDITIONAL_MEAN	1770.4797921796	9	7	78687.4315135236	74966.9977479016	3720.4337656220	0.0000000000	23.9266833765	0.0000000000	2893.4908366556	1115.1056081229	20	3	23.9266833765	0|3|6|7|8|9|11
17	CONDITIONAL_MEAN	1770.4797921796	9	8	73432.0468025722	72358.5169463156	1073.5298562566	0.0000000000	6.9289828056	0.0000000000	2990.3846901583	1140.7816339152	20	1	6.9289828056	0|1|3|6|8|9|10|11
17	CONDITIONAL_MEAN	1770.4797921796	9	9	69727.9167067626	69545.7239713505	182.1927354121	0.0000000000	1.1759433830	0.0000000000	3296.2112034781	1229.2148437204	20	1	1.1759433830	0|1|3|5|6|8|9|10|11
18	REALIZED	1095.6195685336	8	2	73071.4443785260	41968.9491850798	31102.4951934461	0.0000000000	364.6018645517	0.0000000000	1018.8482205735	371.1074455972	16	13	364.6018645517	7|11
18	REALIZED	1095.6195685336	8	3	60059.1376805286	45535.0935391718	14524.0441413568	0.0000000000	151.6120450602	0.0000000000	1183.0896027036	461.3671496489	18	10	151.6120450602	0|7|9
18	REALIZED	1095.6195685336	8	4	50232.8254039920	40781.4585328043	9451.3668711878	0.0000000000	106.6644443028	0.0000000000	1642.2587853235	627.0120223002	19	6	106.6644443028	0|7|9|11
18	REALIZED	1095.6195685336	8	5	45562.2714791926	39266.3284074422	6295.9430717504	0.0000000000	81.4955498518	0.0000000000	1739.1526388262	652.6880480925	20	4	81.4955498518	0|1|9|10|11
18	REALIZED	1095.6195685336	8	6	41731.3231647281	39692.0559778346	2039.2671868935	0.0000000000	17.3261027484	0.0000000000	2234.3404813452	884.2104781828	20	2	17.3261027484	0|1|3|9|10|11
18	REALIZED	1095.6195685336	8	7	39427.4292600460	39192.0759075242	0.0000000000	235.3533525218	0.0000000000	17.9390502803	2552.9528776844	989.0361078273	20	0	0.0000000000	0|1|2|3|9|10|11
18	REALIZED	1095.6195685336	8	8	39341.2768038940	38122.4800625464	0.0000000000	1218.7967413476	0.0000000000	102.1034229892	2897.7542190232	1115.5717499876	20	0	0.0000000000	0|1|2|3|6|9|10|11
18	REALIZED	1095.6195685336	8	9	39997.2895980234	37547.5956169078	0.0000000000	2449.6939811157	0.0000000000	185.6296689694	3203.5807323431	1204.0049597929	20	0	0.0000000000	0|1|2|3|5|6|9|10|11
18	CONDITIONAL_MEAN	1599.8681065620	9	2	129333.8646137448	55795.5829929253	73538.2816208195	0.0000000000	669.5806560275	0.0000000000	954.3570251389	397.1673027416	16	17	669.5806560275	3|11
18	CONDITIONAL_MEAN	1599.8681065620	9	3	109944.5485767030	75390.0699538440	34554.4786228590	0.0000000000	310.5129195481	0.0000000000	1514.0360630925	602.6298756874	17	15	310.5129195481	3|7|11
18	CONDITIONAL_MEAN	1599.8681065620	9	4	92951.1576438270	76862.5282111989	16088.6294326281	0.0000000000	150.3929318545	0.0000000000	1642.2587853235	627.0120223002	19	11	150.3929318545	0|7|9|11
18	CONDITIONAL_MEAN	1599.8681065620	9	5	81452.1883194867	72948.5549714573	8503.6333480294	0.0000000000	69.2154267262	0.0000000000	2137.4466278425	858.5344523905	20	8	69.2154267262	0|3|7|9|11
18	CONDITIONAL_MEAN	1599.8681065620	9	6	73940.4181554329	69302.0397069713	4638.3784484616	0.0000000000	35.7486778765	0.0000000000	2442.4874674161	1029.0258252858	20	6	35.7486778765	0|3|4|7|9|11
18	CONDITIONAL_MEAN	1599.8681065620	9	7	67194.3485657352	64166.0800437828	3028.2685219524	0.0000000000	22.8857153328	0.0000000000	2927.1862260357	1111.9944310786	20	4	22.8857153328	0|1|3|7|8|9|11
18	CONDITIONAL_MEAN	1599.8681065620	9	8	62233.4313874603	61520.4165489545	713.0148385058	0.0000000000	4.6020774619	0.0000000000	2990.3846901583	1140.7816339152	20	1	4.6020774619	0|1|3|6|8|9|10|11
18	CONDITIONAL_MEAN	1599.8681065620	9	9	59897.7397234872	59897.7397234872	0.0000000000	0.0000000000	0.0000000000	0.0000000000	3523.8747831124	1324.5341943453	20	0	0.0000000000	0|1|2|3|7|8|9|10|11
19	REALIZED	1583.4463620207	9	2	132915.5433807020	49503.4250648597	83412.1183158423	0.0000000000	725.2929252638	0.0000000000	954.3570251389	397.1673027416	16	17	725.2929252638	3|11
19	REALIZED	1583.4463620207	9	3	112433.7027827405	70833.8024352957	41599.9003474447	0.0000000000	340.7120796625	0.0000000000	1514.0360630925	602.6298756874	17	12	340.7120796625	3|7|11
19	REALIZED	1583.4463620207	9	4	96515.4505572855	78189.7871983634	18325.6633589221	0.0000000000	131.6050227425	0.0000000000	1842.0547470497	727.6061660124	18	8	131.6050227425	3|7|9|11
19	REALIZED	1583.4463620207	9	5	85098.1594275676	79152.4746480899	5945.6847794776	0.0000000000	45.5059930351	0.0000000000	2147.0955866234	898.0975389077	20	4	45.5059930351	3|4|7|9|11
19	REALIZED	1583.4463620207	9	6	77195.4741048012	71977.6429496038	5217.8311551974	0.0000000000	42.3048381686	0.0000000000	2631.7943452430	981.0661447005	20	5	42.3048381686	1|3|7|8|9|11
19	REALIZED	1583.4463620207	9	7	71503.6313727042	69900.0360128302	1603.5953598740	0.0000000000	14.9772182444	0.0000000000	2876.1751166002	1091.8914553670	20	4	14.9772182444	3|6|7|8|9|10|11
19	REALIZED	1583.4463620207	9	8	67185.8563987548	66604.1160905741	581.7403081807	0.0000000000	3.7547801481	0.0000000000	3254.6718473191	1215.3159204830	20	1	3.7547801481	1|3|6|7|8|9|10|11
19	REALIZED	1583.4463620207	9	9	65603.9510869990	65603.9510869990	0.0000000000	0.0000000000	0.0000000000	0.0000000000	3573.2842436584	1320.1415501275	20	0	0.0000000000	1|2|3|6|7|8|9|10|11
19	CONDITIONAL_MEAN	1630.5847985441	9	2	130728.6817620215	57382.0393048186	73346.6424572028	0.0000000000	676.5634238155	0.0000000000	954.3570251389	397.1673027416	16	19	676.5634238155	3|11
19	CONDITIONAL_MEAN	1630.5847985441	9	3	110755.9709653030	79289.7770469539	31466.1939183490	0.0000000000	285.4403185813	0.0000000000	1514.0360630925	602.6298756874	17	18	285.4403185813	3|7|11
19	CONDITIONAL_MEAN	1630.5847985441	9	4	95185.4583195474	79599.1672886074	15586.2910309399	0.0000000000	131.0862990140	0.0000000000	1642.2587853235	627.0120223002	19	12	131.0862990140	0|7|9|11
19	CONDITIONAL_MEAN	1630.5847985441	9	5	81695.7452008854	74163.7407950188	7532.0044058665	0.0000000000	60.3906935859	0.0000000000	2137.4466278425	858.5344523905	20	7	60.3906935859	0|3|7|9|11
19	CONDITIONAL_MEAN	1630.5847985441	9	6	74704.3287352362	71788.6194353715	2915.7092998646	0.0000000000	19.6451269799	0.0000000000	2482.2479691813	985.0700945508	20	3	19.6451269799	0|3|6|7|9|11
19	CONDITIONAL_MEAN	1630.5847985441	9	7	68455.9737412176	66186.6653612716	2269.3083799460	0.0000000000	16.4171022862	0.0000000000	2927.1862260357	1111.9944310786	20	4	16.4171022862	0|1|3|7|8|9|11
19	CONDITIONAL_MEAN	1630.5847985441	9	8	63060.0691359700	62547.2253901847	512.8437457853	0.0000000000	3.3100947084	0.0000000000	2990.3846901583	1140.7816339152	20	1	3.3100947084	0|1|3|6|8|9|10|11
19	CONDITIONAL_MEAN	1630.5847985441	9	9	61105.0219581404	61105.0219581405	0.0000000000	0.0000000000	0.0000000000	0.0000000000	3296.2112034781	1229.2148437204	20	0	0.0000000000	0|1|3|5|6|8|9|10|11
20	REALIZED	1643.9659284496	9	2	136097.7691140195	69652.4592725554	66445.3098414640	0.0000000000	628.4061365406	0.0000000000	1018.8482205735	371.1074455972	16	19	628.4061365406	7|11
20	REALIZED	1643.9659284496	9	3	117564.7103412812	72216.4250525421	45348.2852887391	0.0000000000	429.8716879610	0.0000000000	1314.2401013663	502.0357319753	19	15	429.8716879610	0|7|11
20	REALIZED	1643.9659284496	9	4	101934.8220127574	75481.4426076428	26453.3794051146	0.0000000000	229.6218772977	0.0000000000	1642.2587853235	627.0120223002	19	8	229.6218772977	0|7|9|11
20	REALIZED	1643.9659284496	9	5	90201.3755488577	76718.1144471474	13483.2611017102	0.0000000000	113.8929354728	0.0000000000	1987.0601266623	753.5476644606	19	6	113.8929354728	0|6|7|9|11
20	REALIZED	1643.9659284496	9	6	81160.6306043224	78451.1384168714	2709.4921874509	0.0000000000	19.0016950203	0.0000000000	2292.8866399821	841.9808742658	20	5	19.0016950203	0|5|6|7|9|11
20	REALIZED	1643.9659284496	9	7	73345.7999061178	71179.0650885111	2166.7348176067	0.0000000000	14.1618304060	0.0000000000	2704.1295074564	972.0163878379	20	2	14.1618304060	0|5|6|7|8|9|11
20	REALIZED	1643.9659284496	9	8	67772.4958708975	66406.6219749123	1365.8738959851	0.0000000000	9.0516283302	0.0000000000	3171.5669973930	1222.8197417451	20	2	9.0516283302	0|3|6|7|8|9|10|11
20	REALIZED	1643.9659284496	9	9	64414.2403252425	63394.6840122895	1019.5563129529	0.0000000000	6.8163587994	0.0000000000	3490.1793937323	1327.6453713896	20	1	6.8163587994	0|2|3|6|7|8|9|10|11
20	CONDITIONAL_MEAN	1325.0824544591	9	2	98578.1557021874	52298.4805118884	46279.6751902990	0.0000000000	432.2044719571	0.0000000000	954.3570251389	397.1673027416	16	16	432.2044719571	3|11
20	CONDITIONAL_MEAN	1325.0824544591	9	3	81009.2948058691	62950.9660157327	18058.3287901364	0.0000000000	160.4564249154	0.0000000000	1282.3757090961	522.1435930665	18	12	160.4564249154	3|9|11
20	CONDITIONAL_MEAN	1325.0824544591	9	4	66274.6245354230	60844.0935580969	5430.5309773260	0.0000000000	43.6687817666	0.0000000000	1642.2587853235	627.0120223002	19	5	43.6687817666	0|7|9|11
20	CONDITIONAL_MEAN	1325.0824544591	9	5	57882.1933422318	53662.4643543180	4219.7289879138	0.0000000000	33.8817690727	0.0000000000	2137.4466278425	858.5344523905	20	4	33.8817690727	0|3|7|9|11
20	CONDITIONAL_MEAN	1325.0824544591	9	6	52796.5734854580	52538.5448715360	258.0286139220	0.0000000000	1.5187680380	0.0000000000	2200.6450919650	887.3216552271	20	2	1.5187680380	0|3|6|9|10|11
20	CONDITIONAL_MEAN	1325.0824544591	9	7	49475.1266404332	49316.4543226865	158.6723177467	0.0000000000	0.8774835281	0.0000000000	2519.2574883043	992.1472848717	20	1	0.8774835281	0|2|3|6|9|10|11
20	CONDITIONAL_MEAN	1325.0824544591	9	8	47254.4022417821	47095.7299240354	158.6723177467	0.0000000000	0.8774835281	0.0000000000	2897.7542190232	1115.5717499876	20	1	0.8774835281	0|1|2|3|6|9|10|11
20	CONDITIONAL_MEAN	1325.0824544591	9	9	46370.5462240450	46010.7097010247	0.0000000000	359.8365230202	0.0000000000	24.9248918284	3296.2112034781	1229.2148437204	20	0	0.0000000000	0|1|3|5|6|8|9|10|11
21	REALIZED	1487.9131928489	9	2	125845.2038234163	50814.7747225049	75030.4291009114	0.0000000000	615.1875972937	0.0000000000	954.3570251389	397.1673027416	16	17	615.1875972937	3|11
21	REALIZED	1487.9131928489	9	3	107025.2055067502	61866.8025639069	45158.4029428433	0.0000000000	355.1728247161	0.0000000000	1249.7489059316	528.0955891196	19	15	355.1728247161	0|3|11
21	REALIZED	1487.9131928489	9	4	90223.3701744808	72030.6807724203	18192.6894020604	0.0000000000	129.8451278678	0.0000000000	1577.7675898889	653.0718794446	20	9	129.8451278678	0|3|9|11
21	REALIZED	1487.9131928489	9	5	78671.3495634077	73858.6092070147	4812.7403563930	0.0000000000	32.5976308840	0.0000000000	1922.5689312277	779.6075216049	20	5	32.5976308840	0|3|6|9|11
21	REALIZED	1487.9131928489	9	6	69884.9726426926	67867.5916081638	2017.3810345287	0.0000000000	12.8494343464	0.0000000000	2200.6450919650	887.3216552271	20	2	12.8494343464	0|3|6|9|10|11
21	REALIZED	1487.9131928489	9	7	64540.5665670663	63694.6448337423	845.9217333240	0.0000000000	5.4599106964	0.0000000000	2506.4716052849	975.7548650323	20	1	5.4599106964	0|3|5|6|9|10|11
21	REALIZED	1487.9131928489	9	8	62342.3631873364	62342.3631873365	0.0000000000	0.0000000000	0.0000000000	0.0000000000	2825.0840016241	1080.5804946769	20	0	0.0000000000	0|2|3|5|6|9|10|11
21	REALIZED	1487.9131928489	9	9	60351.5506111280	59085.0439021743	845.9217333240	420.5849756297	5.4599106964	29.1327709990	3296.2112034781	1229.2148437204	20	1	5.4599106964	0|1|3|5|6|8|9|10|11
21	CONDITIONAL_MEAN	1650.0359551520	9	2	134226.9112375086	57183.5309281597	77043.3803093488	0.0000000000	701.0599086806	0.0000000000	954.3570251389	397.1673027416	16	19	701.0599086806	3|11
21	CONDITIONAL_MEAN	1650.0359551520	9	3	113900.8124702909	80507.3092207702	33393.5032495208	0.0000000000	303.3413035362	0.0000000000	1514.0360630925	602.6298756874	17	16	303.3413035362	3|7|11
21	CONDITIONAL_MEAN	1650.0359551520	9	4	97799.1143861988	80811.2649579147	16987.8494282841	0.0000000000	159.6267232474	0.0000000000	1642.2587853235	627.0120223002	19	12	159.6267232474	0|7|9|11
21	CONDITIONAL_MEAN	1650.0359551520	9	5	84457.4344234050	76412.9721976182	8044.4622257867	0.0000000000	65.7072531080	0.0000000000	2137.4466278425	858.5344523905	20	7	65.7072531080	0|3|7|9|11
21	CONDITIONAL_MEAN	1650.0359551520	9	6	77108.7890562316	73479.2141595006	3629.5748967310	0.0000000000	24.7765853419	0.0000000000	2482.2479691813	985.0700945508	20	4	24.7765853419	0|3|6|7|9|11
21	CONDITIONAL_MEAN	1650.0359551520	9	7	70274.9844410245	67187.6867727642	3087.2976682603	0.0000000000	22.5430666346	0.0000000000	2927.1862260357	1111.9944310786	20	4	22.5430666346	0|1|3|7|8|9|11
21	CONDITIONAL_MEAN	1650.0359551520	9	8	65041.5460325972	64125.9364649470	915.6095676502	0.0000000000	5.9097033155	0.0000000000	2990.3846901583	1140.7816339152	20	1	5.9097033155	0|1|3|6|8|9|10|11
21	CONDITIONAL_MEAN	1650.0359551520	9	9	62987.8800345297	62963.6075877239	24.2724468058	0.0000000000	0.1566638930	0.0000000000	3296.2112034781	1229.2148437204	20	1	0.1566638930	0|1|3|5|6|8|9|10|11
22	REALIZED	989.8640550717	7	2	67816.9900363879	51659.7897887737	16157.2002476143	0.0000000000	174.6666503615	0.0000000000	1018.8482205735	371.1074455972	16	12	174.6666503615	7|11
22	REALIZED	989.8640550717	7	3	54876.2035463696	47794.5590672604	7081.6444791091	0.0000000000	59.8091975543	0.0000000000	1282.3757090961	522.1435930665	18	5	59.8091975543	3|9|11
22	REALIZED	989.8640550717	7	4	45537.5172900157	38938.2152375983	6599.3020524174	0.0000000000	54.7092864168	0.0000000000	1842.0547470497	727.6061660124	18	3	54.7092864168	3|7|9|11
22	REALIZED	989.8640550717	7	5	40618.4795117150	37175.6733292972	3442.8061824178	0.0000000000	27.3015053741	0.0000000000	2220.5514777686	851.0306311284	19	1	27.3015053741	1|3|7|9|11
22	REALIZED	989.8640550717	7	6	37453.3642613967	36354.4597564584	1098.9045049383	0.0000000000	8.7143294329	0.0000000000	2283.7499418912	879.8178339650	20	1	8.7143294329	1|3|6|9|10|11
22	REALIZED	989.8640550717	7	7	37035.0636537143	35989.8532732623	0.0000000000	1045.2103804520	0.0000000000	72.1555541501	2694.9928093655	1009.8533475371	20	0	0.0000000000	1|3|6|8|9|10|11
22	REALIZED	989.8640550717	7	8	37433.4461643723	35191.2039074013	0.0000000000	2242.2422569710	0.0000000000	163.7482135875	3013.6052057048	1114.6789771817	20	0	0.0000000000	1|2|3|6|8|9|10|11
22	REALIZED	989.8640550717	7	9	38259.0805592238	34803.2132002920	0.0000000000	3455.8673589318	0.0000000000	245.7875593718	3319.4317190246	1203.1121869869	20	0	0.0000000000	1|2|3|5|6|8|9|10|11
22	CONDITIONAL_MEAN	1494.9897532972	9	2	116823.2334933783	55494.0077278516	61329.2257655267	0.0000000000	568.7390480464	0.0000000000	954.3570251389	397.1673027416	16	16	568.7390480464	3|11
22	CONDITIONAL_MEAN	1494.9897532972	9	3	97828.2368019089	73000.6496772285	24827.5871246803	0.0000000000	228.2341258865	0.0000000000	1514.0360630925	602.6298756874	17	13	228.2341258865	3|7|11
22	CONDITIONAL_MEAN	1494.9897532972	9	4	81243.7590342766	70705.4013477018	10538.3576865747	0.0000000000	95.2015906477	0.0000000000	1642.2587853235	627.0120223002	19	8	95.2015906477	0|7|9|11
22	CONDITIONAL_MEAN	1494.9897532972	9	5	72261.9640491771	65582.6464776762	6679.3175715009	0.0000000000	54.6515305244	0.0000000000	2137.4466278425	858.5344523905	20	5	54.6515305244	0|3|7|9|11
22	CONDITIONAL_MEAN	1494.9897532972	9	6	65869.1104414830	63199.4636247267	2669.6468167563	0.0000000000	17.7150932699	0.0000000000	2482.2479691813	985.0700945508	20	3	17.7150932699	0|3|6|7|9|11
22	CONDITIONAL_MEAN	1494.9897532972	9	7	60653.4819967855	58521.3670195727	2132.1149772128	0.0000000000	15.3187922101	0.0000000000	2927.1862260357	1111.9944310786	20	3	15.3187922101	0|1|3|7|8|9|11
22	CONDITIONAL_MEAN	1494.9897532972	9	8	55982.6190599110	55361.4871854909	621.1318744201	0.0000000000	4.0090287687	0.0000000000	2990.3846901583	1140.7816339152	20	1	4.0090287687	0|1|3|6|8|9|10|11
22	CONDITIONAL_MEAN	1494.9897532972	9	9	54571.3840725192	54571.3840725192	0.0000000000	0.0000000000	0.0000000000	0.0000000000	3296.2112034781	1229.2148437204	20	0	0.0000000000	0|1|3|5|6|8|9|10|11
23	REALIZED	1419.4034194106	9	2	125229.0932490213	59145.6199787506	66083.4732702706	0.0000000000	521.6581389640	0.0000000000	1018.8482205735	371.1074455972	16	15	521.6581389640	7|11
23	REALIZED	1419.4034194106	9	3	107609.1798432969	60311.5567506866	47297.6230926103	0.0000000000	340.2446893555	0.0000000000	1314.2401013663	502.0357319753	19	14	340.2446893555	0|7|11
23	REALIZED	1419.4034194106	9	4	92101.6577340749	66143.9315749335	25957.7261591414	0.0000000000	167.8259622897	0.0000000000	1642.2587853235	627.0120223002	19	8	167.8259622897	0|7|9|11
23	REALIZED	1419.4034194106	9	5	80243.1830553685	71244.7880494837	8998.3950058849	0.0000000000	67.0280513005	0.0000000000	2053.5016527978	757.0475358724	19	6	67.0280513005	0|7|8|9|11
23	REALIZED	1419.4034194106	9	6	72209.6198776234	66489.2589945641	5720.3608830593	0.0000000000	36.9993301554	0.0000000000	2358.5424923715	927.5389087677	19	2	36.9993301554	0|4|7|8|9|11
23	REALIZED	1419.4034194106	9	7	67798.0360123971	63305.8208834559	4492.2151289413	0.0000000000	28.9945186022	0.0000000000	2664.3690056913	1015.9721185729	20	1	28.9945186022	0|4|5|7|8|9|11
23	REALIZED	1419.4034194106	9	8	65567.8631579705	60710.1926213229	4289.4450939449	568.2254427028	26.9732917847	34.3938896942	2727.5674698138	1044.7593214096	20	2	26.9732917847	0|4|5|6|8|9|10|11
23	REALIZED	1419.4034194106	9	9	64098.4005421870	60098.6094326545	3381.3516221105	618.4394874221	21.1121002999	37.4332754475	3046.1798661531	1149.5849510541	20	2	21.1121002999	0|2|4|5|6|8|9|10|11
23	CONDITIONAL_MEAN	1927.7650375500	9	2	165929.8166064168	57413.5435688544	108516.2730375623	0.0000000000	973.4080124111	0.0000000000	954.3570251389	397.1673027416	16	20	973.4080124111	3|11
23	CONDITIONAL_MEAN	1927.7650375500	9	3	144387.2341169222	87339.0166784107	57048.2174385115	0.0000000000	509.1197518963	0.0000000000	1514.0360630925	602.6298756874	17	18	509.1197518963	3|7|11
23	CONDITIONAL_MEAN	1927.7650375500	9	4	126741.7600255310	86318.1457881637	40423.6142373672	0.0000000000	345.4651388147	0.0000000000	1809.4279438853	733.5581620655	20	15	345.4651388147	0|3|7|11
23	CONDITIONAL_MEAN	1927.7650375500	9	5	109647.1155684306	95651.9730889643	13995.1424794662	0.0000000000	119.2086735664	0.0000000000	2137.4466278425	858.5344523905	20	10	119.2086735664	0|3|7|9|11
23	CONDITIONAL_MEAN	1927.7650375500	9	6	98463.1361693827	89908.4057823049	8554.7303870778	0.0000000000	70.6124873711	0.0000000000	2548.6894953168	988.5699659626	20	5	70.6124873711	0|3|7|8|9|11
23	CONDITIONAL_MEAN	1927.7650375500	9	7	89805.0430393228	84749.8339052381	5055.2091340847	0.0000000000	38.9362551774	0.0000000000	2927.1862260357	1111.9944310786	20	4	38.9362551774	0|1|3|7|8|9|11
23	CONDITIONAL_MEAN	1927.7650375500	9	8	83141.9341921495	80268.3778435115	2873.5563486380	0.0000000000	23.5926314891	0.0000000000	3171.5669973930	1222.8197417451	20	4	23.5926314891	0|3|6|7|8|9|10|11
23	CONDITIONAL_MEAN	1927.7650375500	9	9	78770.5655287060	78407.8990245000	362.6665042061	0.0000000000	4.0541081523	0.0000000000	3477.3935107128	1311.2529515503	20	2	4.0541081523	0|3|5|6|7|8|9|10|11
24	REALIZED	1824.1701666380	9	2	168117.9647598004	55731.4261894520	112386.5385703483	0.0000000000	898.8542308298	0.0000000000	954.3570251389	397.1673027416	16	17	898.8542308298	3|11
24	REALIZED	1824.1701666380	9	3	148508.3857251176	79812.2119265472	68696.1737985703	0.0000000000	529.0757017935	0.0000000000	1514.0360630925	602.6298756874	17	13	529.0757017935	3|7|11
24	REALIZED	1824.1701666380	9	4	129979.8740864026	90282.8755243706	39696.9985620319	0.0000000000	291.2017945039	0.0000000000	1842.0547470497	727.6061660124	18	11	291.2017945039	3|7|9|11
24	REALIZED	1824.1701666380	9	5	116508.9730012831	85342.6968246142	31166.2761766688	0.0000000000	202.9744975248	0.0000000000	2137.4466278425	858.5344523905	20	8	202.9744975248	0|3|7|9|11
24	REALIZED	1824.1701666380	9	6	105542.9337779430	88184.0361548217	17358.8976231213	0.0000000000	114.3693540234	0.0000000000	2548.6894953168	988.5699659626	20	4	114.3693540234	0|3|7|8|9|11
24	REALIZED	1824.1701666380	9	7	96336.1349834534	87765.8009585025	8570.3340249509	0.0000000000	52.4568915942	0.0000000000	2893.4908366556	1115.1056081229	20	4	52.4568915942	0|3|6|7|8|9|11
24	REALIZED	1824.1701666380	9	8	90552.2697855981	82168.2085038511	8384.0612817471	0.0000000000	50.6777637545	0.0000000000	3198.5316762293	1285.5969810182	20	3	50.6777637545	0|3|4|6|7|8|9|11
24	REALIZED	1824.1701666380	9	9	86647.1972280288	83588.7015118324	3058.4957161964	0.0000000000	18.7950449369	0.0000000000	3504.3581895491	1374.0301908235	20	2	18.7950449369	0|3|4|5|6|7|8|9|11
24	CONDITIONAL_MEAN	1379.1446329805	9	2	104030.4310712789	55004.5285640174	49025.9025072615	0.0000000000	454.9728295760	0.0000000000	954.3570251389	397.1673027416	16	17	454.9728295760	3|11
24	CONDITIONAL_MEAN	1379.1446329805	9	3	86012.9267620681	69456.8523994439	16556.0743626242	0.0000000000	158.4625078858	0.0000000000	1514.0360630925	602.6298756874	17	11	158.4625078858	3|7|11
24	CONDITIONAL_MEAN	1379.1446329805	9	4	71837.2949326687	65803.3434609885	6033.9514716802	0.0000000000	47.8209730512	0.0000000000	1642.2587853235	627.0120223002	19	7	47.8209730512	0|7|9|11
24	CONDITIONAL_MEAN	1379.1446329805	9	5	61668.6379895801	57114.9440502360	4553.6939393441	0.0000000000	36.0145654742	0.0000000000	2137.4466278425	858.5344523905	20	4	36.0145654742	0|3|7|9|11
24	CONDITIONAL_MEAN	1379.1446329805	9	6	56592.3497768019	54702.7456377536	1889.6041390483	0.0000000000	12.3371263799	0.0000000000	2482.2479691813	985.0700945508	20	2	12.3371263799	0|3|6|7|9|11
24	CONDITIONAL_MEAN	1379.1446329805	9	7	52856.9808886783	51524.6609131464	1332.3199755319	0.0000000000	7.6513760062	0.0000000000	2579.1418226839	1010.7461203431	20	2	7.6513760062	0|1|3|6|9|10|11
24	CONDITIONAL_MEAN	1379.1446329805	9	8	50199.4449271625	49608.3270830268	306.6674210264	284.4504231092	1.9793518317	19.7031028619	2990.3846901583	1140.7816339152	20	1	1.9793518317	0|1|3|6|8|9|10|11
24	CONDITIONAL_MEAN	1379.1446329805	9	9	49006.9706040565	48722.5201809473	0.0000000000	284.4504231092	0.0000000000	19.7031028619	3296.2112034781	1229.2148437204	20	0	0.0000000000	0|1|3|5|6|8|9|10|11
25	REALIZED	1066.0279374644	7	2	76198.6436095032	39569.6300853079	36629.0135241954	0.0000000000	349.8759109784	0.0000000000	787.1878665771	290.6211629763	15	14	349.8759109784	9|11
25	REALIZED	1066.0279374644	7	3	62345.7035274819	53861.1606600270	8484.5428674548	0.0000000000	89.0711815097	0.0000000000	1346.8669045307	496.0837359222	17	8	89.0711815097	7|9|11
25	REALIZED	1066.0279374644	7	4	54537.8626379042	49801.6915226735	4736.1711152307	0.0000000000	56.4194552307	0.0000000000	1651.9077441044	666.5751088175	19	6	56.4194552307	4|7|9|11
25	REALIZED	1066.0279374644	7	5	47859.6297988754	44531.7743901636	3327.8554087118	0.0000000000	52.0089202937	0.0000000000	2072.1153072893	775.6035717546	20	4	52.0089202937	1|3|8|9|11
25	REALIZED	1066.0279374644	7	6	43723.8604223562	43111.7827778503	612.0776445060	0.0000000000	5.8460747323	0.0000000000	2350.1914680267	883.3177053768	20	1	5.8460747323	1|3|8|9|10|11
25	REALIZED	1066.0279374644	7	7	41533.1303034537	40980.0723508951	0.0000000000	553.0579525586	0.0000000000	36.3334286482	2694.9928093655	1009.8533475371	20	0	0.0000000000	1|3|6|8|9|10|11
25	REALIZED	1066.0279374644	7	8	41677.5072003769	39968.5120004669	0.0000000000	1708.9951999101	0.0000000000	127.1078154162	3013.6052057048	1114.6789771817	20	0	0.0000000000	1|2|3|6|8|9|10|11
25	REALIZED	1066.0279374644	7	9	42670.3104009046	39794.3394619443	0.0000000000	2875.9709389603	0.0000000000	206.1070640892	3319.4317190246	1203.1121869869	20	0	0.0000000000	1|2|3|5|6|8|9|10|11
25	CONDITIONAL_MEAN	1662.2378270932	9	2	135891.4999466515	57413.5435688544	78477.9563777970	0.0000000000	707.8808019543	0.0000000000	954.3570251389	397.1673027416	16	20	707.8808019543	3|11
25	CONDITIONAL_MEAN	1662.2378270932	9	3	115465.6950567239	83014.1904575984	32451.5045991255	0.0000000000	295.1826960641	0.0000000000	1514.0360630925	602.6298756874	17	15	295.1826960641	3|7|11
25	CONDITIONAL_MEAN	1662.2378270932	9	4	99301.7003315173	77827.8277071493	21473.8726243679	0.0000000000	182.8943652888	0.0000000000	1809.4279438853	733.5581620655	20	13	182.8943652888	0|3|7|11
25	CONDITIONAL_MEAN	1662.2378270932	9	5	84899.1447506772	77867.3790127048	7031.7657379723	0.0000000000	55.4982866834	0.0000000000	2137.4466278425	858.5344523905	20	7	55.4982866834	0|3|7|9|11
25	CONDITIONAL_MEAN	1662.2378270932	9	6	77986.1383841452	74646.0850526694	3340.0533314757	0.0000000000	22.3835435403	0.0000000000	2482.2479691813	985.0700945508	20	4	22.3835435403	0|3|6|7|9|11
25	CONDITIONAL_MEAN	1662.2378270932	9	7	71464.7383945754	68596.6488849494	2868.0895096260	0.0000000000	18.6408632569	0.0000000000	2893.4908366556	1115.1056081229	20	3	18.6408632569	0|3|6|7|8|9|11
25	CONDITIONAL_MEAN	1662.2378270932	9	8	66254.9086770119	65553.3916729814	701.5170040305	0.0000000000	4.5278659279	0.0000000000	2990.3846901583	1140.7816339152	20	1	4.5278659279	0|1|3|6|8|9|10|11
25	CONDITIONAL_MEAN	1662.2378270932	9	9	62894.0757134544	62894.0757134544	0.0000000000	0.0000000000	0.0000000000	0.0000000000	3296.2112034781	1229.2148437204	20	0	0.0000000000	0|1|3|5|6|8|9|10|11
26	REALIZED	2075.1964516509	9	2	174399.2716134051	56920.6695290494	117478.6020843556	0.0000000000	1129.8079957886	0.0000000000	954.3570251389	397.1673027416	16	19	1129.8079957886	3|11
26	REALIZED	2075.1964516509	9	3	153896.0114834087	68926.9599344093	84969.0515489993	0.0000000000	844.8368682503	0.0000000000	1249.7489059316	528.0955891196	19	17	844.8368682503	0|3|11
26	REALIZED	2075.1964516509	9	4	135337.5800355735	81472.8601721459	53864.7198634276	0.0000000000	524.0856889489	0.0000000000	1809.4279438853	733.5581620655	20	12	524.0856889489	0|3|7|11
26	REALIZED	2075.1964516509	9	5	123849.6915423170	82434.7530678020	41414.9384745150	0.0000000000	428.5674880775	0.0000000000	2154.2292852240	860.0938042258	20	10	428.5674880775	0|3|6|7|11
26	REALIZED	2075.1964516509	9	6	114367.8971035478	82640.5675628836	31727.3295406642	0.0000000000	352.0797599815	0.0000000000	2460.0557985439	948.5270140311	20	9	352.0797599815	0|3|5|6|7|11
26	REALIZED	2075.1964516509	9	7	107165.6755233908	85363.9708062689	21801.7047171219	0.0000000000	219.5663063487	0.0000000000	2788.0744825011	1073.5033043560	20	9	219.5663063487	0|3|5|6|7|9|11
26	REALIZED	2075.1964516509	9	8	101170.2514997415	83621.8963574491	17548.3551422925	0.0000000000	171.0076321104	0.0000000000	3199.3173499755	1203.5388179281	20	8	171.0076321104	0|3|5|6|7|8|9|11
26	REALIZED	2075.1964516509	9	9	95759.8501634292	82695.0020090089	13064.8481544204	0.0000000000	133.0548392000	0.0000000000	3577.8140806944	1326.9632830441	20	7	133.0548392000	0|1|3|5|6|7|8|9|11
26	CONDITIONAL_MEAN	1876.3073385211	9	2	159484.4093167539	57413.5435688544	102070.8657478995	0.0000000000	921.9503133822	0.0000000000	954.3570251389	397.1673027416	16	20	921.9503133822	3|11
26	CONDITIONAL_MEAN	1876.3073385211	9	3	137947.4112261129	85603.1329191351	52344.2783069778	0.0000000000	469.3517855257	0.0000000000	1514.0360630925	602.6298756874	17	18	469.3517855257	3|7|11
26	CONDITIONAL_MEAN	1876.3073385211	9	4	121163.2037447958	94985.7940829802	26177.4096618156	0.0000000000	240.8778282756	0.0000000000	1842.0547470497	727.6061660124	18	13	240.8778282756	3|7|9|11
26	CONDITIONAL_MEAN	1876.3073385211	9	5	105050.4812365083	92055.9907693723	12994.4904671360	0.0000000000	110.1610265922	0.0000000000	2137.4466278425	858.5344523905	20	8	110.1610265922	0|3|7|9|11
26	CONDITIONAL_MEAN	1876.3073385211	9	6	94613.1515927152	85852.4304525175	8760.7211401977	0.0000000000	72.1575524317	0.0000000000	2548.6894953168	988.5699659626	20	5	72.1575524317	0|3|7|8|9|11
26	CONDITIONAL_MEAN	1876.3073385211	9	7	85878.2220543474	80608.1487683468	5270.0732860005	0.0000000000	40.6043435857	0.0000000000	2927.1862260357	1111.9944310786	20	4	40.6043435857	0|1|3|7|8|9|11
26	CONDITIONAL_MEAN	1876.3073385211	9	8	79629.0864229840	76416.3674809161	3212.7189420679	0.0000000000	26.1937512683	0.0000000000	3171.5669973930	1222.8197417451	20	4	26.1937512683	0|3|6|7|8|9|10|11
26	CONDITIONAL_MEAN	1876.3073385211	9	9	76136.8582871547	74918.0456702283	1218.8126169263	0.0000000000	7.8666947330	0.0000000000	3550.0637281119	1346.2442068611	20	1	7.8666947330	0|1|3|6|7|8|9|10|11
27	REALIZED	2236.3083497296	9	2	204182.3195317723	52805.1352787698	151377.1842530024	0.0000000000	1350.2314579758	0.0000000000	954.3570251389	397.1673027416	16	17	1350.2314579758	3|11
27	REALIZED	2236.3083497296	9	3	185877.6817845156	69100.0757449665	116777.6060395490	0.0000000000	1074.3954546639	0.0000000000	1314.2401013663	502.0357319753	19	17	1074.3954546639	0|7|11
27	REALIZED	2236.3083497296	9	4	166668.6906187563	81706.2792355179	84962.4113832383	0.0000000000	764.1267448959	0.0000000000	1642.2587853235	627.0120223002	19	15	764.1267448959	0|7|9|11
27	REALIZED	2236.3083497296	9	5	151498.3314600631	93732.4188257837	57765.9126342794	0.0000000000	567.4797438438	0.0000000000	2053.5016527978	757.0475358724	19	14	567.4797438438	0|7|8|9|11
27	REALIZED	2236.3083497296	9	6	138321.7025720611	102697.2247039153	35624.4778681456	0.0000000000	394.3215439926	0.0000000000	2358.5424923715	927.5389087677	19	11	394.3215439926	0|4|7|8|9|11
27	REALIZED	2236.3083497296	9	7	127161.8566811246	99238.6593354034	27923.1973457210	0.0000000000	294.0555206904	0.0000000000	2853.7303348905	1159.0613388579	20	9	294.0555206904	0|3|4|7|8|9|11
27	REALIZED	2236.3083497296	9	8	121445.0968678652	97936.3277359335	23508.7691319316	0.0000000000	258.3619013231	0.0000000000	3131.8064956279	1266.7754724801	20	8	258.3619013231	0|3|4|7|8|9|10|11
27	REALIZED	2236.3083497296	9	9	116255.3202581899	96230.8054592747	19866.2141572133	158.3006417018	219.5730222008	9.5817159881	3510.3032263468	1390.1999375961	20	7	219.5730222008	0|1|3|4|7|8|9|10|11
27	CONDITIONAL_MEAN	2527.2937573474	9	2	234264.3646010019	57413.5435688544	176850.8210321475	0.0000000000	1572.9367322085	0.0000000000	954.3570251389	397.1673027416	16	20	1572.9367322085	3|11
27	CONDITIONAL_MEAN	2527.2937573474	9	3	210192.0241782774	96896.4362586311	113295.5879196463	0.0000000000	1013.2576942549	0.0000000000	1514.0360630925	602.6298756874	17	20	1013.2576942549	3|7|11
27	CONDITIONAL_MEAN	2527.2937573474	9	4	189760.0315999349	111178.9983194668	78581.0332804680	0.0000000000	686.1544142960	0.0000000000	1842.0547470497	727.6061660124	18	19	686.1544142960	3|7|9|11
27	CONDITIONAL_MEAN	2527.2937573474	9	5	170258.2586548434	115445.1652432913	54813.0934115519	0.0000000000	464.7747042691	0.0000000000	2137.4466278425	858.5344523905	20	17	464.7747042691	0|3|7|9|11
27	CONDITIONAL_MEAN	2527.2937573474	9	6	153600.2512831768	123939.1662087411	29661.0850744356	0.0000000000	267.1335463935	0.0000000000	2548.6894953168	988.5699659626	20	13	214.4784704950	0|3|7|8|9|11
27	CONDITIONAL_MEAN	2527.2937573474	9	7	140185.1574409602	122956.5707547454	17228.5866862147	0.0000000000	159.5119568736	0.0000000000	2927.1862260357	1111.9944310786	20	10	159.5119568736	0|1|3|7|8|9|11
27	CONDITIONAL_MEAN	2527.2937573474	9	8	130505.0454377888	122398.3740708100	8106.6713669787	0.0000000000	82.4871182207	0.0000000000	3199.3173499755	1203.5388179281	20	7	82.4871182207	0|3|5|6|7|8|9|11
27	CONDITIONAL_MEAN	2527.2937573474	9	9	122812.3249366469	117045.0265949244	5767.2983417224	0.0000000000	58.7882169494	0.0000000000	3504.3581895491	1374.0301908235	20	4	58.7882169494	0|3|4|5|6|7|8|9|11
28	REALIZED	2786.9602365250	9	2	271600.2005660749	52945.8507304609	218654.3498356140	0.0000000000	1882.2509245844	0.0000000000	954.3570251389	397.1673027416	16	18	1882.2509245844	3|11
28	REALIZED	2786.9602365250	9	3	250794.4825408306	65883.5999518870	184910.8825889436	0.0000000000	1586.8590437916	0.0000000000	1249.7489059316	528.0955891196	19	18	1586.8590437916	0|3|11
28	REALIZED	2786.9602365250	9	4	232045.8820768033	87050.8232686697	144995.0588081334	0.0000000000	1233.8064862534	0.0000000000	1809.4279438853	733.5581620655	20	16	1233.8064862534	0|3|7|11
28	REALIZED	2786.9602365250	9	5	214950.8152993291	96772.0855765643	118178.7297227647	0.0000000000	994.9951255210	0.0000000000	2137.4466278425	858.5344523905	20	14	994.9951255210	0|3|7|9|11
28	REALIZED	2786.9602365250	9	6	199333.2996047878	105824.9396705493	93508.3599342384	0.0000000000	834.3220640088	0.0000000000	2548.6894953168	988.5699659626	20	11	834.3220640088	0|3|7|8|9|11
28	REALIZED	2786.9602365250	9	7	186572.8149977642	116777.4253528537	69795.3896449104	0.0000000000	669.0649945310	0.0000000000	2853.7303348905	1159.0613388579	20	8	669.0649945310	0|3|4|7|8|9|11
28	REALIZED	2786.9602365250	9	8	174846.8973664744	118252.1260325842	56594.7713338901	0.0000000000	557.3301679393	0.0000000000	3159.5568482103	1247.4945486631	20	6	557.3301679393	0|3|4|5|7|8|9|11
28	REALIZED	2786.9602365250	9	9	164490.8358637997	120609.3351156928	43881.5007481068	0.0000000000	408.3266561170	0.0000000000	3437.6330089477	1355.2086822853	20	4	408.3266561170	0|3|4|5|7|8|9|10|11
28	CONDITIONAL_MEAN	2046.0751316619	9	2	180351.2589162201	57413.5435688544	122937.7153473656	0.0000000000	1091.7181065231	0.0000000000	954.3570251389	397.1673027416	16	20	1091.7181065231	3|11
28	CONDITIONAL_MEAN	2046.0751316619	9	3	157650.7098113945	92468.5057135495	65182.2040978449	0.0000000000	579.1479743934	0.0000000000	1514.0360630925	602.6298756874	17	17	579.1479743934	3|7|11
28	CONDITIONAL_MEAN	2046.0751316619	9	4	138954.3062599849	92174.3990693270	46779.9071906578	0.0000000000	400.4834445534	0.0000000000	1809.4279438853	733.5581620655	20	14	400.4834445534	0|3|7|11
28	CONDITIONAL_MEAN	2046.0751316619	9	5	121472.8988293362	101752.4251382383	19720.4736910977	0.0000000000	158.0167070840	0.0000000000	2137.4466278425	858.5344523905	20	12	158.0167070840	0|3|7|9|11
28	CONDITIONAL_MEAN	2046.0751316619	9	6	108949.7066376254	98685.1041570805	10264.6024805448	0.0000000000	84.1861559648	0.0000000000	2548.6894953168	988.5699659626	20	7	84.1861559648	0|3|7|8|9|11
28	CONDITIONAL_MEAN	2046.0751316619	9	7	99317.4858787010	92943.2117117740	6374.2741669269	0.0000000000	50.3511511978	0.0000000000	2927.1862260357	1111.9944310786	20	5	50.3511511978	0|1|3|7|8|9|11
28	CONDITIONAL_MEAN	2046.0751316619	9	8	91712.5368112939	89244.9362283549	2467.6005829390	0.0000000000	19.3925391082	0.0000000000	3199.3173499755	1203.5388179281	20	4	19.3925391082	0|3|5|6|7|8|9|11
28	CONDITIONAL_MEAN	2046.0751316619	9	9	86648.3071877579	85877.4489617606	770.8582259973	0.0000000000	6.7888606303	0.0000000000	3477.3935107128	1311.2529515503	20	2	6.7888606303	0|3|5|6|7|8|9|10|11
29	REALIZED	1337.2495197967	9	2	93703.7550011278	47528.8251927188	46174.9298084090	0.0000000000	521.9266032207	0.0000000000	1018.8482205735	371.1074455972	16	15	521.9266032207	7|11
29	REALIZED	1337.2495197967	9	3	78858.5127465436	48919.1750780489	29939.3376684947	0.0000000000	365.8727871370	0.0000000000	1314.2401013663	502.0357319753	19	10	365.8727871370	0|7|11
29	REALIZED	1337.2495197967	9	4	68066.1622071337	47699.4964349218	20366.6657722118	0.0000000000	248.6606730372	0.0000000000	1642.2587853235	627.0120223002	19	7	248.6606730372	0|7|9|11
29	REALIZED	1337.2495197967	9	5	61449.2678467672	49877.1342665432	11572.1335802240	0.0000000000	112.7379545538	0.0000000000	2120.1309077871	835.3202996345	19	4	112.7379545538	3|7|9|10|11
29	REALIZED	1337.2495197967	9	6	56728.0249873855	47622.5420082527	9105.4829791329	0.0000000000	109.0713667138	0.0000000000	2456.0590241818	963.3600820350	20	5	109.0713667138	0|2|3|7|9|11
29	REALIZED	1337.2495197967	9	7	52339.8490821460	48269.4979192542	4070.3511628918	0.0000000000	68.3536344753	0.0000000000	2519.2574883043	992.1472848717	20	3	68.3536344753	0|2|3|6|9|10|11
29	REALIZED	1337.2495197967	9	8	49487.3002884086	48223.7767631289	1205.2266873976	58.2968378821	11.5063311190	3.8298409594	3112.6319156381	1194.4986807732	20	3	11.5063311190	0|1|2|3|7|9|10|11
29	REALIZED	1337.2495197967	9	9	47474.8100692126	46276.5051476664	767.5034767093	430.8014448369	8.0351794027	29.6322163158	3523.8747831124	1324.5341943453	20	2	8.0351794027	0|1|2|3|7|8|9|10|11
29	CONDITIONAL_MEAN	1964.8819054933	9	2	167809.5326868849	57413.5435688544	110395.9891180304	0.0000000000	1010.5248803544	0.0000000000	954.3570251389	397.1673027416	16	20	1010.5248803544	3|11
29	CONDITIONAL_MEAN	1964.8819054933	9	3	145406.2516955044	86901.8619940469	58504.3897014575	0.0000000000	538.4759836307	0.0000000000	1514.0360630925	602.6298756874	17	18	538.4759836307	3|7|11
29	CONDITIONAL_MEAN	1964.8819054933	9	4	127095.5508356041	98132.5025596687	28963.0482759354	0.0000000000	273.3906915463	0.0000000000	1842.0547470497	727.6061660124	18	14	273.3906915463	3|7|9|11
29	CONDITIONAL_MEAN	1964.8819054933	9	5	111342.2550927829	96305.3000218145	15036.9550709683	0.0000000000	131.3000763052	0.0000000000	2137.4466278425	858.5344523905	20	10	131.3000763052	0|3|7|9|11
29	CONDITIONAL_MEAN	1964.8819054933	9	6	100614.6840994129	90518.3584397878	10096.3256596250	0.0000000000	85.8793328412	0.0000000000	2548.6894953168	988.5699659626	20	7	85.8793328412	0|3|7|8|9|11
29	CONDITIONAL_MEAN	1964.8819054933	9	7	91567.4771032240	85327.4964234697	6239.9806797542	0.0000000000	49.1321219138	0.0000000000	2927.1862260357	1111.9944310786	20	5	49.1321219138	0|1|3|7|8|9|11
29	CONDITIONAL_MEAN	1964.8819054933	9	8	84748.8303433548	83388.4404863831	1360.3898569716	0.0000000000	8.7804897767	0.0000000000	2990.3846901583	1140.7816339152	20	1	8.7804897767	0|1|3|6|8|9|10|11
29	CONDITIONAL_MEAN	1964.8819054933	9	9	80012.7437014689	78652.3538444973	1360.3898569716	0.0000000000	8.7804897767	0.0000000000	3550.0637281119	1346.2442068611	20	1	8.7804897767	0|1|3|6|7|8|9|10|11
30	REALIZED	2169.2100393711	9	2	181762.7017538748	54993.6609848390	126769.0407690357	0.0000000000	1242.8189943251	0.0000000000	954.3570251389	397.1673027416	16	19	1242.8189943251	3|11
30	REALIZED	2169.2100393711	9	3	162176.5642473900	69312.9760797134	92863.5881676766	0.0000000000	875.4474327807	0.0000000000	1514.0360630925	602.6298756874	17	17	875.4474327807	3|7|11
30	REALIZED	2169.2100393711	9	4	148170.3986547060	78175.2841173986	69995.1145373074	0.0000000000	665.4368397752	0.0000000000	1792.1122238299	710.3440093096	18	15	665.4368397752	3|7|10|11
30	REALIZED	2169.2100393711	9	5	134618.1632850818	82810.9059641243	51807.2573209574	0.0000000000	486.5938521758	0.0000000000	2087.5041046226	841.2722956877	20	13	486.5938521758	0|3|7|10|11
30	REALIZED	2169.2100393711	9	6	122107.4787523674	87647.0865031174	34460.3922492499	0.0000000000	303.4259120735	0.0000000000	2432.3054459614	967.8079378480	20	10	303.4259120735	0|3|6|7|10|11
30	REALIZED	2169.2100393711	9	7	111855.0583736637	94632.8294019323	17222.2289717313	0.0000000000	144.9077925396	0.0000000000	2750.9178423007	1072.6335674926	20	8	144.9077925396	0|2|3|6|7|10|11
30	REALIZED	2169.2100393711	9	8	104348.7423524567	94227.5314561601	10121.2108962966	0.0000000000	78.1616437227	0.0000000000	3032.6837149555	1078.1786962511	20	6	78.1616437227	0|1|5|6|7|8|10|11
30	REALIZED	2169.2100393711	9	9	97951.8658052093	89148.0977491993	8803.7680560101	0.0000000000	66.4511504574	0.0000000000	3540.6574404940	1326.0935461807	20	4	66.4511504574	0|1|2|3|6|7|8|10|11
30	CONDITIONAL_MEAN	2378.0444191841	9	2	216833.0776431058	57413.5435688544	159419.5340742513	0.0000000000	1423.6873940452	0.0000000000	954.3570251389	397.1673027416	16	20	1423.6873940452	3|11
30	CONDITIONAL_MEAN	2378.0444191841	9	3	192760.7372203813	96896.4362586311	95864.3009617501	0.0000000000	864.0083560916	0.0000000000	1514.0360630925	602.6298756874	17	20	864.0083560916	3|7|11
30	CONDITIONAL_MEAN	2378.0444191841	9	4	172441.8532772059	110979.9125423676	61461.9407348382	0.0000000000	542.9402132658	0.0000000000	1842.0547470497	727.6061660124	18	19	542.9402132658	3|7|9|11
30	CONDITIONAL_MEAN	2378.0444191841	9	5	153537.2602383040	111352.7024108886	42184.5578274153	0.0000000000	357.1051267324	0.0000000000	2137.4466278425	858.5344523905	20	16	357.1051267324	0|3|7|9|11
30	CONDITIONAL_MEAN	2378.0444191841	9	6	138124.7424711007	115438.5465271079	22686.1959439926	0.0000000000	198.2895191790	0.0000000000	2548.6894953168	988.5699659626	20	10	153.7402760402	0|3|7|8|9|11
30	CONDITIONAL_MEAN	2378.0444191841	9	7	126129.9578225142	113580.7031012780	12549.2547212361	0.0000000000	110.6397011932	0.0000000000	2927.1862260357	1111.9944310786	20	7	110.6397011932	0|1|3|7|8|9|11
30	CONDITIONAL_MEAN	2378.0444191841	9	8	117249.1356982756	111484.8499522599	5764.2857460156	0.0000000000	54.6154882735	0.0000000000	3199.3173499755	1203.5388179281	20	6	54.6154882735	0|3|5|6|7|8|9|11
30	CONDITIONAL_MEAN	2378.0444191841	9	9	110817.6271246518	108023.6878922657	2793.9392323861	0.0000000000	18.8549111340	0.0000000000	3550.0637281119	1346.2442068611	20	3	18.8549111340	0|1|3|6|7|8|9|10|11
31	REALIZED	1736.3269008995	9	2	139368.6155032439	56564.2079190563	82804.4075841876	0.0000000000	801.8394664028	0.0000000000	954.3570251389	397.1673027416	16	19	801.8394664028	3|11
31	REALIZED	1736.3269008995	9	3	117588.6608756734	84643.6791716438	32944.9817040296	0.0000000000	330.7821369455	0.0000000000	1514.0360630925	602.6298756874	17	13	330.7821369455	3|7|11
31	REALIZED	1736.3269008995	9	4	101274.2762733969	76689.8655786491	24584.4106947477	0.0000000000	244.8511877550	0.0000000000	1809.4279438853	733.5581620655	20	10	244.8511877550	0|3|7|11
31	REALIZED	1736.3269008995	9	5	91070.0288786374	73631.9755689826	17438.0533096548	0.0000000000	174.5383241323	0.0000000000	2154.2292852240	860.0938042258	20	8	174.5383241323	0|3|6|7|11
31	REALIZED	1736.3269008995	9	6	82164.9331991379	71712.4618936326	10452.4713055053	0.0000000000	84.0304693737	0.0000000000	2482.2479691813	985.0700945508	20	6	84.0304693737	0|3|6|7|9|11
31	REALIZED	1736.3269008995	9	7	76232.0147229458	72561.0723194299	3670.9424035159	0.0000000000	31.3405264100	0.0000000000	2740.1481673556	1037.8939452768	20	4	31.3405264100	0|3|5|6|7|8|9
31	REALIZED	1736.3269008995	9	8	71622.4825975530	69179.7035681462	2442.7790294068	0.0000000000	17.8224559607	0.0000000000	3118.6448980745	1161.3184103928	20	3	17.8224559607	0|1|3|5|6|7|8|9
31	REALIZED	1736.3269008995	9	9	67411.3393711264	64850.6096336914	2305.4228416764	255.3068957586	15.7052555201	17.6844104273	3577.8140806944	1326.9632830441	20	2	15.7052555201	0|1|3|5|6|7|8|9|11
31	CONDITIONAL_MEAN	1871.5800839193	9	2	158815.7101288254	57300.4016477704	101515.3084810550	0.0000000000	919.8699318476	0.0000000000	954.3570251389	397.1673027416	16	19	919.8699318476	3|11
31	CONDITIONAL_MEAN	1871.5800839193	9	3	137766.0441470603	83084.6874148296	54681.3567322307	0.0000000000	489.4241056631	0.0000000000	1514.0360630925	602.6298756874	17	17	489.4241056631	3|7|11
31	CONDITIONAL_MEAN	1871.5800839193	9	4	120977.2859208315	92509.4823015237	28467.8036193078	0.0000000000	260.1106041762	0.0000000000	1842.0547470497	727.6061660124	18	14	260.1106041762	3|7|9|11
31	CONDITIONAL_MEAN	1871.5800839193	9	5	105346.5151711813	90861.5989777330	14484.9161934483	0.0000000000	122.2657817767	0.0000000000	2137.4466278425	858.5344523905	20	9	122.2657817767	0|3|7|9|11
31	CONDITIONAL_MEAN	1871.5800839193	9	6	94384.7809776599	85172.2879526916	9212.4930249682	0.0000000000	76.8956116435	0.0000000000	2548.6894953168	988.5699659626	20	5	76.8956116435	0|3|7|8|9|11
31	CONDITIONAL_MEAN	1871.5800839193	9	7	85426.2965066838	79799.4697019582	5626.8268047256	0.0000000000	44.0250408985	0.0000000000	2927.1862260357	1111.9944310786	20	4	44.0250408985	0|1|3|7|8|9|11
31	CONDITIONAL_MEAN	1871.5800839193	9	8	78827.0357765337	75202.2274271196	3624.8083494141	0.0000000000	30.6171278306	0.0000000000	3171.5669973930	1222.8197417451	20	4	30.6171278306	0|3|6|7|8|9|10|11
31	CONDITIONAL_MEAN	1871.5800839193	9	9	75474.7879357242	74280.0450668545	1194.7428688697	0.0000000000	7.7113391372	0.0000000000	3550.0637281119	1346.2442068611	20	1	7.7113391372	0|1|3|6|7|8|9|10|11
32	REALIZED	1359.9925251895	9	2	101357.7726838378	53430.1566500525	47927.6160337853	0.0000000000	451.6732831221	0.0000000000	954.3570251389	397.1673027416	16	18	451.6732831221	3|11
32	REALIZED	1359.9925251895	9	3	85847.1870244947	60588.7795779237	25258.4074465710	0.0000000000	241.5659007022	0.0000000000	1514.0360630925	602.6298756874	17	11	241.5659007022	3|7|11
32	REALIZED	1359.9925251895	9	4	73596.2285999911	60935.2522597135	12660.9763402776	0.0000000000	113.6205552284	0.0000000000	1809.4279438853	733.5581620655	20	10	113.6205552284	0|3|7|11
32	REALIZED	1359.9925251895	9	5	65659.6842804884	55597.6160026535	10062.0682778348	0.0000000000	89.1108262911	0.0000000000	1987.0601266623	753.5476644606	19	7	89.1108262911	0|6|7|9|11
32	REALIZED	1359.9925251895	9	6	59152.3384217924	56426.3816698602	2725.9567519322	0.0000000000	28.9633933984	0.0000000000	2200.6450919650	887.3216552271	20	4	28.9633933984	0|3|6|9|10|11
32	REALIZED	1359.9925251895	9	7	54068.4183919928	53782.8374370079	285.5809549849	0.0000000000	4.2129695903	0.0000000000	2662.3660062010	1015.8053435902	20	1	4.2129695903	0|1|3|6|8|10|11
32	REALIZED	1359.9925251895	9	8	50920.3778566336	50634.7969016487	285.5809549849	0.0000000000	4.2129695903	0.0000000000	2990.3846901583	1140.7816339152	20	1	4.2129695903	0|1|3|6|8|9|10|11
32	REALIZED	1359.9925251895	9	9	50220.0686542264	49934.4876992415	285.5809549849	0.0000000000	4.2129695903	0.0000000000	3296.2112034781	1229.2148437204	20	1	4.2129695903	0|1|3|5|6|8|9|10|11
32	CONDITIONAL_MEAN	2092.2012547781	9	2	184162.4034417162	57413.5435688544	126748.8598728617	0.0000000000	1137.8442296393	0.0000000000	954.3570251389	397.1673027416	16	20	1137.8442296393	3|11
32	CONDITIONAL_MEAN	2092.2012547781	9	3	160375.8169060339	94998.6563105499	65377.1605954840	0.0000000000	594.4174779083	0.0000000000	1514.0360630925	602.6298756874	17	19	594.4174779083	3|7|11
32	CONDITIONAL_MEAN	2092.2012547781	9	4	140953.1221508858	107840.1147317885	33113.0074190972	0.0000000000	308.0703096237	0.0000000000	1842.0547470497	727.6061660124	18	16	308.0703096237	3|7|9|11
32	CONDITIONAL_MEAN	2092.2012547781	9	5	123076.2074725399	104435.8976691771	18640.3098033627	0.0000000000	162.9408893402	0.0000000000	2137.4466278425	858.5344523905	20	14	162.9408893402	0|3|7|9|11
32	CONDITIONAL_MEAN	2092.2012547781	9	6	110848.0146721691	100121.0904387084	10726.9242334606	0.0000000000	88.1469535481	0.0000000000	2548.6894953168	988.5699659626	20	8	86.1699456110	0|3|7|8|9|11
32	CONDITIONAL_MEAN	2092.2012547781	9	7	101515.2173796777	95236.8685645531	6278.3488151246	0.0000000000	46.8433532889	0.0000000000	2893.4908366556	1115.1056081229	20	5	46.8433532889	0|3|6|7|8|9|11
32	CONDITIONAL_MEAN	2092.2012547781	9	8	94453.7379049622	91866.9810305493	2586.7568744129	0.0000000000	19.2631922867	0.0000000000	3199.3173499755	1203.5388179281	20	3	19.2631922867	0|3|5|6|7|8|9|11
32	CONDITIONAL_MEAN	2092.2012547781	9	9	89439.9926136603	87878.0758459248	1561.9167677355	0.0000000000	10.0812235116	0.0000000000	3577.8140806944	1326.9632830441	20	1	10.0812235116	0|1|3|5|6|7|8|9|11
33	REALIZED	1792.6637626402	9	2	164971.8574248366	48412.1623331061	116559.6950917304	0.0000000000	961.0318976265	0.0000000000	954.3570251389	397.1673027416	16	17	961.0318976265	3|11
33	REALIZED	1792.6637626402	9	3	144594.3274609574	60575.1592120319	84019.1682489255	0.0000000000	674.5936366210	0.0000000000	1249.7489059316	528.0955891196	19	16	674.5936366210	0|3|11
33	REALIZED	1792.6637626402	9	4	127191.0600548303	68341.5105365916	58849.5495182387	0.0000000000	429.8102684241	0.0000000000	1577.7675898889	653.0718794446	20	12	429.8102684241	0|3|9|11
33	REALIZED	1792.6637626402	9	5	112665.2815060065	78500.2439322296	34165.0375737768	0.0000000000	208.3665890829	0.0000000000	2137.4466278425	858.5344523905	20	7	208.3665890829	0|3|7|9|11
33	REALIZED	1792.6637626402	9	6	100809.3682736951	85714.8552600811	15094.5130136140	0.0000000000	96.0137757364	0.0000000000	2548.6894953168	988.5699659626	20	6	96.0137757364	0|3|7|8|9|11
33	REALIZED	1792.6637626402	9	7	91452.9956741699	88392.1547146727	3060.8409594972	0.0000000000	20.3348291065	0.0000000000	2853.7303348905	1159.0613388579	20	2	20.3348291065	0|3|4|7|8|9|11
33	REALIZED	1792.6637626402	9	8	86302.6948078538	85029.5750106587	1273.1197971951	0.0000000000	8.5115860910	0.0000000000	3159.5568482103	1247.4945486631	20	1	8.5115860910	0|3|4|5|7|8|9|11
33	REALIZED	1792.6637626402	9	9	83786.0972653324	83360.4652462347	314.9696851256	110.6623339720	2.1057653780	6.6982359851	3538.0535789292	1370.9190137791	20	1	2.1057653780	0|1|3|4|5|7|8|9|11
33	CONDITIONAL_MEAN	1475.2200780778	9	2	113969.3962405427	55025.9678499361	58943.4283906065	0.0000000000	550.9543536468	0.0000000000	954.3570251389	397.1673027416	16	16	550.9543536468	3|11
33	CONDITIONAL_MEAN	1475.2200780778	9	3	94989.7702640650	72356.0913797741	22633.6788842908	0.0000000000	209.9043926856	0.0000000000	1514.0360630925	602.6298756874	17	13	209.9043926856	3|7|11
33	CONDITIONAL_MEAN	1475.2200780778	9	4	78988.6037579449	69510.1852031256	9478.4185548193	0.0000000000	79.0401773111	0.0000000000	1642.2587853235	627.0120223002	19	10	79.0401773111	0|7|9|11
33	CONDITIONAL_MEAN	1475.2200780778	9	5	69877.9124895178	63728.3210971439	6149.5913923739	0.0000000000	50.1596952276	0.0000000000	2137.4466278425	858.5344523905	20	6	50.1596952276	0|3|7|9|11
33	CONDITIONAL_MEAN	1475.2200780778	9	6	63814.6725714682	60833.4415936639	2981.2309778043	0.0000000000	21.9586678001	0.0000000000	2515.9433585614	981.9589175064	20	4	21.9586678001	0|1|3|7|9|11
33	CONDITIONAL_MEAN	1475.2200780778	9	7	58901.4703242992	57201.9354759456	1699.5348483537	0.0000000000	11.8157609312	0.0000000000	2927.1862260357	1111.9944310786	20	3	11.8157609312	0|1|3|7|8|9|11
33	CONDITIONAL_MEAN	1475.2200780778	9	8	54382.4917708035	53920.0432113534	439.7811931867	22.6673662634	2.8385203337	1.5701064678	2990.3846901583	1140.7816339152	20	1	2.8385203337	0|1|3|6|8|9|10|11
33	CONDITIONAL_MEAN	1475.2200780778	9	9	53061.4789529405	53038.8115866771	0.0000000000	22.6673662634	0.0000000000	1.5701064678	3296.2112034781	1229.2148437204	20	0	0.0000000000	0|1|3|5|6|8|9|10|11
34	REALIZED	1653.6973816804	9	2	148323.9148245675	48691.5376923350	99632.3771322324	0.0000000000	792.3545917683	0.0000000000	954.3570251389	397.1673027416	16	18	792.3545917683	3|11
34	REALIZED	1653.6973816804	9	3	127807.1908414388	60155.0170312112	67652.1738102275	0.0000000000	514.8249146813	0.0000000000	1249.7489059316	528.0955891196	19	15	514.8249146813	0|3|11
34	REALIZED	1653.6973816804	9	4	109058.4097905058	69829.6402325023	39228.7695580035	0.0000000000	274.7422478789	0.0000000000	1577.7675898889	653.0718794446	20	12	274.7422478789	0|3|9|11
34	REALIZED	1653.6973816804	9	5	94509.7944260502	74063.9003112479	20445.8941148023	0.0000000000	144.1985263545	0.0000000000	1883.5941032087	741.5050892498	20	8	144.1985263545	0|3|5|9|11
34	REALIZED	1653.6973816804	9	6	85443.9991057232	72491.5823431594	12952.4167625638	0.0000000000	94.8232506102	0.0000000000	2228.3954445475	868.0407314102	20	6	94.8232506102	0|3|5|6|9|11
34	REALIZED	1653.6973816804	9	7	81002.7192364972	72871.1442174470	8131.5750190502	0.0000000000	62.9366453297	0.0000000000	2639.6383120218	998.0762449823	20	5	62.9366453297	0|3|5|6|8|9|11
34	REALIZED	1653.6973816804	9	8	76699.9760984846	70786.4676567729	5913.5084417118	0.0000000000	48.8958114955	0.0000000000	2917.7144727592	1105.7903786044	20	4	48.8958114955	0|3|5|6|8|9|10|11
34	REALIZED	1653.6973816804	9	9	74536.3407452221	69827.1488030631	4709.1919421591	0.0000000000	41.4867988936	0.0000000000	3236.3268690985	1210.6160082490	20	3	41.4867988936	0|2|3|5|6|8|9|10|11
34	CONDITIONAL_MEAN	2099.3026518231	9	2	185892.3009195188	57413.5435688544	128478.7573506643	0.0000000000	1144.9456266843	0.0000000000	954.3570251389	397.1673027416	16	20	1144.9456266843	3|11
34	CONDITIONAL_MEAN	2099.3026518231	9	3	162602.4216379797	94442.9430908369	68159.4785471427	0.0000000000	611.4064149958	0.0000000000	1514.0360630925	602.6298756874	17	19	611.4064149958	3|7|11
34	CONDITIONAL_MEAN	2099.3026518231	9	4	143739.3232714387	106547.6541450006	37191.6691264379	0.0000000000	337.4368944092	0.0000000000	1842.0547470497	727.6061660124	18	16	337.4368944092	3|7|9|11
34	CONDITIONAL_MEAN	2099.3026518231	9	5	125209.2477024014	104751.4241220891	20457.8235803122	0.0000000000	171.6292599306	0.0000000000	2137.4466278425	858.5344523905	20	13	171.6292599306	0|3|7|9|11
34	CONDITIONAL_MEAN	2099.3026518231	9	6	112360.2137880639	101759.9074443459	10600.3063437179	0.0000000000	87.0368151915	0.0000000000	2548.6894953168	988.5699659626	20	7	87.0368151915	0|3|7|8|9|11
34	CONDITIONAL_MEAN	2099.3026518231	9	7	102574.8844640397	95903.1799094608	6671.7045545789	0.0000000000	52.4745449418	0.0000000000	2927.1862260357	1111.9944310786	20	5	52.4745449418	0|1|3|7|8|9|11
34	CONDITIONAL_MEAN	2099.3026518231	9	8	94940.6096080690	92498.0681151503	2442.5414929187	0.0000000000	18.1846937546	0.0000000000	3199.3173499755	1203.5388179281	20	3	18.1846937546	0|3|5|6|7|8|9|11
34	CONDITIONAL_MEAN	2099.3026518231	9	9	89931.2627560352	89127.8705003663	803.3922556688	0.0000000000	7.4511040648	0.0000000000	3477.3935107128	1311.2529515503	20	2	7.4511040648	0|3|5|6|7|8|9|10|11
35	REALIZED	1956.5766298067	9	2	160063.5768965048	57161.5343230337	102902.0425734710	0.0000000000	1006.8052841659	0.0000000000	954.3570251389	397.1673027416	16	19	1006.8052841659	3|11
35	REALIZED	1956.5766298067	9	3	139283.5823171518	79192.6037531848	60090.9785639670	0.0000000000	579.3242236601	0.0000000000	1514.0360630925	602.6298756874	17	17	579.3242236601	3|7|11
35	REALIZED	1956.5766298067	9	4	123048.6979840598	92057.2359681180	30991.4620159418	0.0000000000	327.7927828311	0.0000000000	1858.8374044313	729.1655178478	19	12	327.7927828311	3|6|7|11
35	REALIZED	1956.5766298067	9	5	108231.9552860449	84206.3215135377	24025.6337725071	0.0000000000	254.6072427088	0.0000000000	2154.2292852240	860.0938042258	20	11	254.6072427088	0|3|6|7|11
35	REALIZED	1956.5766298067	9	6	100999.0648806124	85769.2052974014	15229.8595832110	0.0000000000	180.8946111834	0.0000000000	2460.0557985439	948.5270140311	20	7	180.8946111834	0|3|5|6|7|11
35	REALIZED	1956.5766298067	9	7	93959.1230861964	81279.2934813139	12679.8296048825	0.0000000000	159.7842110388	0.0000000000	2838.5525292628	1071.9514791470	20	7	159.7842110388	0|1|3|5|6|7|11
35	REALIZED	1956.5766298067	9	8	87785.6845775109	82450.2654600364	5335.4191174745	0.0000000000	62.6700361461	0.0000000000	3116.6286900002	1179.6656127692	20	5	62.6700361461	0|1|3|5|6|7|10|11
35	REALIZED	1956.5766298067	9	9	83061.6935332098	79752.1941484248	3087.4619106085	222.0374741766	37.4436189738	15.3799285833	3527.8715574745	1309.7011263413	20	4	37.4436189738	0|1|3|5|6|7|8|10|11
35	CONDITIONAL_MEAN	2294.9100693130	9	2	208349.2140446026	57413.5435688544	150935.6704757481	0.0000000000	1340.5530441741	0.0000000000	954.3570251389	397.1673027416	16	20	1340.5530441741	3|11
35	CONDITIONAL_MEAN	2294.9100693130	9	3	184276.8736218782	96896.4362586311	87380.4373632469	0.0000000000	780.8740062205	0.0000000000	1514.0360630925	602.6298756874	17	20	780.8740062205	3|7|11
35	CONDITIONAL_MEAN	2294.9100693130	9	4	164915.4466668152	109675.0862545520	55240.3604122631	0.0000000000	488.5605875244	0.0000000000	1842.0547470497	727.6061660124	18	18	488.5605875244	3|7|9|11
35	CONDITIONAL_MEAN	2294.9100693130	9	5	145704.3231224789	111997.3951846727	33706.9279378060	0.0000000000	283.5375409777	0.0000000000	2137.4466278425	858.5344523905	20	16	283.5375409777	0|3|7|9|11
35	CONDITIONAL_MEAN	2294.9100693130	9	6	130807.1671990976	115082.4425007361	15724.7246983614	0.0000000000	141.5521282668	0.0000000000	2548.6894953168	988.5699659626	20	10	136.2779274788	0|3|7|8|9|11
35	CONDITIONAL_MEAN	2294.9100693130	9	7	119548.7920465032	108842.2027165147	10706.5893299884	0.0000000000	97.0792125828	0.0000000000	2927.1862260357	1111.9944310786	20	6	97.0792125828	0|1|3|7|8|9|11
35	CONDITIONAL_MEAN	2294.9100693130	9	8	110940.4502030706	105838.8259276681	5101.6242754024	0.0000000000	49.7471960687	0.0000000000	3199.3173499755	1203.5388179281	20	6	49.7471960687	0|3|5|6|7|8|9|11
35	CONDITIONAL_MEAN	2294.9100693130	9	9	104982.2780861041	103076.9771218228	1905.3009642812	0.0000000000	17.3220013668	0.0000000000	3477.3935107128	1311.2529515503	20	4	17.3220013668	0|3|5|6|7|8|9|10|11
36	REALIZED	1417.0504258808	9	2	106070.5176297819	46150.8698262400	59919.6478035419	0.0000000000	592.9381209999	0.0000000000	954.3570251389	397.1673027416	16	16	592.9381209999	3|11
36	REALIZED	1417.0504258808	9	3	90244.9197738278	47786.1446460515	42458.7751277763	0.0000000000	434.2375162408	0.0000000000	1249.7489059316	528.0955891196	19	14	434.2375162408	0|3|11
36	REALIZED	1417.0504258808	9	4	77139.3875411565	54522.5848956947	22616.8026454618	0.0000000000	244.7678935917	0.0000000000	1577.7675898889	653.0718794446	20	8	244.7678935917	0|3|9|11
36	REALIZED	1417.0504258808	9	5	68723.9328822564	56913.2386982057	11810.6941840508	0.0000000000	122.0490549505	0.0000000000	1855.8437506263	760.7860130668	20	4	122.0490549505	0|3|9|10|11
36	REALIZED	1417.0504258808	9	6	62459.8276881403	56968.1873724756	5491.6403156647	0.0000000000	56.3675028220	0.0000000000	2174.4561469655	865.6116427113	20	3	56.3675028220	0|2|3|9|10|11
36	REALIZED	1417.0504258808	9	7	57614.8387600416	57327.7079906966	287.1307693450	0.0000000000	2.7424428103	0.0000000000	2519.2574883043	992.1472848717	20	1	2.7424428103	0|2|3|6|9|10|11
36	REALIZED	1417.0504258808	9	8	54611.3501969786	53415.2271045353	826.5047097181	369.6183827252	7.8941100740	25.6024544977	2964.1957451588	1119.0716213994	20	1	7.8941100740	0|1|2|3|8|9|10|11
36	REALIZED	1417.0504258808	9	9	52182.4330843725	51812.8147016473	0.0000000000	369.6183827252	0.0000000000	25.6024544977	3270.0222584786	1207.5048312046	20	0	0.0000000000	0|1|2|3|5|8|9|10|11
36	CONDITIONAL_MEAN	1615.0019120544	9	2	129718.6759140194	56405.4644586670	73313.2114553523	0.0000000000	671.3850891496	0.0000000000	954.3570251389	397.1673027416	16	19	671.3850891496	3|11
36	CONDITIONAL_MEAN	1615.0019120544	9	3	109841.4844061700	78404.6962688171	31436.7881373528	0.0000000000	285.2165673075	0.0000000000	1514.0360630925	602.6298756874	17	16	285.2165673075	3|7|11
36	CONDITIONAL_MEAN	1615.0019120544	9	4	94165.2377294064	79046.5384263291	15118.6993030774	0.0000000000	130.8025702392	0.0000000000	1642.2587853235	627.0120223002	19	11	130.8025702392	0|7|9|11
36	CONDITIONAL_MEAN	1615.0019120544	9	5	81074.5748632555	73476.2200150966	7598.3548481589	0.0000000000	60.7819005443	0.0000000000	2137.4466278425	858.5344523905	20	6	60.7819005443	0|3|7|9|11
36	CONDITIONAL_MEAN	1615.0019120544	9	6	74246.0037698666	68629.3379817960	5616.6657880706	0.0000000000	45.5684573818	0.0000000000	2548.6894953168	988.5699659626	20	4	45.5684573818	0|3|7|8|9|11
36	CONDITIONAL_MEAN	1615.0019120544	9	7	67600.4650203665	65252.1004303622	2348.3645900043	0.0000000000	17.0979263943	0.0000000000	2927.1862260357	1111.9944310786	20	4	17.0979263943	0|1|3|7|8|9|11
36	CONDITIONAL_MEAN	1615.0019120544	9	8	62563.7580682072	62027.9892443144	535.7688238929	0.0000000000	3.4580621553	0.0000000000	2990.3846901583	1140.7816339152	20	1	3.4580621553	0|1|3|6|8|9|10|11
36	CONDITIONAL_MEAN	1615.0019120544	9	9	60407.3648767339	60407.3648767340	0.0000000000	0.0000000000	0.0000000000	0.0000000000	3296.2112034781	1229.2148437204	20	0	0.0000000000	0|1|3|5|6|8|9|10|11
37	REALIZED	2065.2495836559	9	2	179020.6182540645	56985.8656089043	122034.7526451601	0.0000000000	1115.4490935493	0.0000000000	954.3570251389	397.1673027416	16	19	1115.4490935493	3|11
37	REALIZED	2065.2495836559	9	3	157941.3364773336	86340.9228470875	71600.4136302460	0.0000000000	663.4806796787	0.0000000000	1514.0360630925	602.6298756874	17	18	663.4806796787	3|7|11
37	REALIZED	2065.2495836559	9	4	138393.9197855888	80255.7862738468	58138.1335117418	0.0000000000	545.7235474878	0.0000000000	1577.7675898889	653.0718794446	20	16	545.7235474878	0|3|9|11
37	REALIZED	2065.2495836559	9	5	121651.8998324415	92199.0568347349	29452.8429977065	0.0000000000	301.9561736013	0.0000000000	2137.4466278425	858.5344523905	20	13	301.9561736013	0|3|7|9|11
37	REALIZED	2065.2495836559	9	6	111132.7276491125	96149.3182758759	14983.4093732365	0.0000000000	153.0601966168	0.0000000000	2482.2479691813	985.0700945508	20	9	153.0601966168	0|3|6|7|9|11
37	REALIZED	2065.2495836559	9	7	100423.9065469472	88890.8747457595	11533.0318011876	0.0000000000	166.4926540874	0.0000000000	2639.6383120218	998.0762449823	20	8	166.4926540874	0|3|5|6|8|9|11
37	REALIZED	2065.2495836559	9	8	93886.7499011088	86880.3996243429	7006.3502767659	0.0000000000	102.9883019036	0.0000000000	3018.1350427407	1121.5007100983	20	4	102.9883019036	0|1|3|5|6|8|9|11
37	REALIZED	2065.2495836559	9	9	88949.5417094996	83387.9399316115	5561.6017778880	0.0000000000	90.0320844539	0.0000000000	3296.2112034781	1229.2148437204	20	2	90.0320844539	0|1|3|5|6|8|9|10|11
37	CONDITIONAL_MEAN	1948.2740366423	9	2	167226.4736868162	57413.5435688544	109812.9301179618	0.0000000000	993.9170115034	0.0000000000	954.3570251389	397.1673027416	16	20	993.9170115034	3|11
37	CONDITIONAL_MEAN	1948.2740366423	9	3	145134.2278824968	87781.9085042786	57352.3193782182	0.0000000000	519.8389222443	0.0000000000	1514.0360630925	602.6298756874	17	18	519.8389222443	3|7|11
37	CONDITIONAL_MEAN	1948.2740366423	9	4	127208.3158587869	98483.0156090612	28725.3002497256	0.0000000000	269.9938245254	0.0000000000	1842.0547470497	727.6061660124	18	13	269.9938245254	3|7|9|11
37	CONDITIONAL_MEAN	1948.2740366423	9	5	110486.2395334478	96413.3911660205	14072.8483674273	0.0000000000	121.9809717354	0.0000000000	2137.4466278425	858.5344523905	20	9	121.9809717354	0|3|7|9|11
37	CONDITIONAL_MEAN	1948.2740366423	9	6	99643.6088063263	90635.4970283883	9008.1117779380	0.0000000000	74.6829650737	0.0000000000	2548.6894953168	988.5699659626	20	5	74.6829650737	0|3|7|8|9|11
37	CONDITIONAL_MEAN	1948.2740366423	9	7	90695.6992101308	85270.4551679912	5425.2440421396	0.0000000000	41.8511933203	0.0000000000	2927.1862260357	1111.9944310786	20	4	41.8511933203	0|1|3|7|8|9|11
37	CONDITIONAL_MEAN	1948.2740366423	9	8	84389.9090365727	80964.4036554662	3425.5053811065	0.0000000000	28.4447520884	0.0000000000	3171.5669973930	1222.8197417451	20	4	28.4447520884	0|3|6|7|8|9|10|11
37	CONDITIONAL_MEAN	1948.2740366423	9	9	80312.8257340075	79128.3526885602	1184.4730454473	0.0000000000	7.6450536683	0.0000000000	3550.0637281119	1346.2442068611	20	1	7.6450536683	0|1|3|6|7|8|9|10|11
38	REALIZED	1515.5244407139	9	2	115974.7932311957	50153.5179573118	65821.2752738839	0.0000000000	647.6867736614	0.0000000000	954.3570251389	397.1673027416	16	18	647.6867736614	3|11
38	REALIZED	1515.5244407139	9	3	98105.5160073971	68433.7619860578	29671.7540213393	0.0000000000	324.4831681165	0.0000000000	1514.0360630925	602.6298756874	17	14	324.4831681165	3|7|11
38	REALIZED	1515.5244407139	9	4	82644.9820256854	58274.5767365710	24370.4052891145	0.0000000000	267.4877862556	0.0000000000	1577.7675898889	653.0718794446	20	9	267.4877862556	0|3|9|11
38	REALIZED	1515.5244407139	9	5	71344.8004827416	62541.3985772454	8803.4019054963	0.0000000000	105.4287161904	0.0000000000	2137.4466278425	858.5344523905	20	7	105.4287161904	0|3|7|9|11
38	REALIZED	1515.5244407139	9	6	65097.8336526949	58521.2432999931	6576.5903527018	0.0000000000	83.7613604280	0.0000000000	2548.6894953168	988.5699659626	20	6	83.7613604280	0|3|7|8|9|11
38	REALIZED	1515.5244407139	9	7	61305.2084777571	57166.8280844518	4138.3803933052	0.0000000000	59.6827647576	0.0000000000	2927.1862260357	1111.9944310786	20	4	59.6827647576	0|1|3|7|8|9|11
38	REALIZED	1515.5244407139	9	8	58009.0059196934	57760.2158143211	248.7901053722	0.0000000000	3.6142308320	0.0000000000	3205.2623867731	1219.7085647007	20	2	3.6142308320	0|1|3|7|8|9|10|11
38	REALIZED	1515.5244407139	9	9	56136.2435437932	55894.2009312536	242.0426125397	0.0000000000	3.5706798664	0.0000000000	3511.0889000930	1308.1417745059	20	1	3.5706798664	0|1|3|5|7|8|9|10|11
38	CONDITIONAL_MEAN	1934.4690513959	9	2	166363.1843782010	57413.5435688544	108949.6408093465	0.0000000000	980.1120262570	0.0000000000	954.3570251389	397.1673027416	16	20	980.1120262570	3|11
38	CONDITIONAL_MEAN	1934.4690513959	9	3	144304.1298683871	88402.3317700528	55901.7980983343	0.0000000000	502.2928121877	0.0000000000	1514.0360630925	602.6298756874	17	18	502.2928121877	3|7|11
38	CONDITIONAL_MEAN	1934.4690513959	9	4	126713.6532876234	98886.9845463307	27826.6687412926	0.0000000000	259.3827910001	0.0000000000	1842.0547470497	727.6061660124	18	13	259.3827910001	3|7|9|11
38	CONDITIONAL_MEAN	1934.4690513959	9	5	109690.9422772006	96224.1469313203	13466.7953458802	0.0000000000	114.9285927118	0.0000000000	2137.4466278425	858.5344523905	20	10	114.9285927118	0|3|7|9|11
38	CONDITIONAL_MEAN	1934.4690513959	9	6	98908.6742183874	90093.3026442922	8815.3715740950	0.0000000000	72.2191257922	0.0000000000	2548.6894953168	988.5699659626	20	6	72.2191257922	0|3|7|8|9|11
38	CONDITIONAL_MEAN	1934.4690513959	9	7	90090.2820754667	84837.6463248843	5252.6357505823	0.0000000000	40.2305764110	0.0000000000	2927.1862260357	1111.9944310786	20	4	40.2305764110	0|1|3|7|8|9|11
38	CONDITIONAL_MEAN	1934.4690513959	9	8	83782.2216166016	80639.4017715320	3142.8198450697	0.0000000000	25.4442622014	0.0000000000	3171.5669973930	1222.8197417451	20	4	25.4442622014	0|3|6|7|8|9|10|11
38	CONDITIONAL_MEAN	1934.4690513959	9	9	79743.2807824724	79212.5939446376	530.6868378348	0.0000000000	5.1231462509	0.0000000000	3477.3935107128	1311.2529515503	20	2	5.1231462509	0|3|5|6|7|8|9|10|11
39	REALIZED	1960.3983006294	9	2	157993.2831351244	56640.0293170555	101353.2538180689	0.0000000000	1014.9805869721	0.0000000000	954.3570251389	397.1673027416	16	19	1014.9805869721	3|11
39	REALIZED	1960.3983006294	9	3	137046.9148748643	80978.6777427399	56068.2371321244	0.0000000000	607.0460773323	0.0000000000	1514.0360630925	602.6298756874	17	14	607.0460773323	3|7|11
39	REALIZED	1960.3983006294	9	4	121884.8090329718	82980.5550413287	38904.2539916431	0.0000000000	419.5328916897	0.0000000000	1842.0547470497	727.6061660124	18	10	419.5328916897	3|7|9|11
39	REALIZED	1960.3983006294	9	5	108538.7583369794	84533.4372295628	24005.3211074166	0.0000000000	271.6778078333	0.0000000000	2137.4466278425	858.5344523905	20	7	271.6778078333	0|3|7|9|11
39	REALIZED	1960.3983006294	9	6	98928.4622598192	81369.5244586188	17558.9378012004	0.0000000000	180.3405501584	0.0000000000	2415.5227885799	966.2485860126	20	6	180.3405501584	0|3|7|9|10|11
39	REALIZED	1960.3983006294	9	7	91200.8929949600	77627.1397649386	13573.7532300214	0.0000000000	144.1183751621	0.0000000000	2760.3241299187	1092.7842281730	20	6	144.1183751621	0|3|6|7|9|10|11
39	REALIZED	1960.3983006294	9	8	83876.7929461386	74742.1029321498	9134.6900139888	0.0000000000	102.5712025878	0.0000000000	3171.5669973930	1222.8197417451	20	5	102.5712025878	0|3|6|7|8|9|10|11
39	REALIZED	1960.3983006294	9	9	79085.5732125008	73152.6669017627	5932.9063107381	0.0000000000	74.0308052217	0.0000000000	3550.0637281119	1346.2442068611	20	3	74.0308052217	0|1|3|6|7|8|9|10|11
39	CONDITIONAL_MEAN	2158.4641577469	9	2	191562.8959475687	57413.5435688544	134149.3523787143	0.0000000000	1204.1071326080	0.0000000000	954.3570251389	397.1673027416	16	20	1204.1071326080	3|11
39	CONDITIONAL_MEAN	2158.4641577469	9	3	168620.2324545827	92032.9772517465	76587.2552028361	0.0000000000	691.0120485018	0.0000000000	1514.0360630925	602.6298756874	17	18	691.0120485018	3|7|11
39	CONDITIONAL_MEAN	2158.4641577469	9	4	149565.3489125399	104510.1645669622	45055.1843455776	0.0000000000	403.7415214081	0.0000000000	1842.0547470497	727.6061660124	18	15	403.7415214081	3|7|9|11
39	CONDITIONAL_MEAN	2158.4641577469	9	5	131349.2928803656	104897.3760037312	26451.9168766342	0.0000000000	220.1074949014	0.0000000000	2137.4466278425	858.5344523905	20	13	220.1074949014	0|3|7|9|11
39	CONDITIONAL_MEAN	2158.4641577469	9	6	117501.6008234947	104584.8262038774	12916.7746196172	0.0000000000	111.8258742510	0.0000000000	2548.6894953168	988.5699659626	20	8	111.8258742510	0|3|7|8|9|11
39	CONDITIONAL_MEAN	2158.4641577469	9	7	107202.5481155814	98450.0951851311	8752.4529304503	0.0000000000	72.4020676170	0.0000000000	2927.1862260357	1111.9944310786	20	5	72.4020676170	0|1|3|7|8|9|11
39	CONDITIONAL_MEAN	2158.4641577469	9	8	100127.6083741880	96857.6219992513	3269.9863749366	0.0000000000	26.4933452874	0.0000000000	3199.3173499755	1203.5388179281	20	5	26.4933452874	0|3|5|6|7|8|9|11
39	CONDITIONAL_MEAN	2158.4641577469	9	9	94592.8683328419	93163.6307189756	1429.2376138663	0.0000000000	14.3230976186	0.0000000000	3477.3935107128	1311.2529515503	20	3	14.3230976186	0|3|5|6|7|8|9|10|11
40	REALIZED	3358.8400326192	9	2	330360.2360594567	57413.5435688544	272946.6924906024	0.0000000000	2404.4830074803	0.0000000000	954.3570251389	397.1673027416	16	20	2404.4830074803	3|11
40	REALIZED	3358.8400326192	9	3	306287.8956367322	96896.4362586311	209391.4593781012	0.0000000000	1844.8039695267	0.0000000000	1514.0360630925	602.6298756874	17	20	1844.8039695267	3|7|11
40	REALIZED	3358.8400326192	9	4	285838.7468455975	111209.1954653410	174629.5513802566	0.0000000000	1516.7852855695	0.0000000000	1842.0547470497	727.6061660124	18	20	1516.7852855695	3|7|9|11
40	REALIZED	3358.8400326192	9	5	266080.6490323172	117248.7551805878	148831.8938517295	0.0000000000	1284.0677198415	0.0000000000	2137.4466278425	858.5344523905	20	17	1284.0677198415	0|3|7|9|11
40	REALIZED	3358.8400326192	9	6	248485.1553830017	138383.5671516223	110101.5882313794	0.0000000000	983.3960797008	0.0000000000	2631.7943452430	981.0661447005	20	16	906.3265500185	1|3|7|8|9|11
40	REALIZED	3358.8400326192	9	7	231673.2891907264	154821.9833681322	76851.3058225942	0.0000000000	671.1431891540	0.0000000000	2976.5956865818	1107.6017868608	20	13	651.2494633975	1|3|6|7|8|9|11
40	REALIZED	3358.8400326192	9	8	215871.0532099204	152156.7650214500	63714.2881884703	0.0000000000	552.2506403729	0.0000000000	3271.9875673745	1238.5300732389	20	10	532.3569146164	0|1|3|6|7|8|9|11
40	REALIZED	3358.8400326192	9	9	202916.7656543238	161591.3482471442	41325.4174071796	0.0000000000	400.1865135565	0.0000000000	3577.0284069482	1409.0214461342	20	8	400.1865135565	0|1|3|4|6|7|8|9|11
40	CONDITIONAL_MEAN	2058.0717004808	9	2	180161.9617649889	57413.5435688544	122748.4181961343	0.0000000000	1103.7146753419	0.0000000000	954.3570251389	397.1673027416	16	20	1103.7146753419	3|11
40	CONDITIONAL_MEAN	2058.0717004808	9	3	156588.8503611533	93580.9019316816	63007.9484294716	0.0000000000	572.4293470580	0.0000000000	1514.0360630925	602.6298756874	17	19	572.4293470580	3|7|11
40	CONDITIONAL_MEAN	2058.0717004808	9	4	137701.6268568428	105792.8690124147	31908.7578444280	0.0000000000	294.1076090004	0.0000000000	1842.0547470497	727.6061660124	18	16	294.1076090004	3|7|9|11
40	CONDITIONAL_MEAN	2058.0717004808	9	5	120166.2509246112	102916.8541298778	17249.3967947332	0.0000000000	147.3221070552	0.0000000000	2137.4466278425	858.5344523905	20	14	147.3221070552	0|3|7|9|11
40	CONDITIONAL_MEAN	2058.0717004808	9	6	108277.5533691171	97983.3971148597	10294.1562542573	0.0000000000	84.1112090812	0.0000000000	2548.6894953168	988.5699659626	20	8	83.5374209906	0|3|7|8|9|11
40	CONDITIONAL_MEAN	2058.0717004808	9	7	99041.5512443614	92675.2596093851	6366.2916349762	0.0000000000	47.6970349459	0.0000000000	2893.4908366556	1115.1056081229	20	5	47.6970349459	0|3|6|7|8|9|11
40	CONDITIONAL_MEAN	2058.0717004808	9	8	92274.1004626847	90735.1632633638	1538.9371993209	0.0000000000	9.9329043629	0.0000000000	2990.3846901583	1140.7816339152	20	1	9.9329043629	0|1|3|6|8|9|10|11
40	CONDITIONAL_MEAN	2058.0717004808	9	9	87202.7795604576	85663.8423611367	1538.9371993209	0.0000000000	9.9329043629	0.0000000000	3550.0637281119	1346.2442068611	20	1	9.9329043629	0|1|3|6|7|8|9|10|11
41	REALIZED	2314.5287887408	9	2	212210.0725654947	52884.8522188175	159325.2203466772	0.0000000000	1412.5087211793	0.0000000000	954.3570251389	397.1673027416	16	19	1412.5087211793	3|11
41	REALIZED	2314.5287887408	9	3	191508.0074500346	76341.9330254907	115166.0744245438	0.0000000000	1023.5515821034	0.0000000000	1514.0360630925	602.6298756874	17	17	1023.5515821034	3|7|11
41	REALIZED	2314.5287887408	9	4	174421.4632439397	88770.9667515292	85650.4964924105	0.0000000000	799.4111521296	0.0000000000	1925.2789305668	732.6653892595	18	13	799.4111521296	3|7|8|11
41	REALIZED	2314.5287887408	9	5	158577.2864281873	96684.0467637953	61893.2396643919	0.0000000000	578.5227310983	0.0000000000	2253.2976145241	857.6416795845	19	12	578.5227310983	3|7|8|9|11
41	REALIZED	2314.5287887408	9	6	146055.1861558280	102718.1906052348	43336.9955505929	0.0000000000	395.2152458837	0.0000000000	2548.6894953168	988.5699659626	20	12	395.2152458837	0|3|7|8|9|11
41	REALIZED	2314.5287887408	9	7	134781.0623861625	105686.7867740381	29094.2756121243	0.0000000000	268.9924932604	0.0000000000	2853.7303348905	1159.0613388579	20	9	268.9924932604	0|3|4|7|8|9|11
41	REALIZED	2314.5287887408	9	8	125228.7630450996	108309.9828287102	16918.7802163893	0.0000000000	144.4271790105	0.0000000000	3205.2623867731	1219.7085647007	20	6	144.4271790105	0|1|3|7|8|9|10|11
41	REALIZED	2314.5287887408	9	9	116748.1027305480	108127.6798239900	8620.4229065579	0.0000000000	77.8242030840	0.0000000000	3510.3032263468	1390.1999375961	20	4	77.8242030840	0|1|3|4|7|8|9|10|11
41	CONDITIONAL_MEAN	2008.8184423164	9	2	174719.9473055102	57413.5435688544	117306.4037366557	0.0000000000	1054.4614171776	0.0000000000	954.3570251389	397.1673027416	16	20	1054.4614171776	3|11
41	CONDITIONAL_MEAN	2008.8184423164	9	3	151694.8351684433	92168.9777803471	59525.8573880962	0.0000000000	539.4321739919	0.0000000000	1514.0360630925	602.6298756874	17	18	539.4321739919	3|7|11
41	CONDITIONAL_MEAN	2008.8184423164	9	4	133026.5957658402	103950.4369436386	29076.1588222015	0.0000000000	274.2174832970	0.0000000000	1842.0547470497	727.6061660124	18	14	274.2174832970	3|7|9|11
41	CONDITIONAL_MEAN	2008.8184423164	9	5	115430.0342985694	100704.8196878198	14725.2146107494	0.0000000000	129.5249815398	0.0000000000	2137.4466278425	858.5344523905	20	12	129.5249815398	0|3|7|9|11
41	CONDITIONAL_MEAN	2008.8184423164	9	6	104325.8152690760	95111.9660699077	9213.8491991682	0.0000000000	74.9080768739	0.0000000000	2548.6894953168	988.5699659626	20	7	74.9080768739	0|3|7|8|9|11
41	CONDITIONAL_MEAN	2008.8184423164	9	7	95372.5269793748	89887.4717295335	5485.0552498413	0.0000000000	41.8133494924	0.0000000000	2927.1862260357	1111.9944310786	20	5	41.8133494924	0|1|3|7|8|9|11
41	CONDITIONAL_MEAN	2008.8184423164	9	8	88900.5649843805	86744.9615021017	2155.6034822788	0.0000000000	15.9377556448	0.0000000000	3199.3173499755	1203.5388179281	20	3	15.9377556448	0|3|5|6|7|8|9|11
41	CONDITIONAL_MEAN	2008.8184423164	9	9	84281.5445206218	83884.8355645779	396.7089560439	0.0000000000	2.5605152192	0.0000000000	3296.2112034781	1229.2148437204	20	1	2.5605152192	0|1|3|5|6|8|9|10|11
42	REALIZED	2179.3122628090	9	2	210492.2691954464	57217.7119086267	153274.5572868197	0.0000000000	1229.5365771258	0.0000000000	954.3570251389	397.1673027416	16	19	1229.5365771258	3|11
42	REALIZED	2179.3122628090	9	3	190979.5022203845	83687.9145164530	107291.5877039315	0.0000000000	840.6154864436	0.0000000000	1514.0360630925	602.6298756874	17	15	840.6154864436	3|7|11
42	REALIZED	2179.3122628090	9	4	173313.1315122969	85239.9698063731	88073.1617059237	0.0000000000	654.8262939854	0.0000000000	1809.4279438853	733.5581620655	20	14	654.8262939854	0|3|7|11
42	REALIZED	2179.3122628090	9	5	157601.1957070633	97962.6551540066	59638.5405530566	0.0000000000	454.3814507029	0.0000000000	2220.6708113596	863.5936756376	20	10	454.3814507029	0|3|7|8|11
42	REALIZED	2179.3122628090	9	6	143481.0720148748	104042.3417982055	39438.7302166692	0.0000000000	305.6239514984	0.0000000000	2548.6894953168	988.5699659626	20	8	305.6239514984	0|3|7|8|9|11
42	REALIZED	2179.3122628090	9	7	130558.0909774729	110653.9589487744	19904.1320286984	0.0000000000	166.8582475633	0.0000000000	2853.7303348905	1159.0613388579	20	5	166.8582475633	0|3|4|7|8|9|11
42	REALIZED	2179.3122628090	9	8	123149.2229859851	108955.1495362334	14194.0734497516	0.0000000000	109.3559303140	0.0000000000	3198.5316762293	1285.5969810182	20	5	109.3559303140	0|3|4|6|7|8|9|11
42	REALIZED	2179.3122628090	9	9	116694.1326142711	104732.3941924975	11961.7384217736	0.0000000000	92.7289378351	0.0000000000	3476.6078369666	1393.3111146404	20	3	92.7289378351	0|3|4|6|7|8|9|10|11
42	CONDITIONAL_MEAN	2067.2902822891	9	2	180974.3146451378	57413.5435688544	123560.7710762833	0.0000000000	1112.9332571503	0.0000000000	954.3570251389	397.1673027416	16	20	1112.9332571503	3|11
42	CONDITIONAL_MEAN	2067.2902822891	9	3	157310.8636136257	94180.8753413042	63129.9882723215	0.0000000000	576.5098518258	0.0000000000	1514.0360630925	602.6298756874	17	19	576.5098518258	3|7|11
42	CONDITIONAL_MEAN	2067.2902822891	9	4	137826.0965353178	106954.4067054186	30871.6898298990	0.0000000000	291.5891941596	0.0000000000	1842.0547470497	727.6061660124	18	16	291.5891941596	3|7|9|11
42	CONDITIONAL_MEAN	2067.2902822891	9	5	120307.4583475341	102848.7041478419	17458.7541996920	0.0000000000	156.0617794170	0.0000000000	2137.4466278425	858.5344523905	20	14	156.0617794170	0|3|7|9|11
42	CONDITIONAL_MEAN	2067.2902822891	9	6	108863.0285253903	97934.5859636984	10928.4425616919	0.0000000000	89.5087531700	0.0000000000	2548.6894953168	988.5699659626	20	9	82.8133861565	0|3|7|8|9|11
42	CONDITIONAL_MEAN	2067.2902822891	9	7	99383.9273502146	93405.4292423983	5978.4981078162	0.0000000000	44.3453356205	0.0000000000	2893.4908366556	1115.1056081229	20	5	44.3453356205	0|3|6|7|8|9|11
42	CONDITIONAL_MEAN	2067.2902822891	9	8	92848.9332445505	89509.2786223856	3339.6546221650	0.0000000000	21.7709459477	0.0000000000	3271.9875673745	1238.5300732389	20	2	21.7709459477	0|1|3|6|7|8|9|11
42	CONDITIONAL_MEAN	2067.2902822891	9	9	87927.1753272215	86410.8897383555	1516.2855888659	0.0000000000	9.7867019835	0.0000000000	3577.8140806944	1326.9632830441	20	1	9.7867019835	0|1|3|5|6|7|8|9|11
43	REALIZED	2020.9660718379	9	2	190599.5724426756	54614.2046958721	135985.3677468034	0.0000000000	1136.4404327153	0.0000000000	954.3570251389	397.1673027416	16	14	1136.4404327153	3|11
43	REALIZED	2020.9660718379	9	3	172145.9462761503	72152.8170346583	99993.1292414919	0.0000000000	841.3168890642	0.0000000000	1514.0360630925	602.6298756874	17	10	841.3168890642	3|7|11
43	REALIZED	2020.9660718379	9	4	159032.0714309290	81185.2777090226	77846.7937219063	0.0000000000	657.8633782064	0.0000000000	1858.8374044313	729.1655178478	19	9	657.8633782064	3|6|7|11
43	REALIZED	2020.9660718379	9	5	147373.7200366907	74985.2400871006	72388.4799495901	0.0000000000	587.9897502324	0.0000000000	2186.8560883885	854.1418081727	20	6	587.9897502324	3|6|7|9|11
43	REALIZED	2020.9660718379	9	6	137100.3706184782	78287.4201163360	58812.9505021423	0.0000000000	474.9502578890	0.0000000000	2565.3528191074	977.5662732887	20	4	474.9502578890	1|3|6|7|9|11
43	REALIZED	2020.9660718379	9	7	129255.3117530308	72184.0622266367	57071.2495263941	0.0000000000	459.1677025601	0.0000000000	2860.7446999002	1108.4945596668	20	2	459.1677025601	0|1|3|6|7|9|11
43	REALIZED	2020.9660718379	9	8	125697.2252935790	77378.9060543417	47750.7320683483	567.5871708889	383.8771750090	34.3552559959	3165.7855394738	1278.9859325621	20	2	383.8771750090	0|1|3|4|6|7|9|11
43	REALIZED	2020.9660718379	9	9	124031.3079072051	81563.1522405019	41816.7619635574	651.3937031458	335.9429544388	39.4279479408	3577.0284069482	1409.0214461342	20	2	306.8076453267	0|1|3|4|6|7|8|9|11
43	CONDITIONAL_MEAN	1851.5838295057	9	2	157188.5354272827	57413.5435688544	99774.9918584282	0.0000000000	897.2268043669	0.0000000000	954.3570251389	397.1673027416	16	20	897.2268043669	3|11
43	CONDITIONAL_MEAN	1851.5838295057	9	3	135216.1483015435	88122.0467798455	47094.1015216980	0.0000000000	422.3600046085	0.0000000000	1514.0360630925	602.6298756874	17	18	422.3600046085	3|7|11
43	CONDITIONAL_MEAN	1851.5838295057	9	4	118242.9267264340	84854.9536848941	33387.9730415399	0.0000000000	285.9569584975	0.0000000000	1809.4279438853	733.5581620655	20	15	285.9569584975	0|3|7|11
43	CONDITIONAL_MEAN	1851.5838295057	9	5	101849.8389842670	90860.9671173837	10988.8718668832	0.0000000000	90.9336903892	0.0000000000	2137.4466278425	858.5344523905	20	10	90.9336903892	0|3|7|9|11
43	CONDITIONAL_MEAN	1851.5838295057	9	6	92394.7252205014	85645.4101022729	6749.3151182284	0.0000000000	54.7535889497	0.0000000000	2442.4874674161	1029.0258252858	20	7	54.7535889497	0|3|4|7|9|11
43	CONDITIONAL_MEAN	1851.5838295057	9	7	84426.8989160167	80162.5918668285	4264.3070491881	0.0000000000	31.7668840496	0.0000000000	2927.1862260357	1111.9944310786	20	4	31.7668840496	0|1|3|7|8|9|11
43	CONDITIONAL_MEAN	1851.5838295057	9	8	78638.5977602116	77530.7211814036	1107.8765788080	0.0000000000	7.1506700261	0.0000000000	2990.3846901583	1140.7816339152	20	1	7.1506700261	0|1|3|6|8|9|10|11
43	CONDITIONAL_MEAN	1851.5838295057	9	9	74648.1613165918	74431.6218586282	216.5394579636	0.0000000000	1.3976306036	0.0000000000	3296.2112034781	1229.2148437204	20	1	1.3976306036	0|1|3|5|6|8|9|10|11
44	REALIZED	1504.6382730331	9	2	111546.8117590021	36200.8130938487	75345.9986651534	0.0000000000	839.3008381642	0.0000000000	754.5610634126	296.5731590294	15	17	839.3008381642	0|11
44	REALIZED	1504.6382730331	9	3	93674.5467155801	45544.3398106309	48130.2069049492	0.0000000000	574.1609202378	0.0000000000	1082.5797473699	421.5494493544	18	13	574.1609202378	0|9|11
44	REALIZED	1504.6382730331	9	4	78427.9620416567	53534.8313317746	24893.1307098820	0.0000000000	309.5787894080	0.0000000000	1577.7675898889	653.0718794446	20	9	309.5787894080	0|3|9|11
44	REALIZED	1504.6382730331	9	5	69034.8874793614	54406.5221888821	14628.3652904793	0.0000000000	192.9872211198	0.0000000000	2137.4466278425	858.5344523905	20	6	192.9872211198	0|3|7|9|11
44	REALIZED	1504.6382730331	9	6	64386.2753987115	52134.1080163914	12252.1673823201	0.0000000000	165.3109588257	0.0000000000	2548.6894953168	988.5699659626	20	4	165.3109588257	0|3|7|8|9|11
44	REALIZED	1504.6382730331	9	7	61143.9623191916	51762.6706424357	9381.2916767559	0.0000000000	142.5113933888	0.0000000000	2645.5833488195	1014.2459917549	20	2	142.5113933888	0|1|3|8|9|10|11
44	REALIZED	1504.6382730331	9	8	58210.1428998633	53298.4948565270	4911.6480433363	0.0000000000	62.9240040426	0.0000000000	3145.3780523935	1201.1097292293	20	2	62.9240040426	0|2|3|7|8|9|10|11
44	REALIZED	1504.6382730331	9	9	56266.0259040441	53353.4656585355	2601.4969573395	311.0632881691	40.8592937680	24.5034497707	3523.8747831124	1324.5341943453	20	2	40.8592937680	0|1|2|3|7|8|9|10|11
44	CONDITIONAL_MEAN	1950.0550481859	9	2	168764.4527188246	57413.5435688544	111350.9091499701	0.0000000000	995.6980230471	0.0000000000	954.3570251389	397.1673027416	16	20	995.6980230471	3|11
44	CONDITIONAL_MEAN	1950.0550481859	9	3	147271.9995457248	87448.8491694016	59823.1503763232	0.0000000000	531.2969607406	0.0000000000	1514.0360630925	602.6298756874	17	18	531.2969607406	3|7|11
44	CONDITIONAL_MEAN	1950.0550481859	9	4	129392.7632215710	87188.6494668447	42204.1137547261	0.0000000000	358.6939796051	0.0000000000	1809.4279438853	733.5581620655	20	15	358.6939796051	0|3|7|11
44	CONDITIONAL_MEAN	1950.0550481859	9	5	112492.1168570433	96317.1377532727	16174.9791037705	0.0000000000	132.7825154446	0.0000000000	2137.4466278425	858.5344523905	20	11	132.7825154446	0|3|7|9|11
44	CONDITIONAL_MEAN	1950.0550481859	9	6	100437.4358176691	91441.3635651393	8996.0722525297	0.0000000000	74.3806644388	0.0000000000	2548.6894953168	988.5699659626	20	6	74.3806644388	0|3|7|8|9|11
44	CONDITIONAL_MEAN	1950.0550481859	9	7	91512.8242243958	86059.4359736232	5453.3882507725	0.0000000000	42.2685064745	0.0000000000	2927.1862260357	1111.9944310786	20	4	42.2685064745	0|1|3|7|8|9|11
44	CONDITIONAL_MEAN	1950.0550481859	9	8	84757.0450832301	82957.4193276881	1799.6257555419	0.0000000000	13.5962677234	0.0000000000	3199.3173499755	1203.5388179281	20	3	13.5962677234	0|3|5|6|7|8|9|11
44	CONDITIONAL_MEAN	1950.0550481859	9	9	79996.4869900884	79546.7909946504	449.6959954380	0.0000000000	4.7962874900	0.0000000000	3477.3935107128	1311.2529515503	20	2	4.7962874900	0|3|5|6|7|8|9|10|11
45	REALIZED	1337.3583522282	9	2	102522.2509978370	48958.9224489776	53563.3285488594	0.0000000000	501.4968881049	0.0000000000	954.3570251389	397.1673027416	16	17	501.4968881049	3|11
45	REALIZED	1337.3583522282	9	3	84299.0175500331	64175.6313538477	20123.3861961854	0.0000000000	178.4489395100	0.0000000000	1514.0360630925	602.6298756874	17	13	178.4489395100	3|7|11
45	REALIZED	1337.3583522282	9	4	72813.4949069349	64676.1836917933	8137.3112151416	0.0000000000	83.6382687013	0.0000000000	1858.8374044313	729.1655178478	19	7	83.6382687013	3|6|7|11
45	REALIZED	1337.3583522282	9	5	64249.0974061820	63047.7363101292	1201.3610960527	0.0000000000	15.1952339751	0.0000000000	2154.2292852240	860.0938042258	20	2	15.1952339751	0|3|6|7|11
45	REALIZED	1337.3583522282	9	6	57100.3264564998	53647.0340073771	3453.2924491226	0.0000000000	29.0254387949	0.0000000000	2365.5568573812	876.9721295766	19	2	29.0254387949	0|1|6|7|9|11
45	REALIZED	1337.3583522282	9	7	52632.2912880753	52435.1520406322	197.1392474431	0.0000000000	1.2724140348	0.0000000000	2860.7446999002	1108.4945596668	20	1	1.2724140348	0|1|3|6|7|9|11
45	REALIZED	1337.3583522282	9	8	50267.7783140445	50267.7783140446	0.0000000000	0.0000000000	0.0000000000	0.0000000000	3138.8208606376	1216.2086932889	20	0	0.0000000000	0|1|3|6|7|9|10|11
45	REALIZED	1337.3583522282	9	9	49325.1329232663	49171.6000269888	0.0000000000	153.5328962776	0.0000000000	13.2374897201	3457.4332569769	1321.0343229335	20	0	0.0000000000	0|1|2|3|6|7|9|10|11
45	CONDITIONAL_MEAN	1614.2690173162	9	2	127696.2674963011	57413.5435688544	70282.7239274467	0.0000000000	659.9119921774	0.0000000000	954.3570251389	397.1673027416	16	20	659.9119921774	3|11
45	CONDITIONAL_MEAN	1614.2690173162	9	3	107615.8682967102	77352.7516926496	30263.1166040606	0.0000000000	284.8923347343	0.0000000000	1514.0360630925	602.6298756874	17	16	284.8923347343	3|7|11
45	CONDITIONAL_MEAN	1614.2690173162	9	4	92596.0599357777	77518.0866292185	15077.9733065592	0.0000000000	143.5283668885	0.0000000000	1842.0547470497	727.6061660124	18	11	143.5283668885	3|7|9|11
45	CONDITIONAL_MEAN	1614.2690173162	9	5	79314.8750400519	72498.0117943457	6816.8632457062	0.0000000000	55.7069596812	0.0000000000	2137.4466278425	858.5344523905	20	7	55.7069596812	0|3|7|9|11
45	CONDITIONAL_MEAN	1614.2690173162	9	6	71723.0118720734	68937.5757579323	2785.4361141412	0.0000000000	18.5657897006	0.0000000000	2482.2479691813	985.0700945508	20	4	18.5657897006	0|3|6|7|9|11
45	CONDITIONAL_MEAN	1614.2690173162	9	7	66494.4428528431	63898.4365261394	2596.0063267037	0.0000000000	17.0636086059	0.0000000000	2893.4908366556	1115.1056081229	20	3	17.0636086059	0|3|6|7|8|9|11
45	CONDITIONAL_MEAN	1614.2690173162	9	8	61956.5151067366	61390.2825333784	566.2325733582	0.0000000000	3.6546871444	0.0000000000	2990.3846901583	1140.7816339152	20	1	3.6546871444	0|1|3|6|8|9|10|11
45	CONDITIONAL_MEAN	1614.2690173162	9	9	60204.8753117169	60204.8753117169	0.0000000000	0.0000000000	0.0000000000	0.0000000000	3308.9970864976	1245.6072635598	20	0	0.0000000000	0|1|2|3|6|8|9|10|11
46	REALIZED	1901.2639534825	9	2	178187.5103535868	66218.4385527340	111969.0718008529	0.0000000000	920.6115700504	0.0000000000	1018.8482205735	371.1074455972	16	18	920.6115700504	7|11
46	REALIZED	1901.2639534825	9	3	157790.3322981164	76581.9509311889	81208.3813669275	0.0000000000	648.0986468524	0.0000000000	1314.2401013663	502.0357319753	19	16	648.0986468524	0|7|11
46	REALIZED	1901.2639534825	9	4	140812.1663546283	85037.1419653523	55775.0243892760	0.0000000000	421.4394250805	0.0000000000	1642.2587853235	627.0120223002	19	13	421.4394250805	0|7|9|11
46	REALIZED	1901.2639534825	9	5	126670.8316542955	98402.4789750192	28268.3526792762	0.0000000000	214.1560567739	0.0000000000	1947.2996248971	797.5033951956	19	10	214.1560567739	0|4|7|9|11
46	REALIZED	1901.2639534825	9	6	113955.2365585349	103592.5661535037	10362.6704050312	0.0000000000	109.1369678609	0.0000000000	2358.5424923715	927.5389087677	19	6	109.1369678609	0|4|7|8|9|11
46	REALIZED	1901.2639534825	9	7	103276.7131509321	96815.4428353457	6461.2703155863	0.0000000000	51.7831813242	0.0000000000	2853.7303348905	1159.0613388579	20	5	51.7831813242	0|3|4|7|8|9|11
46	REALIZED	1901.2639534825	9	8	98253.6499344332	93742.2424243466	4511.4075100867	0.0000000000	38.9722810061	0.0000000000	3131.8064956279	1266.7754724801	20	5	38.9722810061	0|3|4|7|8|9|10|11
46	REALIZED	1901.2639534825	9	9	93912.1846285504	92054.5111100803	1426.5569792906	431.1165391794	9.2126544822	26.0948799184	3510.3032263468	1390.1999375961	20	2	9.2126544822	0|1|3|4|7|8|9|10|11
46	CONDITIONAL_MEAN	1889.2690897606	9	2	160848.8224023508	57413.5435688544	103435.2788334963	0.0000000000	934.9120646218	0.0000000000	954.3570251389	397.1673027416	16	20	934.9120646218	3|11
46	CONDITIONAL_MEAN	1889.2690897606	9	3	138981.0934047719	87131.7518795197	51849.3415252522	0.0000000000	467.9740296816	0.0000000000	1514.0360630925	602.6298756874	17	18	467.9740296816	3|7|11
46	CONDITIONAL_MEAN	1889.2690897606	9	4	121756.6344366658	96200.6269904147	25556.0074462510	0.0000000000	238.5060996871	0.0000000000	1842.0547470497	727.6061660124	18	13	238.5060996871	3|7|9|11
46	CONDITIONAL_MEAN	1889.2690897606	9	5	105274.2873717600	92844.7785647003	12429.5088070596	0.0000000000	105.5361232040	0.0000000000	2137.4466278425	858.5344523905	20	9	105.5361232040	0|3|7|9|11
46	CONDITIONAL_MEAN	1889.2690897606	9	6	95236.7990414142	87499.7227538046	7737.0762876096	0.0000000000	64.9054419630	0.0000000000	2442.4874674161	1029.0258252858	20	7	64.9054419630	0|3|4|7|9|11
46	CONDITIONAL_MEAN	1889.2690897606	9	7	86739.8513779324	81892.5852359650	4847.2661419673	0.0000000000	36.9532428810	0.0000000000	2927.1862260357	1111.9944310786	20	4	36.9532428810	0|1|3|7|8|9|11
46	CONDITIONAL_MEAN	1889.2690897606	9	8	80727.1302268128	79599.7010621002	1127.4291647125	0.0000000000	7.2768700854	0.0000000000	2990.3846901583	1140.7816339152	20	1	7.2768700854	0|1|3|6|8|9|10|11
46	CONDITIONAL_MEAN	1889.2690897606	9	9	77066.9991626166	76830.9071187485	236.0920438681	0.0000000000	1.5238306629	0.0000000000	3296.2112034781	1229.2148437204	20	1	1.5238306629	0|1|3|5|6|8|9|10|11
47	REALIZED	2003.1203516105	9	2	201548.8241912158	55272.2800182154	146276.5441730004	0.0000000000	1073.5093758156	0.0000000000	954.3570251389	397.1673027416	16	19	1073.5093758156	3|11
47	REALIZED	2003.1203516105	9	3	181671.5019133493	78588.5178641114	103082.9840492378	0.0000000000	702.1260373034	0.0000000000	1514.0360630925	602.6298756874	17	15	702.1260373034	3|7|11
47	REALIZED	2003.1203516105	9	4	164371.2344845102	88755.5729396650	75615.6615448452	0.0000000000	484.0929380441	0.0000000000	1842.0547470497	727.6061660124	18	11	484.0929380441	3|7|9|11
47	REALIZED	2003.1203516105	9	5	150465.4483601950	96622.3768185621	53843.0715416329	0.0000000000	351.5618384750	0.0000000000	2253.2976145241	857.6416795845	19	9	351.5618384750	3|7|8|9|11
47	REALIZED	2003.1203516105	9	6	138222.2730426635	102221.2596405801	36001.0134020832	0.0000000000	235.1871924633	0.0000000000	2558.3384540977	1028.1330524798	20	8	235.1871924633	3|4|7|8|9|11
47	REALIZED	2003.1203516105	9	7	128969.5697896271	97706.5366512725	31263.0331383545	0.0000000000	190.6300509222	0.0000000000	2853.7303348905	1159.0613388579	20	7	190.6300509222	0|3|4|7|8|9|11
47	REALIZED	2003.1203516105	9	8	121169.9482044883	96645.8051514056	24524.1430530827	0.0000000000	146.5875409138	0.0000000000	3198.5316762293	1285.5969810182	20	5	146.5875409138	0|3|4|6|7|8|9|11
47	REALIZED	2003.1203516105	9	9	117342.2245805445	93330.3620552781	23730.1736164620	281.6889088043	140.0842460876	17.0502348706	3577.0284069482	1409.0214461342	20	3	140.0842460876	0|1|3|4|6|7|8|9|11
47	CONDITIONAL_MEAN	2300.6242732980	9	2	208959.0035254288	57413.5435688544	151545.4599565744	0.0000000000	1346.2672481591	0.0000000000	954.3570251389	397.1673027416	16	20	1346.2672481591	3|11
47	CONDITIONAL_MEAN	2300.6242732980	9	3	184918.0326612785	96798.0735494981	88119.9591117803	0.0000000000	787.6361789390	0.0000000000	1514.0360630925	602.6298756874	17	19	787.6361789390	3|7|11
47	CONDITIONAL_MEAN	2300.6242732980	9	4	165299.8125157469	109887.1042701341	55412.7082456126	0.0000000000	489.9340429280	0.0000000000	1842.0547470497	727.6061660124	18	17	489.9340429280	3|7|9|11
47	CONDITIONAL_MEAN	2300.6242732980	9	5	146057.6663657829	112411.4461732094	33646.2201925733	0.0000000000	283.0952876007	0.0000000000	2137.4466278425	858.5344523905	20	15	283.0952876007	0|3|7|9|11
47	CONDITIONAL_MEAN	2300.6242732980	9	6	131014.0201954348	115759.5901242295	15254.4300712052	0.0000000000	136.4511767836	0.0000000000	2548.6894953168	988.5699659626	20	10	136.4511767836	0|3|7|8|9|11
47	CONDITIONAL_MEAN	2300.6242732980	9	7	119847.8542001666	109258.6563743679	10589.1978257985	0.0000000000	94.3306313500	0.0000000000	2927.1862260357	1111.9944310786	20	6	94.3306313500	0|1|3|7|8|9|11
47	CONDITIONAL_MEAN	2300.6242732980	9	8	111256.7795809743	106474.5496673605	4782.2299136137	0.0000000000	44.9298262656	0.0000000000	3199.3173499755	1203.5388179281	20	6	44.9298262656	0|3|5|6|7|8|9|11
47	CONDITIONAL_MEAN	2300.6242732980	9	9	105218.3720639954	103397.5084102555	1820.8636537398	0.0000000000	16.9124689360	0.0000000000	3477.3935107128	1311.2529515503	20	4	16.9124689360	0|3|5|6|7|8|9|10|11
48	REALIZED	1578.5885019964	9	2	137390.6770542813	62623.7590826711	74766.9179716102	0.0000000000	648.2754385278	0.0000000000	1018.8482205735	371.1074455972	16	16	648.2754385278	7|11
48	REALIZED	1578.5885019964	9	3	119690.9239054811	63160.9678378605	56529.9560676206	0.0000000000	474.2686740191	0.0000000000	1314.2401013663	502.0357319753	19	15	474.2686740191	0|7|11
48	REALIZED	1578.5885019964	9	4	102991.5166694825	70421.1666306749	32570.3500388075	0.0000000000	269.0818068842	0.0000000000	1642.2587853235	627.0120223002	19	10	269.0818068842	0|7|9|11
48	REALIZED	1578.5885019964	9	5	90911.0616638149	74524.9426004332	16386.1190633817	0.0000000000	173.4639472495	0.0000000000	2053.5016527978	757.0475358724	19	7	173.4639472495	0|7|8|9|11
48	REALIZED	1578.5885019964	9	6	81888.7793308897	71433.2450265176	10455.5343043722	0.0000000000	120.4778673852	0.0000000000	2358.5424923715	927.5389087677	19	5	120.4778673852	0|4|7|8|9|11
48	REALIZED	1578.5885019964	9	7	75364.7687982511	69752.6718768055	5612.0969214456	0.0000000000	45.3203998849	0.0000000000	2853.7303348905	1159.0613388579	20	5	45.3203998849	0|3|4|7|8|9|11
48	REALIZED	1578.5885019964	9	8	70583.5118861063	68192.7432999789	2343.7957233793	46.9728627481	16.8498688973	2.8432015509	3232.2270656094	1282.4858039739	20	5	16.8498688973	0|1|3|4|7|8|9|11
48	REALIZED	1578.5885019964	9	9	68678.5360665644	67152.3658978373	827.7013924200	698.4687763071	5.9631661402	42.2773361448	3510.3032263468	1390.1999375961	20	2	5.9631661402	0|1|3|4|7|8|9|10|11
48	CONDITIONAL_MEAN	1992.7556723381	9	2	173626.7169078289	57413.5435688544	116213.1733389744	0.0000000000	1038.3986471992	0.0000000000	954.3570251389	397.1673027416	16	20	1038.3986471992	3|11
48	CONDITIONAL_MEAN	1992.7556723381	9	3	151572.5013558447	89851.2203462401	61721.2810096045	0.0000000000	550.9403340305	0.0000000000	1514.0360630925	602.6298756874	17	18	550.9403340305	3|7|11
48	CONDITIONAL_MEAN	1992.7556723381	9	4	133251.1085351872	89027.6022784390	44223.5062567481	0.0000000000	379.5256395237	0.0000000000	1809.4279438853	733.5581620655	20	15	379.5256395237	0|3|7|11
48	CONDITIONAL_MEAN	1992.7556723381	9	5	115596.4273569250	99092.8761109158	16503.5512460091	0.0000000000	139.3680885979	0.0000000000	2137.4466278425	858.5344523905	20	12	139.3680885979	0|3|7|9|11
48	CONDITIONAL_MEAN	1992.7556723381	9	6	103517.6451345408	94306.7090758392	9210.9360587016	0.0000000000	76.0081445493	0.0000000000	2548.6894953168	988.5699659626	20	7	76.0081445493	0|3|7|8|9|11
48	CONDITIONAL_MEAN	1992.7556723381	9	7	94526.2728793214	88949.8860452131	5576.3868341083	0.0000000000	43.3803057898	0.0000000000	2927.1862260357	1111.9944310786	20	5	43.3803057898	0|1|3|7|8|9|11
48	CONDITIONAL_MEAN	1992.7556723381	9	8	87398.5565473886	85518.6623815887	1879.8941657999	0.0000000000	14.1593100815	0.0000000000	3199.3173499755	1203.5388179281	20	3	14.1593100815	0|3|5|6|7|8|9|11
48	CONDITIONAL_MEAN	1992.7556723381	9	9	82579.4663391064	82111.6321527695	467.8341863370	0.0000000000	4.9439512544	0.0000000000	3477.3935107128	1311.2529515503	20	2	4.9439512544	0|3|5|6|7|8|9|10|11
49	REALIZED	2914.8067891298	9	2	272568.0210786337	57413.5435688544	215154.4775097794	0.0000000000	1960.4497639909	0.0000000000	954.3570251389	397.1673027416	16	20	1960.4497639909	3|11
49	REALIZED	2914.8067891298	9	3	250126.0606574253	91774.7324410004	158351.3282164249	0.0000000000	1455.6608017792	0.0000000000	1514.0360630925	602.6298756874	17	18	1455.6608017792	3|7|11
49	REALIZED	2914.8067891298	9	4	229340.1466220947	104576.2994752333	124763.8471468613	0.0000000000	1161.3355122723	0.0000000000	1809.4279438853	733.5581620655	20	17	1161.3355122723	0|3|7|11
49	REALIZED	2914.8067891298	9	5	210666.0041244492	116054.2115359919	94611.7925884571	0.0000000000	868.7646754558	0.0000000000	2137.4466278425	858.5344523905	20	14	868.7646754558	0|3|7|9|11
49	REALIZED	2914.8067891298	9	6	192980.9923928435	138490.0968971668	54490.8954956765	0.0000000000	563.0939988765	0.0000000000	2548.6894953168	988.5699659626	20	12	563.0939988765	0|3|7|8|9|11
49	REALIZED	2914.8067891298	9	7	177318.9665809244	139334.2651284718	37984.7014524526	0.0000000000	390.2413199868	0.0000000000	2927.1862260357	1111.9944310786	20	10	390.2413199868	0|1|3|7|8|9|11
49	REALIZED	2914.8067891298	9	8	164129.9886625260	139938.2996516915	24191.6890108345	0.0000000000	266.2454224825	0.0000000000	3233.0127393556	1200.4276408838	20	7	266.2454224825	0|1|3|5|7|8|9|11
49	REALIZED	2914.8067891298	9	9	153989.9945807476	142186.9178382443	11803.0767425031	0.0000000000	150.9456942157	0.0000000000	3511.0889000930	1308.1417745059	20	5	150.9456942157	0|1|3|5|7|8|9|10|11
49	CONDITIONAL_MEAN	2052.5280758736	9	2	179060.5283307176	57413.5435688544	121646.9847618630	0.0000000000	1098.1710507348	0.0000000000	954.3570251389	397.1673027416	16	20	1098.1710507348	3|11
49	CONDITIONAL_MEAN	2052.5280758736	9	3	156747.7250172747	88875.7028355857	67872.0221816890	0.0000000000	614.0322589380	0.0000000000	1514.0360630925	602.6298756874	17	18	614.0322589380	3|7|11
49	CONDITIONAL_MEAN	2052.5280758736	9	4	138290.2344154263	100534.1129950935	37756.1214203327	0.0000000000	344.9101658683	0.0000000000	1842.0547470497	727.6061660124	18	14	344.9101658683	3|7|9|11
49	CONDITIONAL_MEAN	2052.5280758736	9	5	120968.7258747717	100416.0145013260	20552.7113734455	0.0000000000	173.4277202861	0.0000000000	2137.4466278425	858.5344523905	20	11	173.4277202861	0|3|7|9|11
49	CONDITIONAL_MEAN	2052.5280758736	9	6	108183.8676349429	97068.2560716352	11115.6115633076	0.0000000000	95.1222525009	0.0000000000	2548.6894953168	988.5699659626	20	7	95.1222525009	0|3|7|8|9|11
49	CONDITIONAL_MEAN	2052.5280758736	9	7	98389.3547359693	91034.8807358915	7354.4740000777	0.0000000000	59.8114551110	0.0000000000	2927.1862260357	1111.9944310786	20	5	59.8114551110	0|1|3|7|8|9|11
49	CONDITIONAL_MEAN	2052.5280758736	9	8	91333.1496644990	86811.6411687792	4521.5084957198	0.0000000000	38.7442834527	0.0000000000	3171.5669973930	1222.8197417451	20	4	38.7442834527	0|3|6|7|8|9|10|11
49	CONDITIONAL_MEAN	2052.5280758736	9	9	86824.3161534304	85518.2527505453	1306.0634028851	0.0000000000	8.4298455314	0.0000000000	3550.0637281119	1346.2442068611	20	1	8.4298455314	0|1|3|6|7|8|9|10|11
50	REALIZED	1206.4118505530	8	2	94585.7220372302	49503.3265357764	45082.3955014538	0.0000000000	366.1582285274	0.0000000000	954.3570251389	397.1673027416	16	14	366.1582285274	3|11
50	REALIZED	1206.4118505530	8	3	78205.6242148636	62762.0474431974	15443.5767716662	0.0000000000	130.2512013248	0.0000000000	1299.1583664776	523.7029449019	19	11	130.2512013248	3|6|11
50	REALIZED	1206.4118505530	8	4	67971.5533738372	56901.5457299600	11070.0076438772	0.0000000000	78.9608297289	0.0000000000	1858.8374044313	729.1655178478	19	7	78.9608297289	3|6|7|11
50	REALIZED	1206.4118505530	8	5	61490.2001354461	57522.3196267180	3967.8805087281	0.0000000000	30.0188207403	0.0000000000	2164.6639177511	817.5987276530	19	4	30.0188207403	3|5|6|7|11
50	REALIZED	1206.4118505530	8	6	56484.8684297602	53090.2699175315	3394.5985122288	0.0000000000	22.4092784730	0.0000000000	2543.1606484700	941.0231927690	20	2	22.4092784730	1|3|5|6|7|11
50	REALIZED	1206.4118505530	8	7	53385.7892650419	50627.4167360671	2758.3725289748	0.0000000000	17.2413424694	0.0000000000	2860.7446999002	1108.4945596668	20	3	17.2413424694	0|1|3|6|7|9|11
50	REALIZED	1206.4118505530	8	8	52104.1572948195	50933.4784258862	375.8756619787	794.8032069547	2.9806997146	41.7431661858	3166.5712132200	1196.9277694720	20	1	2.9806997146	0|1|3|5|6|7|9|11
50	REALIZED	1206.4118505530	8	9	52233.6127095846	49912.6127669719	0.0000000000	2320.9999426127	0.0000000000	145.7648488093	3577.8140806944	1326.9632830441	20	0	0.0000000000	0|1|3|5|6|7|8|9|11
50	CONDITIONAL_MEAN	1302.9942922309	9	2	95007.8423011178	51502.1203067909	43505.7219943268	0.0000000000	418.3746343689	0.0000000000	954.3570251389	397.1673027416	16	16	418.3746343689	3|11
50	CONDITIONAL_MEAN	1302.9942922309	9	3	77853.0933590614	62249.9013691809	15603.1919898806	0.0000000000	150.3615699947	0.0000000000	1514.0360630925	602.6298756874	17	10	150.3615699947	3|7|11
50	CONDITIONAL_MEAN	1302.9942922309	9	4	65001.3252799154	58697.0592483790	6304.2660315364	0.0000000000	50.1907021793	0.0000000000	1642.2587853235	627.0120223002	19	6	50.1907021793	0|7|9|11
50	CONDITIONAL_MEAN	1302.9942922309	9	5	57338.5519324362	53072.8503045858	4265.7016278505	0.0000000000	34.6439959670	0.0000000000	2137.4466278425	858.5344523905	20	5	34.6439959670	0|3|7|9|11
50	CONDITIONAL_MEAN	1302.9942922309	9	6	52112.9674764494	51996.3828752747	116.5846011747	0.0000000000	0.8576750690	0.0000000000	2200.6450919650	887.3216552271	20	2	0.8576750690	0|3|6|9|10|11
50	CONDITIONAL_MEAN	1302.9942922309	9	7	48279.1318105296	48175.2242123851	103.9075981445	0.0000000000	0.6706603982	0.0000000000	2579.1418226839	1010.7461203431	20	1	0.6706603982	0|1|3|6|9|10|11
50	CONDITIONAL_MEAN	1302.9942922309	9	8	46004.1115633546	46004.1115633546	0.0000000000	0.0000000000	0.0000000000	0.0000000000	2897.7542190232	1115.5717499876	20	0	0.0000000000	0|1|2|3|6|9|10|11
50	CONDITIONAL_MEAN	1302.9942922309	9	9	45630.6634894389	44936.7822250916	0.0000000000	693.8812643473	0.0000000000	53.5569953291	3308.9970864976	1245.6072635598	20	0	0.0000000000	0|1|2|3|6|8|9|10|11
51	REALIZED	1892.0639310019	9	2	161165.5632128736	61015.6935447986	100149.8696680749	0.0000000000	969.0711111749	0.0000000000	1018.8482205735	371.1074455972	16	18	969.0711111749	7|11
51	REALIZED	1892.0639310019	9	3	141254.6307798035	69200.8175220774	72053.8132577261	0.0000000000	721.5159088537	0.0000000000	1314.2401013663	502.0357319753	19	16	721.5159088537	0|7|11
51	REALIZED	1892.0639310019	9	4	124551.6718997780	70183.3967729152	54368.2751268627	0.0000000000	503.5819240067	0.0000000000	1642.2587853235	627.0120223002	19	13	503.5819240067	0|7|9|11
51	REALIZED	1892.0639310019	9	5	111200.7830669217	75746.9310161047	35453.8520508170	0.0000000000	319.4686835532	0.0000000000	1855.8437506263	760.7860130668	20	11	319.4686835532	0|3|9|10|11
51	REALIZED	1892.0639310019	9	6	100215.4166525196	78664.1492478536	21551.2674046659	0.0000000000	203.7760158709	0.0000000000	2226.1614593807	823.1593657276	20	8	203.7760158709	0|5|7|9|10|11
51	REALIZED	1892.0639310019	9	7	92194.2260431044	80987.7077147094	11206.5183283949	0.0000000000	105.6945881370	0.0000000000	2721.3493018997	1054.6817958179	20	5	105.6945881370	0|3|5|7|9|10|11
51	REALIZED	1892.0639310019	9	8	86500.3130770131	81554.0372692342	4946.2758077789	0.0000000000	42.5675886162	0.0000000000	3026.3901414733	1225.1731687132	20	4	42.5675886162	0|3|4|5|7|9|10|11
51	REALIZED	1892.0639310019	9	9	81968.2472842005	73847.3128600052	8120.9344241952	0.0000000000	74.6272166877	0.0000000000	3511.0889000930	1308.1417745059	20	3	74.6272166877	0|1|3|5|7|8|9|10|11
51	CONDITIONAL_MEAN	1902.0641462537	9	2	161679.1537580130	57413.5435688544	104265.6101891585	0.0000000000	947.7071211148	0.0000000000	954.3570251389	397.1673027416	16	20	947.7071211148	3|11
51	CONDITIONAL_MEAN	1902.0641462537	9	3	140593.0078797746	83969.4289725891	56623.5789071855	0.0000000000	511.6430745501	0.0000000000	1514.0360630925	602.6298756874	17	18	511.6430745501	3|7|11
51	CONDITIONAL_MEAN	1902.0641462537	9	4	123249.9610789125	93548.2754123439	29701.6856665685	0.0000000000	279.0489143076	0.0000000000	1842.0547470497	727.6061660124	18	13	279.0489143076	3|7|9|11
51	CONDITIONAL_MEAN	1902.0641462537	9	5	107030.7624138551	92677.9838401041	14352.7785737510	0.0000000000	123.8439325111	0.0000000000	2137.4466278425	858.5344523905	20	10	123.8439325111	0|3|7|9|11
51	CONDITIONAL_MEAN	1902.0641462537	9	6	96112.9645452848	87116.6387424039	8996.3258028808	0.0000000000	75.9139355529	0.0000000000	2548.6894953168	988.5699659626	20	6	75.9139355529	0|3|7|8|9|11
51	CONDITIONAL_MEAN	1902.0641462537	9	7	87348.0146999500	81983.0280275125	5364.9866724374	0.0000000000	42.4101424718	0.0000000000	2927.1862260357	1111.9944310786	20	5	42.4101424718	0|1|3|7|8|9|11
51	CONDITIONAL_MEAN	1902.0641462537	9	8	80684.7534913961	77434.6241315141	3250.1293598820	0.0000000000	27.9875166548	0.0000000000	3171.5669973930	1222.8197417451	20	4	27.9875166548	0|3|6|7|8|9|10|11
51	CONDITIONAL_MEAN	1902.0641462537	9	9	77216.7341602104	76227.3298145643	989.4043456462	0.0000000000	9.2070735798	0.0000000000	3490.1793937323	1327.6453713896	20	3	9.2070735798	0|2|3|6|7|8|9|10|11
52	REALIZED	2103.0304090620	9	2	185320.9571989223	47831.5387491511	137489.4184497712	0.0000000000	1259.5019734807	0.0000000000	954.3570251389	397.1673027416	16	18	1259.5019734807	3|11
52	REALIZED	2103.0304090620	9	3	166136.2789177100	67104.5559796001	99031.7229381098	0.0000000000	942.0141936211	0.0000000000	1314.2401013663	502.0357319753	19	18	942.0141936211	0|7|11
52	REALIZED	2103.0304090620	9	4	147534.4432947588	76591.3090120414	70943.1342827174	0.0000000000	679.6700089154	0.0000000000	1642.2587853235	627.0120223002	19	11	679.6700089154	0|7|9|11
52	REALIZED	2103.0304090620	9	5	131998.4578687539	86563.3447834239	45435.1130853299	0.0000000000	496.9369140507	0.0000000000	2053.5016527978	757.0475358724	19	9	496.9369140507	0|7|8|9|11
52	REALIZED	2103.0304090620	9	6	118790.8870201537	88050.0224289622	30740.8645911914	0.0000000000	322.4597261752	0.0000000000	2548.6894953168	988.5699659626	20	6	322.4597261752	0|3|7|8|9|11
52	REALIZED	2103.0304090620	9	7	109920.3084965017	82348.6181533833	27571.6903431183	0.0000000000	293.8799155184	0.0000000000	2853.7303348905	1159.0613388579	20	6	293.8799155184	0|3|4|7|8|9|11
52	REALIZED	2103.0304090620	9	8	104868.6436090399	82636.1279812570	22232.5156277827	0.0000000000	224.9004744734	0.0000000000	3172.3427312298	1263.8869685025	20	6	224.9004744734	0|2|3|4|7|8|9|11
52	REALIZED	2103.0304090620	9	9	101220.6012039032	82395.3732742314	18825.2279296718	0.0000000000	170.0549076388	0.0000000000	3550.8394619487	1387.3114336185	20	4	170.0549076388	0|1|2|3|4|7|8|9|11
52	CONDITIONAL_MEAN	2103.1933452551	9	2	184643.9894477014	57413.5435688544	127230.4458788469	0.0000000000	1148.8363201162	0.0000000000	954.3570251389	397.1673027416	16	20	1148.8363201162	3|11
52	CONDITIONAL_MEAN	2103.1933452551	9	3	162040.2812308265	90060.8141998235	71979.4670310030	0.0000000000	653.1520457382	0.0000000000	1514.0360630925	602.6298756874	17	18	653.1520457382	3|7|11
52	CONDITIONAL_MEAN	2103.1933452551	9	4	143002.7002071690	102453.6970524728	40549.0031546961	0.0000000000	371.2832264962	0.0000000000	1842.0547470497	727.6061660124	18	14	371.2832264962	3|7|9|11
52	CONDITIONAL_MEAN	2103.1933452551	9	5	125414.1781454904	102556.8470463892	22857.3310991010	0.0000000000	195.1888262334	0.0000000000	2137.4466278425	858.5344523905	20	12	195.1888262334	0|3|7|9|11
52	CONDITIONAL_MEAN	2103.1933452551	9	6	112161.3005972069	100195.8809103855	11965.4196868212	0.0000000000	103.7792361038	0.0000000000	2548.6894953168	988.5699659626	20	7	103.7792361038	0|3|7|8|9|11
52	CONDITIONAL_MEAN	2103.1933452551	9	7	102107.8011088250	93995.9797398168	8111.8213690082	0.0000000000	67.1662636356	0.0000000000	2927.1862260357	1111.9944310786	20	5	67.1662636356	0|1|3|7|8|9|11
52	CONDITIONAL_MEAN	2103.1933452551	9	8	95029.6736863589	90205.6603702508	4824.0133161080	0.0000000000	41.6658038811	0.0000000000	3171.5669973930	1222.8197417451	20	4	41.6658038811	0|3|6|7|8|9|10|11
52	CONDITIONAL_MEAN	2103.1933452551	9	9	90128.6713821174	88808.8525293180	1319.8188527996	0.0000000000	8.5186286010	0.0000000000	3550.0637281119	1346.2442068611	20	1	8.5186286010	0|1|3|6|7|8|9|10|11
53	REALIZED	1712.1910516202	9	2	142473.4563453833	56886.4139074526	85587.0424379307	0.0000000000	765.2476052872	0.0000000000	954.3570251389	397.1673027416	16	17	765.2476052872	3|11
53	REALIZED	1712.1910516202	9	3	121681.7940585725	85008.8269457426	36672.9671128298	0.0000000000	345.1558101973	0.0000000000	1514.0360630925	602.6298756874	17	11	345.1558101973	3|7|11
53	REALIZED	1712.1910516202	9	4	105616.0889843701	84139.4982709421	21476.5907134280	0.0000000000	203.2256673400	0.0000000000	1809.4279438853	733.5581620655	20	11	203.2256673400	0|3|7|11
53	REALIZED	1712.1910516202	9	5	92591.1951512397	79324.6569454802	13266.5382057595	0.0000000000	117.5269453872	0.0000000000	2137.4466278425	858.5344523905	20	7	117.5269453872	0|3|7|9|11
53	REALIZED	1712.1910516202	9	6	82765.9103974866	78358.7970199244	4407.1133775622	0.0000000000	40.3600817497	0.0000000000	2415.5227885799	966.2485860126	20	4	40.3600817497	0|3|7|9|10|11
53	REALIZED	1712.1910516202	9	7	75193.4483163999	73333.3503897647	1860.0979266351	0.0000000000	14.2380213424	0.0000000000	2794.0195192988	1089.6730511286	20	2	14.2380213424	0|1|3|7|9|10|11
53	REALIZED	1712.1910516202	9	8	70090.1790218221	68382.1388613406	1708.0401604816	0.0000000000	18.7345630809	0.0000000000	3066.1506432385	1181.2174379782	20	2	18.7345630809	0|3|5|6|7|9|10|11
53	REALIZED	1712.1910516202	9	9	67335.7921322465	66295.2642795471	1040.5278526995	0.0000000000	14.4261768016	0.0000000000	3384.7630395778	1286.0430676227	20	1	14.4261768016	0|2|3|5|6|7|9|10|11
53	CONDITIONAL_MEAN	1709.7383004605	9	2	139155.9673346600	57241.5543407871	81914.4129938729	0.0000000000	757.2136702922	0.0000000000	954.3570251389	397.1673027416	16	19	757.2136702922	3|11
53	CONDITIONAL_MEAN	1709.7383004605	9	3	119454.0065507884	77351.1575041000	42102.8490466883	0.0000000000	381.4895041560	0.0000000000	1514.0360630925	602.6298756874	17	18	381.4895041560	3|7|11
53	CONDITIONAL_MEAN	1709.7383004605	9	4	103293.3365527252	80923.1209282401	22370.2156244850	0.0000000000	203.8481891189	0.0000000000	1642.2587853235	627.0120223002	19	13	203.8481891189	0|7|9|11
53	CONDITIONAL_MEAN	1709.7383004605	9	5	90220.8969763429	79133.6651261666	11087.2318501762	0.0000000000	93.0744220903	0.0000000000	2137.4466278425	858.5344523905	20	8	93.0744220903	0|3|7|9|11
53	CONDITIONAL_MEAN	1709.7383004605	9	6	81350.3659580836	75842.3206468556	5508.0453112280	0.0000000000	50.6367093491	0.0000000000	2415.5227885799	966.2485860126	20	6	50.6367093491	0|3|7|9|10|11
53	CONDITIONAL_MEAN	1709.7383004605	9	7	73804.2337449365	70013.5297388448	3790.7040060917	0.0000000000	29.6529972571	0.0000000000	2927.1862260357	1111.9944310786	20	4	29.6529972571	0|1|3|7|8|9|11
53	CONDITIONAL_MEAN	1709.7383004605	9	8	68059.9406462208	67403.7960906786	656.1445555422	0.0000000000	4.2350143471	0.0000000000	2990.3846901583	1140.7816339152	20	1	4.2350143471	0|1|3|6|8|9|10|11
53	CONDITIONAL_MEAN	1709.7383004605	9	9	65230.3477166514	64765.8250874760	464.5226291754	0.0000000000	4.8296984077	0.0000000000	3490.1793937323	1327.6453713896	20	2	4.8296984077	0|2|3|6|7|8|9|10|11
54	REALIZED	2111.1558260507	9	2	179929.6507311279	57413.5435688544	122516.1071622735	0.0000000000	1156.7988009119	0.0000000000	954.3570251389	397.1673027416	16	20	1156.7988009119	3|11
54	REALIZED	2111.1558260507	9	3	158967.8446016933	86056.3130863980	72911.5315152952	0.0000000000	701.4127390943	0.0000000000	1514.0360630925	602.6298756874	17	16	701.4127390943	3|7|11
54	REALIZED	2111.1558260507	9	4	139517.6931296600	94429.7370026457	45087.9561270143	0.0000000000	452.2504121422	0.0000000000	1809.4279438853	733.5581620655	20	13	452.2504121422	0|3|7|11
54	REALIZED	2111.1558260507	9	5	123863.7007183975	93002.8996481186	30860.8010702788	0.0000000000	293.1856171803	0.0000000000	2137.4466278425	858.5344523905	20	10	293.1856171803	0|3|7|9|11
54	REALIZED	2111.1558260507	9	6	108687.9610682561	96990.1561859086	11697.8048823475	0.0000000000	138.8275262747	0.0000000000	2443.2731411623	946.9676621957	20	5	138.8275262747	0|3|5|7|9|11
54	REALIZED	2111.1558260507	9	7	98419.4229093042	94118.6999133319	4300.7229959723	0.0000000000	41.5454345184	0.0000000000	2721.3493018997	1054.6817958179	20	3	41.5454345184	0|3|5|7|9|10|11
54	REALIZED	2111.1558260507	9	8	92324.2161106374	89675.7425884263	2648.4735222111	0.0000000000	25.7644727619	0.0000000000	3066.1506432385	1181.2174379782	20	2	25.7644727619	0|3|5|6|7|9|10|11
54	REALIZED	2111.1558260507	9	9	88005.5667690508	86265.1867186741	1740.3800503767	0.0000000000	19.9032812771	0.0000000000	3384.7630395778	1286.0430676227	20	2	19.9032812771	0|2|3|5|6|7|9|10|11
54	CONDITIONAL_MEAN	2186.7219667879	9	2	195251.8187881976	57413.5435688544	137838.2752193431	0.0000000000	1232.3649416491	0.0000000000	954.3570251389	397.1673027416	16	20	1232.3649416491	3|11
54	CONDITIONAL_MEAN	2186.7219667879	9	3	171665.4040001049	95235.0814807687	76430.3225193361	0.0000000000	689.8409824661	0.0000000000	1514.0360630925	602.6298756874	17	18	689.8409824661	3|7|11
54	CONDITIONAL_MEAN	2186.7219667879	9	4	152076.9454753748	108300.6044260736	43776.3410493011	0.0000000000	395.1728084848	0.0000000000	1842.0547470497	727.6061660124	18	15	395.1728084848	3|7|9|11
54	CONDITIONAL_MEAN	2186.7219667879	9	5	133399.9799787154	107433.2566326615	25966.7233460537	0.0000000000	219.2171080191	0.0000000000	2137.4466278425	858.5344523905	20	13	219.2171080191	0|3|7|9|11
54	CONDITIONAL_MEAN	2186.7219667879	9	6	119498.7531739362	107093.8574575361	12404.8957164001	0.0000000000	105.6053168820	0.0000000000	2548.6894953168	988.5699659626	20	7	105.6053168820	0|3|7|8|9|11
54	CONDITIONAL_MEAN	2186.7219667879	9	7	109365.1535352137	100930.6811054669	8434.4724297467	0.0000000000	69.2440775585	0.0000000000	2927.1862260357	1111.9944310786	20	5	69.2440775585	0|1|3|7|8|9|11
54	CONDITIONAL_MEAN	2186.7219667879	9	8	101303.2136752892	98374.1426933687	2929.0709819204	0.0000000000	22.8036369018	0.0000000000	3199.3173499755	1203.5388179281	20	4	22.8036369018	0|3|5|6|7|8|9|11
54	CONDITIONAL_MEAN	2186.7219667879	9	9	95925.3414220664	94854.4043873520	1070.9370347143	0.0000000000	10.5335153081	0.0000000000	3477.3935107128	1311.2529515503	20	2	10.5335153081	0|3|5|6|7|8|9|10|11
55	REALIZED	2261.9084604577	9	2	223176.0331441855	49541.4452496388	173634.5878945466	0.0000000000	1393.4484366995	0.0000000000	954.3570251389	397.1673027416	16	18	1393.4484366995	3|11
55	REALIZED	2261.9084604577	9	3	204950.9724759861	65252.1724228949	139698.8000530912	0.0000000000	1135.8503008225	0.0000000000	1365.5998926132	527.2028163137	18	16	1135.8503008225	3|8|11
55	REALIZED	2261.9084604577	9	4	186540.6433567750	75127.6268098798	111413.0165468951	0.0000000000	845.0341737448	0.0000000000	1642.2587853235	627.0120223002	19	13	845.0341737448	0|7|9|11
55	REALIZED	2261.9084604577	9	5	168892.5965873366	88227.9409903484	80664.6555969882	0.0000000000	627.2288159576	0.0000000000	2053.5016527978	757.0475358724	19	11	627.2288159576	0|7|8|9|11
55	REALIZED	2261.9084604577	9	6	155967.3967492153	99344.7708573671	56622.6258918481	0.0000000000	459.4489711850	0.0000000000	2358.5424923715	927.5389087677	19	11	459.4489711850	0|4|7|8|9|11
55	REALIZED	2261.9084604577	9	7	145141.3594321813	95946.7775905362	49194.5818416450	0.0000000000	383.1461339246	0.0000000000	2853.7303348905	1159.0613388579	20	8	383.1461339246	0|3|4|7|8|9|11
55	REALIZED	2261.9084604577	9	8	138103.6461133679	95741.7248156604	42032.3944613865	329.5268363209	317.3975784236	19.9457975796	3131.8064956279	1266.7754724801	20	6	317.3975784236	0|3|4|7|8|9|10|11
55	REALIZED	2261.9084604577	9	9	132112.6680655711	95749.0081889567	35980.4006427412	383.2592338732	253.4397366156	23.1981442989	3450.4188919671	1371.6011021246	20	6	253.4397366156	0|2|3|4|7|8|9|10|11
55	CONDITIONAL_MEAN	1919.8852899403	9	2	162947.2807814787	57413.5435688544	105533.7372126242	0.0000000000	965.5282648014	0.0000000000	954.3570251389	397.1673027416	16	20	965.5282648014	3|11
55	CONDITIONAL_MEAN	1919.8852899403	9	3	142039.9229594196	82555.9888943597	59483.9340650598	0.0000000000	541.1460612972	0.0000000000	1514.0360630925	602.6298756874	17	18	541.1460612972	3|7|11
55	CONDITIONAL_MEAN	1919.8852899403	9	4	124385.9459078295	92614.7836159636	31771.1622918659	0.0000000000	300.3745139308	0.0000000000	1842.0547470497	727.6061660124	18	13	300.3745139308	3|7|9|11
55	CONDITIONAL_MEAN	1919.8852899403	9	5	108588.3971891237	92618.8956180201	15969.5015711035	0.0000000000	140.2215615503	0.0000000000	2137.4466278425	858.5344523905	20	10	140.2215615503	0|3|7|9|11
55	CONDITIONAL_MEAN	1919.8852899403	9	6	97299.5718387793	87370.8393868667	9928.7324519125	0.0000000000	85.7896931074	0.0000000000	2548.6894953168	988.5699659626	20	6	85.7896931074	0|3|7|8|9|11
55	CONDITIONAL_MEAN	1919.8852899403	9	7	88273.3012803431	82097.8140069887	6175.4872733544	0.0000000000	50.5957595859	0.0000000000	2927.1862260357	1111.9944310786	20	5	50.5957595859	0|1|3|7|8|9|11
55	CONDITIONAL_MEAN	1919.8852899403	9	8	81449.8029540691	77756.4449887202	3693.3579653489	0.0000000000	32.7287034088	0.0000000000	3171.5669973930	1222.8197417451	20	4	32.7287034088	0|3|6|7|8|9|10|11
55	CONDITIONAL_MEAN	1919.8852899403	9	9	77787.0414548649	76667.2982160286	1119.7432388363	0.0000000000	10.9597887611	0.0000000000	3490.1793937323	1327.6453713896	20	3	10.9597887611	0|2|3|6|7|8|9|10|11
56	REALIZED	1843.0766930689	9	2	150371.2188402425	62566.0371352407	87805.1817050018	0.0000000000	817.5757958112	0.0000000000	1054.8668804726	436.9850030361	13	18	817.5757958112	3|7
56	REALIZED	1843.0766930689	9	3	130470.0764532098	70448.4026423069	60021.6738109029	0.0000000000	567.5509391467	0.0000000000	1350.2587612654	567.9132894141	19	16	567.5509391467	0|3|7
56	REALIZED	1843.0766930689	9	4	113735.8749659317	79760.4646586448	33975.4103072869	0.0000000000	339.7814745301	0.0000000000	1728.7554919843	691.3377545301	20	14	339.7814745301	0|1|3|7
56	REALIZED	1843.0766930689	9	5	101845.6606016357	81069.1966226953	20776.4639789404	0.0000000000	218.8360320523	0.0000000000	2006.8316527217	799.0518881523	20	8	218.8360320523	0|1|3|7|10
56	REALIZED	1843.0766930689	9	6	91138.0595182569	77349.1306487220	13788.9288695349	0.0000000000	147.0878032666	0.0000000000	2334.8503366789	924.0281784773	20	8	147.0878032666	0|1|3|7|9|10
56	REALIZED	1843.0766930689	9	7	82300.8278597887	76546.8342970543	5753.9935627343	0.0000000000	77.2839879622	0.0000000000	2606.9814606186	1015.5725653268	20	3	77.2839879622	0|3|5|6|7|9|10
56	REALIZED	1843.0766930689	9	8	77061.3312418091	72576.5440558800	4484.7871859290	0.0000000000	66.2893788117	0.0000000000	2985.4781913375	1138.9970304428	20	3	66.2893788117	0|1|3|5|6|7|9|10
56	REALIZED	1843.0766930689	9	9	72604.6690451461	70452.4300891210	2152.2389560250	0.0000000000	30.4938006034	0.0000000000	3396.7210588119	1269.0325440149	20	3	30.4938006034	0|1|3|5|6|7|8|9|10
56	CONDITIONAL_MEAN	1781.4425964069	9	2	147649.4952775404	57413.5435688544	90235.9517086859	0.0000000000	827.0855712680	0.0000000000	954.3570251389	397.1673027416	16	20	827.0855712680	3|11
56	CONDITIONAL_MEAN	1781.4425964069	9	3	127001.2072287855	81182.4933986747	45818.7138301107	0.0000000000	415.1146480032	0.0000000000	1514.0360630925	602.6298756874	17	18	415.1146480032	3|7|11
56	CONDITIONAL_MEAN	1781.4425964069	9	4	110976.0453756080	87580.6637551931	23395.3816204149	0.0000000000	216.8656670604	0.0000000000	1842.0547470497	727.6061660124	18	13	216.8656670604	3|7|9|11
56	CONDITIONAL_MEAN	1781.4425964069	9	5	96120.1411045887	84324.7045874083	11795.4365171804	0.0000000000	99.8176123926	0.0000000000	2137.4466278425	858.5344523905	20	8	99.8176123926	0|3|7|9|11
56	CONDITIONAL_MEAN	1781.4425964069	9	6	86591.8939956477	79600.0653192159	6991.8286764318	0.0000000000	58.1760600142	0.0000000000	2442.4874674161	1029.0258252858	20	6	58.1760600142	0|3|4|7|9|11
56	CONDITIONAL_MEAN	1781.4425964069	9	7	78724.3094861288	74268.7503545476	4455.5591315812	0.0000000000	34.4943264215	0.0000000000	2927.1862260357	1111.9944310786	20	4	34.4943264215	0|1|3|7|8|9|11
56	CONDITIONAL_MEAN	1781.4425964069	9	8	72857.6794641706	70262.0446124268	2595.6348517439	0.0000000000	21.7312590934	0.0000000000	3171.5669973930	1222.8197417451	20	4	21.7312590934	0|3|6|7|8|9|10|11
56	CONDITIONAL_MEAN	1781.4425964069	9	9	69812.9881935058	68864.6071025189	948.3810909869	0.0000000000	6.1212235824	0.0000000000	3550.0637281119	1346.2442068611	20	1	6.1212235824	0|1|3|6|7|8|9|10|11
57	REALIZED	2209.4823879578	9	2	202026.4052661258	56561.1327319272	145465.2725341986	0.0000000000	1275.0668952304	0.0000000000	954.3570251389	397.1673027416	16	19	1275.0668952304	3|11
57	REALIZED	2209.4823879578	9	3	182062.9527214241	79805.1408717317	102257.8118496925	0.0000000000	891.9042627438	0.0000000000	1514.0360630925	602.6298756874	17	15	891.9042627438	3|7|11
57	REALIZED	2209.4823879578	9	4	163752.4982548400	88038.4547072869	75714.0435475531	0.0000000000	667.0438859297	0.0000000000	1642.2587853235	627.0120223002	19	16	667.0438859297	0|7|9|11
57	REALIZED	2209.4823879578	9	5	147048.9288296886	100612.5688388962	46436.3599907922	0.0000000000	453.7144277514	0.0000000000	2053.5016527978	757.0475358724	19	12	445.0140496693	0|7|8|9|11
57	REALIZED	2209.4823879578	9	6	132139.6757939192	102608.2894425955	29531.3863513237	0.0000000000	269.3657515607	0.0000000000	2548.6894953168	988.5699659626	20	10	269.3657515607	0|3|7|8|9|11
57	REALIZED	2209.4823879578	9	7	121022.2038160381	104025.0703986177	16997.1334174204	0.0000000000	147.5175118379	0.0000000000	2853.7303348905	1159.0613388579	20	8	147.5175118379	0|3|4|7|8|9|11
57	REALIZED	2209.4823879578	9	8	111767.7297842678	103528.4125896886	8239.3171945792	0.0000000000	66.0628157660	0.0000000000	3131.8064956279	1266.7754724801	20	5	66.0628157660	0|3|4|7|8|9|10|11
57	REALIZED	2209.4823879578	9	9	104934.4659680235	99999.3360335484	4935.1299344750	0.0000000000	37.0947501144	0.0000000000	3510.3032263468	1390.1999375961	20	4	37.0947501144	0|1|3|4|7|8|9|10|11
57	CONDITIONAL_MEAN	2305.1303373494	9	2	209097.9915289272	57413.5435688544	151684.4479600728	0.0000000000	1350.7733122106	0.0000000000	954.3570251389	397.1673027416	16	20	1350.7733122106	3|11
57	CONDITIONAL_MEAN	2305.1303373494	9	3	185025.6511062028	96896.4362586311	88129.2148475716	0.0000000000	791.0942742570	0.0000000000	1514.0360630925	602.6298756874	17	20	791.0942742570	3|7|11
57	CONDITIONAL_MEAN	2305.1303373494	9	4	165282.0969736099	110169.4823661146	55112.6146074951	0.0000000000	488.8525938342	0.0000000000	1842.0547470497	727.6061660124	18	18	488.8525938342	3|7|9|11
57	CONDITIONAL_MEAN	2305.1303373494	9	5	146305.7608305984	110990.2212791589	35315.5395514393	0.0000000000	298.3760624146	0.0000000000	2137.4466278425	858.5344523905	20	15	298.3760624146	0|3|7|9|11
57	CONDITIONAL_MEAN	2305.1303373494	9	6	131477.6038907479	113718.2716764427	17759.3322143050	0.0000000000	157.6848533034	0.0000000000	2548.6894953168	988.5699659626	20	9	136.8966312019	0|3|7|8|9|11
57	CONDITIONAL_MEAN	2305.1303373494	9	7	120109.0204310125	109360.0159152075	10749.0045158049	0.0000000000	96.5877686894	0.0000000000	2927.1862260357	1111.9944310786	20	6	96.5877686894	0|1|3|7|8|9|11
57	CONDITIONAL_MEAN	2305.1303373494	9	8	111563.6120806091	106444.2376474041	5119.3744332048	0.0000000000	49.0664263979	0.0000000000	3199.3173499755	1203.5388179281	20	6	49.0664263979	0|3|5|6|7|8|9|11
57	CONDITIONAL_MEAN	2305.1303373494	9	9	105728.6258975517	103665.2331439024	2063.3927536492	0.0000000000	18.5873002261	0.0000000000	3477.3935107128	1311.2529515503	20	4	18.5873002261	0|3|5|6|7|8|9|10|11
58	REALIZED	2470.8536154467	9	2	224145.0982644614	57413.5435688544	166731.5546956070	0.0000000000	1516.4965903078	0.0000000000	954.3570251389	397.1673027416	16	20	1516.4965903078	3|11
58	REALIZED	2470.8536154467	9	3	200113.1295743313	96764.3311848645	103348.7983894669	0.0000000000	959.2657631419	0.0000000000	1514.0360630925	602.6298756874	17	18	959.2657631419	3|7|11
58	REALIZED	2470.8536154467	9	4	179518.8744244833	119025.0562394599	60493.8181850233	0.0000000000	585.3578208605	0.0000000000	1892.5327938114	726.0543408034	19	18	585.3578208605	1|3|7|11
58	REALIZED	2470.8536154467	9	5	160970.0022335234	121467.0545568654	39502.9476766578	0.0000000000	389.1519232978	0.0000000000	2187.9246746042	856.9826271815	20	14	389.1519232978	0|1|3|7|11
58	REALIZED	2470.8536154467	9	6	144247.6120439265	124527.8510727636	19719.7609711628	0.0000000000	177.9807959622	0.0000000000	2515.9433585614	981.9589175064	20	10	177.9807959622	0|1|3|7|9|11
58	REALIZED	2470.8536154467	9	7	133178.0282113198	120407.1198483227	12770.9083629969	0.0000000000	120.0214067689	0.0000000000	2821.7698718812	1070.3921273117	20	7	120.0214067689	0|1|3|5|7|9|11
58	REALIZED	2470.8536154467	9	8	123375.2761684153	116963.8219395336	6411.4542288815	0.0000000000	68.2709281983	0.0000000000	3166.5712132200	1196.9277694720	20	5	68.2709281983	0|1|3|5|6|7|9|11
58	REALIZED	2470.8536154467	9	9	115417.3533529542	113119.9155268216	2297.4378261326	0.0000000000	22.9059756263	0.0000000000	3444.6473739574	1304.6419030942	20	3	22.9059756263	0|1|3|5|6|7|9|10|11
58	CONDITIONAL_MEAN	2056.6425098321	9	2	181344.9242292970	57413.5435688544	123931.3806604425	0.0000000000	1102.2854846932	0.0000000000	954.3570251389	397.1673027416	16	20	1102.2854846932	3|11
58	CONDITIONAL_MEAN	2056.6425098321	9	3	158483.9733426992	92817.6970497418	65666.2762929574	0.0000000000	584.9519134222	0.0000000000	1514.0360630925	602.6298756874	17	18	584.9519134222	3|7|11
58	CONDITIONAL_MEAN	2056.6425098321	9	4	139787.6810004329	92414.8640539061	47372.8169465266	0.0000000000	407.2983487721	0.0000000000	1809.4279438853	733.5581620655	20	15	407.2983487721	0|3|7|11
58	CONDITIONAL_MEAN	2056.6425098321	9	5	122026.2033817460	102405.8538922506	19620.3494894952	0.0000000000	157.6954986864	0.0000000000	2137.4466278425	858.5344523905	20	12	157.6954986864	0|3|7|9|11
58	CONDITIONAL_MEAN	2056.6425098321	9	6	109484.0860279236	99258.3106743638	10225.7753535597	0.0000000000	83.0934714599	0.0000000000	2548.6894953168	988.5699659626	20	7	83.0934714599	0|3|7|8|9|11
58	CONDITIONAL_MEAN	2056.6425098321	9	7	99837.2213173204	93507.0104519929	6330.2108653274	0.0000000000	49.0460191372	0.0000000000	2927.1862260357	1111.9944310786	20	5	49.0460191372	0|1|3|7|8|9|11
58	CONDITIONAL_MEAN	2056.6425098321	9	8	92347.3998989027	89915.4358076280	2431.9640912747	0.0000000000	18.2384728682	0.0000000000	3199.3173499755	1203.5388179281	20	4	18.2384728682	0|3|5|6|7|8|9|11
58	CONDITIONAL_MEAN	2056.6425098321	9	9	87322.6833623999	86515.0292432277	807.6541191723	0.0000000000	7.1851083523	0.0000000000	3477.3935107128	1311.2529515503	20	2	7.1851083523	0|3|5|6|7|8|9|10|11
59	REALIZED	2596.4205580216	9	2	221409.2203842348	56753.1468322054	164656.0735520294	0.0000000000	1654.0804244297	0.0000000000	954.3570251389	397.1673027416	16	19	1654.0804244297	3|11
59	REALIZED	2596.4205580216	9	3	199872.6324331305	83642.9881940079	116229.6442391226	0.0000000000	1179.1594659005	0.0000000000	1514.0360630925	602.6298756874	17	18	1179.1594659005	3|7|11
59	REALIZED	2596.4205580216	9	4	179435.1683290562	94132.1842076825	85302.9841213736	0.0000000000	904.6753100286	0.0000000000	1809.4279438853	733.5581620655	20	16	904.6753100286	0|3|7|11
59	REALIZED	2596.4205580216	9	5	162894.9277586575	102963.2124819681	59931.7152766893	0.0000000000	692.6493589748	0.0000000000	2115.2544572051	821.9913718707	20	15	692.6493589748	0|3|5|7|11
59	REALIZED	2596.4205580216	9	6	148013.0766618413	111359.8042533937	36653.2724084475	0.0000000000	463.4512905280	0.0000000000	2460.0557985439	948.5270140311	20	12	463.4512905280	0|3|5|6|7|11
59	REALIZED	2596.4205580216	9	7	136117.2445327794	113697.7895984045	22419.4549343748	0.0000000000	290.5859173806	0.0000000000	2738.1319592813	1056.2411476532	20	9	290.5859173806	0|3|5|6|7|10|11
59	REALIZED	2596.4205580216	9	8	127125.7306558070	118662.7713420361	8462.9593137707	0.0000000000	98.1568669985	0.0000000000	3066.1506432385	1181.2174379782	20	8	98.1568669985	0|3|5|6|7|9|10|11
59	REALIZED	2596.4205580216	9	9	119898.9040372930	114934.8999203668	4964.0041169261	0.0000000000	44.6852989544	0.0000000000	3444.6473739574	1304.6419030942	20	6	44.6852989544	0|1|3|5|6|7|9|10|11
59	CONDITIONAL_MEAN	2032.7147439874	9	2	176880.6435456412	57413.5435688544	119467.0999767867	0.0000000000	1078.3577188485	0.0000000000	954.3570251389	397.1673027416	16	20	1078.3577188485	3|11
59	CONDITIONAL_MEAN	2032.7147439874	9	3	153784.5596894262	92093.5525167085	61691.0071727176	0.0000000000	562.9521536529	0.0000000000	1514.0360630925	602.6298756874	17	18	562.9521536529	3|7|11
59	CONDITIONAL_MEAN	2032.7147439874	9	4	134624.5160660310	104289.1033998798	30335.4126661512	0.0000000000	289.2776951979	0.0000000000	1842.0547470497	727.6061660124	18	14	289.2776951979	3|7|9|11
59	CONDITIONAL_MEAN	2032.7147439874	9	5	117215.1340193568	101048.1271971723	16167.0068221844	0.0000000000	146.0384154017	0.0000000000	2137.4466278425	858.5344523905	20	12	146.0384154017	0|3|7|9|11
59	CONDITIONAL_MEAN	2032.7147439874	9	6	105890.7619666395	96189.2110451203	9701.5509215191	0.0000000000	81.0238325297	0.0000000000	2548.6894953168	988.5699659626	20	7	81.0238325297	0|3|7|8|9|11
59	CONDITIONAL_MEAN	2032.7147439874	9	7	96983.6944996858	90961.3682717992	6022.3262278866	0.0000000000	47.5094070718	0.0000000000	2927.1862260357	1111.9944310786	20	5	47.5094070718	0|1|3|7|8|9|11
59	CONDITIONAL_MEAN	2032.7147439874	9	8	90159.2782246426	88924.7777770641	1234.5004475784	0.0000000000	7.9679501458	0.0000000000	2990.3846901583	1140.7816339152	20	1	7.9679501458	0|1|3|6|8|9|10|11
59	CONDITIONAL_MEAN	2032.7147439874	9	9	85720.1608680226	84485.6604204441	1234.5004475784	0.0000000000	7.9679501458	0.0000000000	3550.0637281119	1346.2442068611	20	1	7.9679501458	0|1|3|6|7|8|9|10|11
