design	replication	query	method	status	certified	objective	gap	solve_sec	ess	selected_count	selected	nominal_total	context_market	context_trend	context_promotion	context_attention	oos_mean	oos_sd	oos_q95	oos_cvar95	oos_max	spot_share	mqc_penalty
DENSE_WIDE_POSITIVE	1	0	D	Optimal	true	75650.0224644936	0.000000000	0.008358	1.0000000000	9	1|2|3|4|7|8|9|10|11	1621.7690711333	0.0117830644	1.0000000000	0.4099187016	0.2152695371	72817.6600232416	25045.6996444936	118786.9402697736	144647.7246569694	227530.4371985761	0.0185332259	3277.7928345613
DENSE_WIDE_POSITIVE	1	0	SAA	Optimal	true	89908.9643287701	0.000000000	0.686335	60.0000000000	9	1|2|3|4|5|8|9|10|11	1621.7690711333	0.0117830644	1.0000000000	0.4099187016	0.2152695371	70963.4294241909	24486.3857364032	117698.9825106466	140847.2275161523	223236.8642007434	0.0182835892	3004.3111220414
DENSE_WIDE_POSITIVE	1	0	CSAA	Optimal	true	82002.7501018839	0.000000000	0.603710	34.3302953514	9	1|2|3|4|5|8|9|10|11	1621.7690711333	0.0117830644	1.0000000000	0.4099187016	0.2152695371	70963.4294241909	24486.3857364032	117698.9825106466	140847.2275161523	223236.8642007434	0.0182835892	3004.3111220414
DENSE_WIDE_POSITIVE	1	1	D	Optimal	true	75650.0224644936	0.000000000	0.008358	1.0000000000	9	1|2|3|4|7|8|9|10|11	2202.9809813335	0.9327572915	1.0000000000	0.5068553511	0.5826278452	117117.0106715285	43895.3069659012	203785.7273855686	238333.5003202795	333896.8570901502	0.0621481311	740.9622544612
DENSE_WIDE_POSITIVE	1	1	SAA	Optimal	true	89908.9643287701	0.000000000	0.686335	60.0000000000	9	1|2|3|4|5|8|9|10|11	2202.9809813335	0.9327572915	1.0000000000	0.5068553511	0.5826278452	114696.6848042682	42996.3000228573	200065.6949737873	234076.8707910231	323465.0108406685	0.0530595908	732.0540865954
DENSE_WIDE_POSITIVE	1	1	CSAA	Optimal	true	103913.1530348821	0.000000000	1.631347	24.2754171110	9	1|2|3|4|5|8|9|10|11	2202.9809813335	0.9327572915	1.0000000000	0.5068553511	0.5826278452	114696.6848042682	42996.3000228573	200065.6949737873	234076.8707910231	323465.0108406685	0.0530595908	732.0540865954
DENSE_WIDE_POSITIVE	1	2	D	Optimal	true	75650.0224644936	0.000000000	0.008358	1.0000000000	9	1|2|3|4|7|8|9|10|11	2192.1203946211	0.6391145154	1.0000000000	0.4554782002	0.8691791090	113395.7906401752	46228.0326191215	194282.0090770213	245297.1998701072	317396.5933162246	0.0608563222	953.8140743901
DENSE_WIDE_POSITIVE	1	2	SAA	Optimal	true	89908.9643287701	0.000000000	0.686335	60.0000000000	9	1|2|3|4|5|8|9|10|11	2192.1203946211	0.6391145154	1.0000000000	0.4554782002	0.8691791090	111288.4798488424	45309.8562216605	191606.0511454473	240951.6266702515	311507.3552777030	0.0537866977	927.6494624204
DENSE_WIDE_POSITIVE	1	2	CSAA	Optimal	true	101269.1639485362	0.000000000	0.740469	29.1668069982	9	1|2|3|4|5|8|9|10|11	2192.1203946211	0.6391145154	1.0000000000	0.4554782002	0.8691791090	111288.4798488424	45309.8562216605	191606.0511454473	240951.6266702515	311507.3552777030	0.0537866977	927.6494624204
DENSE_WIDE_POSITIVE	1	3	D	Optimal	true	75650.0224644936	0.000000000	0.008358	1.0000000000	9	1|2|3|4|7|8|9|10|11	2287.7592602750	0.9338887211	1.0000000000	0.6676985897	0.5775792839	120081.2022497480	46462.1057949105	210712.8682254482	248954.1495874828	322113.8844090018	0.0633863556	735.4465501281
DENSE_WIDE_POSITIVE	1	3	SAA	Optimal	true	89908.9643287701	0.000000000	0.686335	60.0000000000	9	1|2|3|4|5|8|9|10|11	2287.7592602750	0.9338887211	1.0000000000	0.6676985897	0.5775792839	117774.6121601927	45444.9878645055	204136.2457932190	244067.6973719707	313053.5772819245	0.0548543079	698.0704233593
DENSE_WIDE_POSITIVE	1	3	CSAA	Optimal	true	104198.0514361516	0.000000000	0.816376	26.1502666904	9	1|2|3|4|5|8|9|10|11	2287.7592602750	0.9338887211	1.0000000000	0.6676985897	0.5775792839	117774.6121601927	45444.9878645055	204136.2457932190	244067.6973719707	313053.5772819245	0.0548543079	698.0704233593
DENSE_WIDE_POSITIVE	1	4	D	Optimal	true	75650.0224644936	0.000000000	0.008358	1.0000000000	9	1|2|3|4|7|8|9|10|11	2197.1543713353	0.8552303291	1.0000000000	0.8364458383	0.2494764427	115675.9897918074	43733.1551817814	202765.7023973667	233778.6714886535	283240.4777014417	0.0595417295	882.7309888482
DENSE_WIDE_POSITIVE	1	4	SAA	Optimal	true	89908.9643287701	0.000000000	0.686335	60.0000000000	9	1|2|3|4|5|8|9|10|11	2197.1543713353	0.8552303291	1.0000000000	0.8364458383	0.2494764427	113248.4549622385	42768.3118531035	197100.3347524272	228551.5614045877	273504.6642076962	0.0514662868	843.8545922162
DENSE_WIDE_POSITIVE	1	4	CSAA	Optimal	true	97512.4612168793	0.000000000	0.990334	28.6967042454	9	1|2|3|4|5|8|9|10|11	2197.1543713353	0.8552303291	1.0000000000	0.8364458383	0.2494764427	113248.4549622385	42768.3118531035	197100.3347524272	228551.5614045877	273504.6642076962	0.0514662868	843.8545922162
DENSE_WIDE_POSITIVE	1	5	D	Optimal	true	75650.0224644936	0.000000000	0.008358	1.0000000000	9	1|2|3|4|7|8|9|10|11	2068.9309600337	0.3878213983	1.0000000000	0.8382892096	0.3661045312	103529.3119363100	39108.7816413186	180202.3583041676	209095.8825320224	294996.4759648736	0.0470240322	1193.6852754118
DENSE_WIDE_POSITIVE	1	5	SAA	Optimal	true	89908.9643287701	0.000000000	0.686335	60.0000000000	9	1|2|3|4|5|8|9|10|11	2068.9309600337	0.3878213983	1.0000000000	0.8382892096	0.3661045312	101570.4984990409	38272.3673367223	177871.2742987201	204833.8579719130	289377.4107508209	0.0428692488	1165.3803939830
DENSE_WIDE_POSITIVE	1	5	CSAA	Optimal	true	93893.5195763175	0.000000000	1.032385	34.1726657489	9	1|2|3|4|5|8|9|10|11	2068.9309600337	0.3878213983	1.0000000000	0.8382892096	0.3661045312	101570.4984990409	38272.3673367223	177871.2742987201	204833.8579719130	289377.4107508209	0.0428692488	1165.3803939830
DENSE_WIDE_POSITIVE	1	6	D	Optimal	true	75650.0224644936	0.000000000	0.008358	1.0000000000	9	1|2|3|4|7|8|9|10|11	1925.2015318439	0.5819183827	1.0000000000	0.7401627344	0.0031371652	94662.8711272570	38216.7926814318	162460.6774895015	206454.6210070298	343118.7425215109	0.0368956164	1604.2213270761
DENSE_WIDE_POSITIVE	1	6	SAA	Optimal	true	89908.9643287701	0.000000000	0.686335	60.0000000000	9	1|2|3|4|5|8|9|10|11	1925.2015318439	0.5819183827	1.0000000000	0.7401627344	0.0031371652	92713.1112198468	37479.2843249858	158586.8086634330	202130.7285791866	334662.1264369341	0.0342643236	1536.7355264668
DENSE_WIDE_POSITIVE	1	6	CSAA	Optimal	true	90125.6006114126	0.000000000	0.753479	31.9301976983	9	1|2|3|4|5|8|9|10|11	1925.2015318439	0.5819183827	1.0000000000	0.7401627344	0.0031371652	92713.1112198468	37479.2843249858	158586.8086634330	202130.7285791866	334662.1264369341	0.0342643236	1536.7355264668
DENSE_WIDE_POSITIVE	1	7	D	Optimal	true	75650.0224644936	0.000000000	0.008358	1.0000000000	9	1|2|3|4|7|8|9|10|11	1726.8984643774	0.1068752478	1.0000000000	0.2583581505	0.5408428997	82096.7462382651	27715.7380664338	140425.2552727576	160912.7022216139	221418.2211686100	0.0253815864	2246.1486728274
DENSE_WIDE_POSITIVE	1	7	SAA	Optimal	true	89908.9643287701	0.000000000	0.686335	60.0000000000	9	1|2|3|4|5|8|9|10|11	1726.8984643774	0.1068752478	1.0000000000	0.2583581505	0.5408428997	80241.8818371318	27198.7115049721	136544.1168528760	157228.2203199263	216116.7644806185	0.0232459081	2123.6166292345
DENSE_WIDE_POSITIVE	1	7	CSAA	Optimal	true	86204.1768147423	0.000000000	0.694855	35.0437253125	9	1|2|3|4|5|8|9|10|11	1726.8984643774	0.1068752478	1.0000000000	0.2583581505	0.5408428997	80241.8818371318	27198.7115049721	136544.1168528760	157228.2203199263	216116.7644806185	0.0232459081	2123.6166292345
DENSE_WIDE_POSITIVE	1	8	D	Optimal	true	75650.0224644936	0.000000000	0.008358	1.0000000000	9	1|2|3|4|7|8|9|10|11	1939.8352272188	0.8624520772	1.0000000000	0.2817908352	0.3336611818	94719.9994234801	35046.8204104358	161426.0290612937	190727.8085684108	401911.3873376572	0.0378635713	1612.9328959373
DENSE_WIDE_POSITIVE	1	8	SAA	Optimal	true	89908.9643287701	0.000000000	0.686335	60.0000000000	9	1|2|3|4|5|8|9|10|11	1939.8352272188	0.8624520772	1.0000000000	0.2817908352	0.3336611818	92790.8916656874	34417.4454787230	158479.1538231836	187217.7983792427	395249.4730863946	0.0327291574	1510.5883836831
DENSE_WIDE_POSITIVE	1	8	CSAA	Optimal	true	94310.0837284537	0.000000000	0.740042	29.5449409550	9	1|2|3|4|5|8|9|10|11	1939.8352272188	0.8624520772	1.0000000000	0.2817908352	0.3336611818	92790.8916656874	34417.4454787230	158479.1538231836	187217.7983792427	395249.4730863946	0.0327291574	1510.5883836831
DENSE_WIDE_POSITIVE	1	9	D	Optimal	true	75650.0224644936	0.000000000	0.008358	1.0000000000	9	1|2|3|4|7|8|9|10|11	2208.3551156144	0.6917826113	1.0000000000	0.8548199477	0.3914343270	116071.2549935838	45694.0110335183	201805.0338893281	235125.6303087521	342574.8037111471	0.0590599379	825.1935381311
DENSE_WIDE_POSITIVE	1	9	SAA	Optimal	true	89908.9643287701	0.000000000	0.686335	60.0000000000	9	1|2|3|4|5|8|9|10|11	2208.3551156144	0.6917826113	1.0000000000	0.8548199477	0.3914343270	113860.3781424407	44623.3406223691	198327.1124568681	230348.4785306957	333804.1990773889	0.0521638276	839.8693206487
DENSE_WIDE_POSITIVE	1	9	CSAA	Optimal	true	97739.8510615510	0.000000000	1.139425	32.0856135631	9	1|2|3|4|5|8|9|10|11	2208.3551156144	0.6917826113	1.0000000000	0.8548199477	0.3914343270	113860.3781424407	44623.3406223691	198327.1124568681	230348.4785306957	333804.1990773889	0.0521638276	839.8693206487
DENSE_WIDE_POSITIVE	1	10	D	Optimal	true	75650.0224644936	0.000000000	0.008358	1.0000000000	9	1|2|3|4|7|8|9|10|11	2345.0387616526	0.4382604133	1.0000000000	0.9333719667	0.8126014755	123542.2506512373	49720.2061684021	224916.7632590050	259094.9167363197	358779.1938453564	0.0720644250	692.1934349671
DENSE_WIDE_POSITIVE	1	10	SAA	Optimal	true	89908.9643287701	0.000000000	0.686335	60.0000000000	9	1|2|3|4|5|8|9|10|11	2345.0387616526	0.4382604133	1.0000000000	0.9333719667	0.8126014755	121392.5173708898	48726.0852542263	222873.8309827466	254699.9743725871	351353.0355075794	0.0641856814	707.3093919292
DENSE_WIDE_POSITIVE	1	10	CSAA	Optimal	true	103548.2633818264	0.000000000	0.783072	32.5167419438	9	1|2|3|4|5|8|9|10|11	2345.0387616526	0.4382604133	1.0000000000	0.9333719667	0.8126014755	121392.5173708898	48726.0852542263	222873.8309827466	254699.9743725871	351353.0355075794	0.0641856814	707.3093919292
DENSE_WIDE_POSITIVE	1	11	D	Optimal	true	75650.0224644936	0.000000000	0.008358	1.0000000000	9	1|2|3|4|7|8|9|10|11	1756.2125423098	0.0158474353	1.0000000000	0.3015519240	0.6314771314	83292.3960197468	30127.1321366815	144710.3237842917	168379.0715455819	229478.2362842422	0.0260691938	2217.9963605275
DENSE_WIDE_POSITIVE	1	11	SAA	Optimal	true	89908.9643287701	0.000000000	0.686335	60.0000000000	9	1|2|3|4|5|8|9|10|11	1756.2125423098	0.0158474353	1.0000000000	0.3015519240	0.6314771314	81538.5004391946	29749.8041258264	142130.5835973783	165513.3687676709	228255.8019479559	0.0244049975	2128.2186962655
DENSE_WIDE_POSITIVE	1	11	CSAA	Optimal	true	87598.0600979591	0.000000000	0.892090	35.1915811496	9	1|2|3|4|5|8|9|10|11	1756.2125423098	0.0158474353	1.0000000000	0.3015519240	0.6314771314	81538.5004391946	29749.8041258264	142130.5835973783	165513.3687676709	228255.8019479559	0.0244049975	2128.2186962655
DENSE_WIDE_POSITIVE	1	12	D	Optimal	true	75650.0224644936	0.000000000	0.008358	1.0000000000	9	1|2|3|4|7|8|9|10|11	2237.9102646695	0.7724623541	1.0000000000	0.8153723547	0.4333383093	115192.9241898987	44156.8705697060	196971.0791610109	238656.4985007804	435152.9979602156	0.0561457367	781.7772664621
DENSE_WIDE_POSITIVE	1	12	SAA	Optimal	true	89908.9643287701	0.000000000	0.686335	60.0000000000	9	1|2|3|4|5|8|9|10|11	2237.9102646695	0.7724623541	1.0000000000	0.8153723547	0.4333383093	112802.0673468437	43487.7448463217	190040.9318441438	234749.1459434399	434201.1617031640	0.0496928623	758.6007825746
DENSE_WIDE_POSITIVE	1	12	CSAA	Optimal	true	99372.5489304808	0.000000000	0.677741	30.3275640199	9	1|2|3|4|5|8|9|10|11	2237.9102646695	0.7724623541	1.0000000000	0.8153723547	0.4333383093	112802.0673468437	43487.7448463217	190040.9318441438	234749.1459434399	434201.1617031640	0.0496928623	758.6007825746
DENSE_WIDE_POSITIVE	1	13	D	Optimal	true	75650.0224644936	0.000000000	0.008358	1.0000000000	9	1|2|3|4|7|8|9|10|11	2126.7882543636	0.7615038548	1.0000000000	0.9421965798	0.0521133697	106326.7517049570	41725.0924873291	184776.0310713077	230695.3952664466	301556.4908522722	0.0475104393	1191.6024529326
DENSE_WIDE_POSITIVE	1	13	SAA	Optimal	true	89908.9643287701	0.000000000	0.686335	60.0000000000	9	1|2|3|4|5|8|9|10|11	2126.7882543636	0.7615038548	1.0000000000	0.9421965798	0.0521133697	104206.1837013114	41080.1918491517	182740.3351489460	227217.7003633011	297766.6558583349	0.0435387040	1091.6451804580
DENSE_WIDE_POSITIVE	1	13	CSAA	Optimal	true	94357.9966445398	0.000000000	0.679764	30.4774344107	9	1|2|3|4|5|8|9|10|11	2126.7882543636	0.7615038548	1.0000000000	0.9421965798	0.0521133697	104206.1837013114	41080.1918491517	182740.3351489460	227217.7003633011	297766.6558583349	0.0435387040	1091.6451804580
DENSE_WIDE_POSITIVE	1	14	D	Optimal	true	75650.0224644936	0.000000000	0.008358	1.0000000000	9	1|2|3|4|7|8|9|10|11	2204.4456848057	0.2559527569	1.0000000000	0.9566138088	0.6345420132	117352.5185319953	49575.5848329881	213151.2924237990	256616.1629018744	420590.3683011723	0.0676446469	912.1053640550
DENSE_WIDE_POSITIVE	1	14	SAA	Optimal	true	89908.9643287701	0.000000000	0.686335	60.0000000000	9	1|2|3|4|5|8|9|10|11	2204.4456848057	0.2559527569	1.0000000000	0.9566138088	0.6345420132	115271.8096627128	48569.4253958968	207379.9747925591	252069.5173006930	411645.4904444048	0.0623713351	925.9058508267
DENSE_WIDE_POSITIVE	1	14	CSAA	Optimal	true	98202.9284506827	0.000000000	0.745599	23.1160939664	9	1|2|3|4|5|8|9|10|11	2204.4456848057	0.2559527569	1.0000000000	0.9566138088	0.6345420132	115271.8096627128	48569.4253958968	207379.9747925591	252069.5173006930	411645.4904444048	0.0623713351	925.9058508267
DENSE_WIDE_POSITIVE	1	15	D	Optimal	true	75650.0224644936	0.000000000	0.008358	1.0000000000	9	1|2|3|4|7|8|9|10|11	1954.1088431792	0.1460861305	1.0000000000	0.6798922842	0.5076972092	95883.7782958478	34602.4671447974	166230.5989866704	189434.0604610748	279901.2536850309	0.0399734541	1503.1791299961
DENSE_WIDE_POSITIVE	1	15	SAA	Optimal	true	89908.9643287701	0.000000000	0.686335	60.0000000000	9	1|2|3|4|5|8|9|10|11	1954.1088431792	0.1460861305	1.0000000000	0.6798922842	0.5076972092	93857.4224228567	33963.1362501915	162810.1966706435	185922.0449033451	275036.1465597568	0.0359432826	1432.1193013642
DENSE_WIDE_POSITIVE	1	15	CSAA	Optimal	true	93375.0988610666	0.000000000	0.676333	29.9305001723	9	1|2|3|4|5|8|9|10|11	1954.1088431792	0.1460861305	1.0000000000	0.6798922842	0.5076972092	93857.4224228567	33963.1362501915	162810.1966706435	185922.0449033451	275036.1465597568	0.0359432826	1432.1193013642
DENSE_WIDE_POSITIVE	1	16	D	Optimal	true	75650.0224644936	0.000000000	0.008358	1.0000000000	9	1|2|3|4|7|8|9|10|11	2464.7364560119	0.6320082393	1.0000000000	0.8787564824	0.9722336934	132274.9970889950	54238.5148534238	226900.1462384090	285656.6793227031	374427.5538696462	0.0809914947	497.9611104048
DENSE_WIDE_POSITIVE	1	16	SAA	Optimal	true	89908.9643287701	0.000000000	0.686335	60.0000000000	9	1|2|3|4|5|8|9|10|11	2464.7364560119	0.6320082393	1.0000000000	0.8787564824	0.9722336934	129886.1939495671	53089.4912783233	222095.1326095677	280831.4192322218	369698.2373647058	0.0709545879	526.4252061835
DENSE_WIDE_POSITIVE	1	16	CSAA	Optimal	true	108096.6923248778	0.000000000	0.789893	31.7962076190	9	1|2|3|4|5|8|9|10|11	2464.7364560119	0.6320082393	1.0000000000	0.8787564824	0.9722336934	129886.1939495671	53089.4912783233	222095.1326095677	280831.4192322218	369698.2373647058	0.0709545879	526.4252061835
DENSE_WIDE_POSITIVE	1	17	D	Optimal	true	75650.0224644936	0.000000000	0.008358	1.0000000000	9	1|2|3|4|7|8|9|10|11	2346.9153214202	0.6294637064	1.0000000000	0.7563064763	0.8615529108	128670.3583562075	54511.1782832114	240936.5785114022	285185.3296197707	366128.4695089502	0.0775766106	599.1641916540
DENSE_WIDE_POSITIVE	1	17	SAA	Optimal	true	89908.9643287701	0.000000000	0.686335	60.0000000000	9	1|2|3|4|5|8|9|10|11	2346.9153214202	0.6294637064	1.0000000000	0.7563064763	0.8615529108	126347.1192942053	53403.2766249939	234004.8250671639	280873.6045141523	360290.0357535938	0.0692403881	617.2797106427
DENSE_WIDE_POSITIVE	1	17	CSAA	Optimal	true	105112.6733932224	0.000000000	0.755945	33.4280978999	9	1|2|3|4|5|8|9|10|11	2346.9153214202	0.6294637064	1.0000000000	0.7563064763	0.8615529108	126347.1192942053	53403.2766249939	234004.8250671639	280873.6045141523	360290.0357535938	0.0692403881	617.2797106427
DENSE_WIDE_POSITIVE	1	18	D	Optimal	true	75650.0224644936	0.000000000	0.008358	1.0000000000	9	1|2|3|4|7|8|9|10|11	1853.2457659929	0.7798013567	1.0000000000	0.1400205618	0.3817923954	86609.1477925788	30920.4774714252	151222.7651039804	173676.6933645830	230929.7274821613	0.0312217043	1991.9593596409
DENSE_WIDE_POSITIVE	1	18	SAA	Optimal	true	89908.9643287701	0.000000000	0.686335	60.0000000000	9	1|2|3|4|5|8|9|10|11	1853.2457659929	0.7798013567	1.0000000000	0.1400205618	0.3817923954	84677.5192558955	30514.7325047128	145571.4256586496	170934.5690276374	230819.0996171731	0.0266624270	1854.0525577066
DENSE_WIDE_POSITIVE	1	18	CSAA	Optimal	true	91065.3032423615	0.000000000	0.887794	31.8032350134	9	1|2|3|4|5|8|9|10|11	1853.2457659929	0.7798013567	1.0000000000	0.1400205618	0.3817923954	84677.5192558955	30514.7325047128	145571.4256586496	170934.5690276374	230819.0996171731	0.0266624270	1854.0525577066
DENSE_WIDE_POSITIVE	1	19	D	Optimal	true	75650.0224644936	0.000000000	0.008358	1.0000000000	9	1|2|3|4|7|8|9|10|11	2223.7965958756	0.7980697243	1.0000000000	0.3380010404	0.9405653909	118235.2738203098	49339.1017593240	205331.3293684356	260764.4028184366	436980.8207932972	0.0661345084	819.4200583932
DENSE_WIDE_POSITIVE	1	19	SAA	Optimal	true	89908.9643287701	0.000000000	0.686335	60.0000000000	9	1|2|3|4|5|8|9|10|11	2223.7965958756	0.7980697243	1.0000000000	0.3380010404	0.9405653909	115920.2127228872	48343.6082940395	201276.3008153632	256226.1553999384	432106.5097053908	0.0560911276	753.0427035501
DENSE_WIDE_POSITIVE	1	19	CSAA	Optimal	true	101831.5867702304	0.000000000	0.747992	22.2638206599	9	1|2|3|4|5|8|9|10|11	2223.7965958756	0.7980697243	1.0000000000	0.3380010404	0.9405653909	115920.2127228872	48343.6082940395	201276.3008153632	256226.1553999384	432106.5097053908	0.0560911276	753.0427035501
DENSE_INDEPENDENT_LEVELS	1	0	D	Optimal	true	77727.2792721973	0.000000000	0.007535	1.0000000000	9	1|2|3|4|7|8|9|10|11	1648.7388812261	0.0117830644	1.0000000000	0.4099187016	0.2152695371	73691.2583625920	25594.4554190512	121249.4913459005	147740.8931143763	244369.6443607203	0.0184187780	3047.1617212190
DENSE_INDEPENDENT_LEVELS	1	0	SAA	Optimal	true	93063.7190266871	0.000000000	0.885674	60.0000000000	9	1|2|3|4|5|8|9|10|11	1648.7388812261	0.0117830644	1.0000000000	0.4099187016	0.2152695371	72493.2513746896	25119.6011298212	120642.3252301546	144320.2372411374	241383.5669536550	0.0185084226	2952.4636437321
DENSE_INDEPENDENT_LEVELS	1	0	CSAA	Optimal	true	84018.8263789082	0.000000000	1.016887	34.3302953514	9	1|2|3|4|5|8|9|10|11	1648.7388812261	0.0117830644	1.0000000000	0.4099187016	0.2152695371	72493.2513746896	25119.6011298212	120642.3252301546	144320.2372411374	241383.5669536550	0.0185084226	2952.4636437321
DENSE_INDEPENDENT_LEVELS	1	1	D	Optimal	true	77727.2792721973	0.000000000	0.007535	1.0000000000	9	1|2|3|4|7|8|9|10|11	2300.9623591147	0.9327572915	1.0000000000	0.5068553511	0.5826278452	126911.2076178447	48447.3789672334	225655.7786439660	259490.5572488844	356882.3544712828	0.0702919930	555.3898637022
DENSE_INDEPENDENT_LEVELS	1	1	SAA	Optimal	true	93063.7190266871	0.000000000	0.885674	60.0000000000	9	1|2|3|4|5|8|9|10|11	2300.9623591147	0.9327572915	1.0000000000	0.5068553511	0.5826278452	124828.5250029397	47453.4674451635	223851.6397148205	255230.8569561553	344988.8304086682	0.0635762964	645.2630040189
DENSE_INDEPENDENT_LEVELS	1	1	CSAA	Optimal	true	110888.2110098944	0.000000000	0.833903	24.2754171110	9	1|2|3|4|5|8|9|10|11	2300.9623591147	0.9327572915	1.0000000000	0.5068553511	0.5826278452	124828.5250029397	47453.4674451635	223851.6397148205	255230.8569561553	344988.8304086682	0.0635762964	645.2630040189
DENSE_INDEPENDENT_LEVELS	1	2	D	Optimal	true	77727.2792721973	0.000000000	0.007535	1.0000000000	9	1|2|3|4|7|8|9|10|11	2268.8901838555	0.6391145154	1.0000000000	0.4554782002	0.8691791090	120824.0309970468	49557.9030053882	213935.7388514302	262006.2878002951	331330.2152744375	0.0638319304	785.8598557156
DENSE_INDEPENDENT_LEVELS	1	2	SAA	Optimal	true	93063.7190266871	0.000000000	0.885674	60.0000000000	9	1|2|3|4|5|8|9|10|11	2268.8901838555	0.6391145154	1.0000000000	0.4554782002	0.8691791090	119098.1469599046	48545.9567207411	208377.2819696812	257821.6522051086	325753.7555471490	0.0605437666	866.5403162019
DENSE_INDEPENDENT_LEVELS	1	2	CSAA	Optimal	true	107303.3889007758	0.000000000	0.933284	29.1668069982	9	1|2|3|4|5|8|9|10|11	2268.8901838555	0.6391145154	1.0000000000	0.4554782002	0.8691791090	119098.1469599046	48545.9567207411	208377.2819696812	257821.6522051086	325753.7555471490	0.0605437666	866.5403162019
DENSE_INDEPENDENT_LEVELS	1	3	D	Optimal	true	77727.2792721973	0.000000000	0.007535	1.0000000000	9	1|2|3|4|7|8|9|10|11	2363.7216334882	0.9338887211	1.0000000000	0.6676985897	0.5775792839	128119.6130695072	49612.6909530231	225846.4144745923	262456.1321129699	373974.7233405711	0.0691000857	598.4559969351
DENSE_INDEPENDENT_LEVELS	1	3	SAA	Optimal	true	93063.7190266871	0.000000000	0.885674	60.0000000000	9	1|2|3|4|5|8|9|10|11	2363.7216334882	0.9338887211	1.0000000000	0.6676985897	0.5775792839	126050.5821314368	48534.6369188417	220117.1090463513	257612.8532658817	363919.4356423774	0.0622693372	642.8410969072
DENSE_INDEPENDENT_LEVELS	1	3	CSAA	Optimal	true	110785.3033580862	0.000000000	0.803485	26.1502666904	9	1|2|3|4|5|8|9|10|11	2363.7216334882	0.9338887211	1.0000000000	0.6676985897	0.5775792839	126050.5821314368	48534.6369188417	220117.1090463513	257612.8532658817	363919.4356423774	0.0622693372	642.8410969072
DENSE_INDEPENDENT_LEVELS	1	4	D	Optimal	true	77727.2792721973	0.000000000	0.007535	1.0000000000	9	1|2|3|4|7|8|9|10|11	2243.7028874603	0.8552303291	1.0000000000	0.8364458383	0.2494764427	121129.6157931126	46658.0267391299	209338.4491606800	245982.9117446144	317698.1937682465	0.0661701499	726.5911979550
DENSE_INDEPENDENT_LEVELS	1	4	SAA	Optimal	true	93063.7190266871	0.000000000	0.885674	60.0000000000	9	1|2|3|4|5|8|9|10|11	2243.7028874603	0.8552303291	1.0000000000	0.8364458383	0.2494764427	118999.2242361209	45562.0358715767	206565.3156051803	240592.6927366498	306744.6455789333	0.0576501956	794.7383120007
DENSE_INDEPENDENT_LEVELS	1	4	CSAA	Optimal	true	102950.5459697542	0.000000000	0.865256	28.6967042454	9	1|2|3|4|5|8|9|10|11	2243.7028874603	0.8552303291	1.0000000000	0.8364458383	0.2494764427	118999.2242361209	45562.0358715767	206565.3156051803	240592.6927366498	306744.6455789333	0.0576501956	794.7383120007
DENSE_INDEPENDENT_LEVELS	1	5	D	Optimal	true	77727.2792721973	0.000000000	0.007535	1.0000000000	9	1|2|3|4|7|8|9|10|11	2071.3716274867	0.3878213983	1.0000000000	0.8382892096	0.3661045312	104423.4024670784	39795.0456598310	182816.0109112142	208544.1182369354	290956.6886479107	0.0469326521	1145.2311697862
DENSE_INDEPENDENT_LEVELS	1	5	SAA	Optimal	true	93063.7190266871	0.000000000	0.885674	60.0000000000	9	1|2|3|4|5|8|9|10|11	2071.3716274867	0.3878213983	1.0000000000	0.8382892096	0.3661045312	102847.9014342120	38857.9881868607	178453.1025814309	204532.5275948110	283857.6556114458	0.0425240615	1208.0538178407
DENSE_INDEPENDENT_LEVELS	1	5	CSAA	Optimal	true	96797.8458405376	0.000000000	1.028568	34.1726657489	9	1|2|3|4|5|8|9|10|11	2071.3716274867	0.3878213983	1.0000000000	0.8382892096	0.3661045312	102847.9014342120	38857.9881868607	178453.1025814309	204532.5275948110	283857.6556114458	0.0425240615	1208.0538178407
DENSE_INDEPENDENT_LEVELS	1	6	D	Optimal	true	77727.2792721973	0.000000000	0.007535	1.0000000000	9	1|2|3|4|7|8|9|10|11	1960.4427674730	0.5819183827	1.0000000000	0.7401627344	0.0031371652	97475.2008019258	39788.7833182778	168052.8369584922	213178.2136975246	358167.1694055378	0.0401926471	1357.1175422742
DENSE_INDEPENDENT_LEVELS	1	6	SAA	Optimal	true	93063.7190266871	0.000000000	0.885674	60.0000000000	9	1|2|3|4|5|8|9|10|11	1960.4427674730	0.5819183827	1.0000000000	0.7401627344	0.0031371652	96037.1484383014	39009.6304229328	165422.6267284374	209215.8523570207	348230.4513565472	0.0365635684	1454.6503081437
DENSE_INDEPENDENT_LEVELS	1	6	CSAA	Optimal	true	94142.8664922815	0.000000000	0.790155	31.9301976983	9	1|2|3|4|5|8|9|10|11	1960.4427674730	0.5819183827	1.0000000000	0.7401627344	0.0031371652	96037.1484383014	39009.6304229328	165422.6267284374	209215.8523570207	348230.4513565472	0.0365635684	1454.6503081437
DENSE_INDEPENDENT_LEVELS	1	7	D	Optimal	true	77727.2792721973	0.000000000	0.007535	1.0000000000	9	1|2|3|4|7|8|9|10|11	1782.4527030897	0.1068752478	1.0000000000	0.2583581505	0.5408428997	85541.7178878232	29113.0518773409	145487.8874158062	166593.0711917179	216506.4402642891	0.0270651686	1955.9884246993
DENSE_INDEPENDENT_LEVELS	1	7	SAA	Optimal	true	93063.7190266871	0.000000000	0.885674	60.0000000000	9	1|2|3|4|5|8|9|10|11	1782.4527030897	0.1068752478	1.0000000000	0.2583581505	0.5408428997	84391.3467748392	28640.1856675796	142747.2432197366	163525.8967057878	211365.0370947119	0.0276314101	1992.6190531744
DENSE_INDEPENDENT_LEVELS	1	7	CSAA	Optimal	true	88885.8861952018	0.000000000	1.019473	35.0437253125	9	1|2|3|4|5|8|9|10|11	1782.4527030897	0.1068752478	1.0000000000	0.2583581505	0.5408428997	84391.3467748392	28640.1856675796	142747.2432197366	163525.8967057878	211365.0370947119	0.0276314101	1992.6190531744
DENSE_INDEPENDENT_LEVELS	1	8	D	Optimal	true	77727.2792721973	0.000000000	0.007535	1.0000000000	9	1|2|3|4|7|8|9|10|11	2063.1189800858	0.8624520772	1.0000000000	0.2817908352	0.3336611818	105104.1908714944	40740.8570619969	180572.6343491538	215833.6982058710	457486.5422964629	0.0485417420	1088.9460557305
DENSE_INDEPENDENT_LEVELS	1	8	SAA	Optimal	true	93063.7190266871	0.000000000	0.885674	60.0000000000	9	1|2|3|4|5|8|9|10|11	2063.1189800858	0.8624520772	1.0000000000	0.2817908352	0.3336611818	103759.6705185461	40123.4058328495	179275.1372479933	213154.3532449341	450274.0678752146	0.0456393017	1224.4496292022
DENSE_INDEPENDENT_LEVELS	1	8	CSAA	Optimal	true	100291.1717841046	0.000000000	1.038242	29.5449409550	9	1|2|3|4|5|8|9|10|11	2063.1189800858	0.8624520772	1.0000000000	0.2817908352	0.3336611818	103759.6705185461	40123.4058328495	179275.1372479933	213154.3532449341	450274.0678752146	0.0456393017	1224.4496292022
DENSE_INDEPENDENT_LEVELS	1	9	D	Optimal	true	77727.2792721973	0.000000000	0.007535	1.0000000000	9	1|2|3|4|7|8|9|10|11	2236.6910560438	0.6917826113	1.0000000000	0.8548199477	0.3914343270	119806.7436054522	47867.5243955329	208823.8545926677	243938.2636423078	357153.9716108097	0.0624782243	727.9376705095
DENSE_INDEPENDENT_LEVELS	1	9	SAA	Optimal	true	93063.7190266871	0.000000000	0.885674	60.0000000000	9	1|2|3|4|5|8|9|10|11	2236.6910560438	0.6917826113	1.0000000000	0.8548199477	0.3914343270	117899.4179516306	46647.8858380297	205431.4591128978	238929.4966003931	356584.5219117124	0.0554798439	828.2696804844
DENSE_INDEPENDENT_LEVELS	1	9	CSAA	Optimal	true	102421.8112645176	9.442636894e-05	0.910924	32.0856135631	9	1|2|3|4|5|8|9|10|11	2236.6910560438	0.6917826113	1.0000000000	0.8548199477	0.3914343270	117899.4179516306	46647.8858380297	205431.4591128978	238929.4966003931	356584.5219117124	0.0554798439	828.2696804844
DENSE_INDEPENDENT_LEVELS	1	10	D	Optimal	true	77727.2792721973	0.000000000	0.007535	1.0000000000	9	1|2|3|4|7|8|9|10|11	2337.5440882752	0.4382604133	1.0000000000	0.9333719667	0.8126014755	124042.3979403523	49361.4388653409	222500.5332397124	259986.1783643239	356274.6407104780	0.0672495574	717.6982822872
DENSE_INDEPENDENT_LEVELS	1	10	SAA	Optimal	true	93063.7190266871	0.000000000	0.885674	60.0000000000	9	1|2|3|4|5|8|9|10|11	2337.5440882752	0.4382604133	1.0000000000	0.9333719667	0.8126014755	122080.1889687361	48175.7143164152	217429.5842062002	255344.6339914903	346999.2632184743	0.0606143555	752.1983766971
DENSE_INDEPENDENT_LEVELS	1	10	CSAA	Optimal	true	106476.9621131282	4.151820489e-05	1.037631	32.5167419438	9	1|2|3|4|5|8|9|10|11	2337.5440882752	0.4382604133	1.0000000000	0.9333719667	0.8126014755	122080.1889687361	48175.7143164152	217429.5842062002	255344.6339914903	346999.2632184743	0.0606143555	752.1983766971
DENSE_INDEPENDENT_LEVELS	1	11	D	Optimal	true	77727.2792721973	0.000000000	0.007535	1.0000000000	9	1|2|3|4|7|8|9|10|11	1797.0466154860	0.0158474353	1.0000000000	0.3015519240	0.6314771314	85894.8079403436	31703.3585802259	149013.8676299822	175178.6710902346	238426.8946905746	0.0259691257	2010.6554940620
DENSE_INDEPENDENT_LEVELS	1	11	SAA	Optimal	true	93063.7190266871	0.000000000	0.885674	60.0000000000	9	1|2|3|4|5|8|9|10|11	1797.0466154860	0.0158474353	1.0000000000	0.3015519240	0.6314771314	84809.0993609199	31379.0351566103	146481.2071975372	172616.9254918793	238669.5803968461	0.0273808792	2049.0973313871
DENSE_INDEPENDENT_LEVELS	1	11	CSAA	Optimal	true	89931.8512407936	0.000000000	0.978963	35.1915811496	9	1|2|3|4|5|8|9|10|11	1797.0466154860	0.0158474353	1.0000000000	0.3015519240	0.6314771314	84809.0993609199	31379.0351566103	146481.2071975372	172616.9254918793	238669.5803968461	0.0273808792	2049.0973313871
DENSE_INDEPENDENT_LEVELS	1	12	D	Optimal	true	77727.2792721973	0.000000000	0.007535	1.0000000000	9	1|2|3|4|7|8|9|10|11	2279.0328819286	0.7724623541	1.0000000000	0.8153723547	0.4333383093	119312.7599949457	47384.9595129055	202285.8770311900	253039.3086335929	513260.8397344722	0.0591211996	681.5615579992
DENSE_INDEPENDENT_LEVELS	1	12	SAA	Optimal	true	93063.7190266871	0.000000000	0.885674	60.0000000000	9	1|2|3|4|5|8|9|10|11	2279.0328819286	0.7724623541	1.0000000000	0.8153723547	0.4333383093	117238.3654422082	46628.6180212744	197439.0166906907	249220.6737873900	512377.2112305709	0.0531122150	759.3629095013
DENSE_INDEPENDENT_LEVELS	1	12	CSAA	Optimal	true	104614.7250788691	0.000000000	0.927466	30.3275640199	9	1|2|3|4|5|8|9|10|11	2279.0328819286	0.7724623541	1.0000000000	0.8153723547	0.4333383093	117238.3654422082	46628.6180212744	197439.0166906907	249220.6737873900	512377.2112305709	0.0531122150	759.3629095013
DENSE_INDEPENDENT_LEVELS	1	13	D	Optimal	true	77727.2792721973	0.000000000	0.007535	1.0000000000	9	1|2|3|4|7|8|9|10|11	2150.7445539704	0.7615038548	1.0000000000	0.9421965798	0.0521133697	109436.1745056263	44261.3751809667	193732.9411613106	240317.6853843386	326043.8310692841	0.0538614879	1035.4994685760
DENSE_INDEPENDENT_LEVELS	1	13	SAA	Optimal	true	93063.7190266871	0.000000000	0.885674	60.0000000000	9	1|2|3|4|5|8|9|10|11	2150.7445539704	0.7615038548	1.0000000000	0.9421965798	0.0521133697	107697.6456482105	43533.3383000900	191970.0417936656	236883.7030283146	321757.4488922767	0.0480981095	1068.6187368510
DENSE_INDEPENDENT_LEVELS	1	13	CSAA	Optimal	true	99169.3543953597	6.843074476e-05	0.710117	30.4774344107	9	1|2|3|4|5|8|9|10|11	2150.7445539704	0.7615038548	1.0000000000	0.9421965798	0.0521133697	107697.6456482105	43533.3383000900	191970.0417936656	236883.7030283146	321757.4488922767	0.0480981095	1068.6187368510
DENSE_INDEPENDENT_LEVELS	1	14	D	Optimal	true	77727.2792721973	0.000000000	0.007535	1.0000000000	9	1|2|3|4|7|8|9|10|11	2177.4155042149	0.2559527569	1.0000000000	0.9566138088	0.6345420132	115652.8897362276	48435.6059913893	210665.6234351040	252231.3679648276	413119.2117887716	0.0611194619	972.4135791812
DENSE_INDEPENDENT_LEVELS	1	14	SAA	Optimal	true	93063.7190266871	0.000000000	0.885674	60.0000000000	9	1|2|3|4|5|8|9|10|11	2177.4155042149	0.2559527569	1.0000000000	0.9566138088	0.6345420132	113831.5372887821	47211.2835809379	203632.4030626109	247182.9474044649	403535.5345537479	0.0563295260	1012.8922343831
DENSE_INDEPENDENT_LEVELS	1	14	CSAA	Optimal	true	99861.8264429521	0.000000000	0.749261	23.1160939664	9	1|2|3|4|5|8|9|10|11	2177.4155042149	0.2559527569	1.0000000000	0.9566138088	0.6345420132	113831.5372887821	47211.2835809379	203632.4030626109	247182.9474044649	403535.5345537479	0.0563295260	1012.8922343831
DENSE_INDEPENDENT_LEVELS	1	15	D	Optimal	true	77727.2792721973	0.000000000	0.007535	1.0000000000	9	1|2|3|4|7|8|9|10|11	1955.3942865222	0.1460861305	1.0000000000	0.6798922842	0.5076972092	96008.6398309601	34771.0333764961	162544.0241013047	190624.7849379947	286400.1556111433	0.0372862167	1492.4187442483
DENSE_INDEPENDENT_LEVELS	1	15	SAA	Optimal	true	93063.7190266871	0.000000000	0.885674	60.0000000000	9	1|2|3|4|5|8|9|10|11	1955.3942865222	0.1460861305	1.0000000000	0.6798922842	0.5076972092	94425.5221555985	34083.1116119592	159860.8762801575	187135.3786709720	280247.0823108335	0.0342094390	1479.2181688029
DENSE_INDEPENDENT_LEVELS	1	15	CSAA	Optimal	true	95332.9497154037	0.000000000	1.122693	29.9305001723	9	1|2|3|4|5|8|9|10|11	1955.3942865222	0.1460861305	1.0000000000	0.6798922842	0.5076972092	94425.5221555985	34083.1116119592	159860.8762801575	187135.3786709720	280247.0823108335	0.0342094390	1479.2181688029
DENSE_INDEPENDENT_LEVELS	1	16	D	Optimal	true	77727.2792721973	0.000000000	0.007535	1.0000000000	9	1|2|3|4|7|8|9|10|11	2482.2230722625	0.6320082393	1.0000000000	0.8787564824	0.9722336934	135796.0027352044	56210.9977300331	242760.4159856468	297505.1810924227	381524.2499988935	0.0791977408	482.6309625289
DENSE_INDEPENDENT_LEVELS	1	16	SAA	Optimal	true	93063.7190266871	0.000000000	0.885674	60.0000000000	9	1|2|3|4|5|8|9|10|11	2482.2230722625	0.6320082393	1.0000000000	0.8787564824	0.9722336934	133549.1154063693	54821.9691328917	235073.3115382311	291795.6560204119	378631.8286346813	0.0714988584	562.3006515605
DENSE_INDEPENDENT_LEVELS	1	16	CSAA	Optimal	true	112137.1851850002	1.083209316e-07	0.869538	31.7962076190	9	1|2|3|4|5|8|9|10|11	2482.2230722625	0.6320082393	1.0000000000	0.8787564824	0.9722336934	133549.1154063693	54821.9691328917	235073.3115382311	291795.6560204119	378631.8286346813	0.0714988584	562.3006515605
DENSE_INDEPENDENT_LEVELS	1	17	D	Optimal	true	77727.2792721973	0.000000000	0.007535	1.0000000000	9	1|2|3|4|7|8|9|10|11	2381.4023642525	0.6294637064	1.0000000000	0.7563064763	0.8615529108	133206.8137603684	56816.6536324230	246567.5357354272	296271.9866960294	400090.1906263242	0.0770962896	555.8973584169
DENSE_INDEPENDENT_LEVELS	1	17	SAA	Optimal	true	93063.7190266871	0.000000000	0.885674	60.0000000000	9	1|2|3|4|5|8|9|10|11	2381.4023642525	0.6294637064	1.0000000000	0.7563064763	0.8615529108	131052.3996570375	55509.1024471013	239518.5905084118	291432.0813164548	390538.9744850255	0.0708461703	626.5727413114
DENSE_INDEPENDENT_LEVELS	1	17	CSAA	Optimal	true	109812.7133070932	4.523106118e-05	0.970294	33.4280978999	9	1|2|3|4|5|8|9|10|11	2381.4023642525	0.6294637064	1.0000000000	0.7563064763	0.8615529108	131052.3996570375	55509.1024471013	239518.5905084118	291432.0813164548	390538.9744850255	0.0708461703	626.5727413114
DENSE_INDEPENDENT_LEVELS	1	18	D	Optimal	true	77727.2792721973	0.000000000	0.007535	1.0000000000	9	1|2|3|4|7|8|9|10|11	1988.1962975637	0.7798013567	1.0000000000	0.1400205618	0.3817923954	96444.6502697667	36311.9315996036	169305.8588912827	198093.5531453374	270235.1286987013	0.0397445897	1346.3616898111
DENSE_INDEPENDENT_LEVELS	1	18	SAA	Optimal	true	93063.7190266871	0.000000000	0.885674	60.0000000000	9	1|2|3|4|5|8|9|10|11	1988.1962975637	0.7798013567	1.0000000000	0.1400205618	0.3817923954	95172.0090074056	35873.4133578652	167221.8447542443	195592.9069387515	270949.2997310089	0.0381222284	1475.4848573379
DENSE_INDEPENDENT_LEVELS	1	18	CSAA	Optimal	true	96773.6768754679	0.000000000	0.786708	31.8032350134	9	1|2|3|4|5|8|9|10|11	1988.1962975637	0.7798013567	1.0000000000	0.1400205618	0.3817923954	95172.0090074056	35873.4133578652	167221.8447542443	195592.9069387515	270949.2997310089	0.0381222284	1475.4848573379
DENSE_INDEPENDENT_LEVELS	1	19	D	Optimal	true	77727.2792721973	0.000000000	0.007535	1.0000000000	9	1|2|3|4|7|8|9|10|11	2331.2701026432	0.7980697243	1.0000000000	0.3380010404	0.9405653909	128137.4532724891	53299.6477881929	226541.6997111978	279184.2079779600	456622.1450188095	0.0703370299	617.5807276015
DENSE_INDEPENDENT_LEVELS	1	19	SAA	Optimal	true	93063.7190266871	0.000000000	0.885674	60.0000000000	9	1|2|3|4|5|8|9|10|11	2331.2701026432	0.7980697243	1.0000000000	0.3380010404	0.9405653909	126161.4244793913	52148.8072103634	219877.8912825726	274740.9667325480	452388.3687319594	0.0646900999	679.9743584340
DENSE_INDEPENDENT_LEVELS	1	19	CSAA	Optimal	true	109102.1442344371	0.000000000	0.985548	22.2638206599	9	1|2|3|4|5|8|9|10|11	2331.2701026432	0.7980697243	1.0000000000	0.3380010404	0.9405653909	126161.4244793913	52148.8072103634	219877.8912825726	274740.9667325480	452388.3687319594	0.0646900999	679.9743584340
DENSE_WIDE_POSITIVE	2	0	D	Optimal	true	63738.7502577426	8.102312390e-05	0.007374	1.0000000000	9	0|3|4|6|7|8|9|10|11	2230.7786304338	0.4690286516	1.0000000000	0.4069491942	0.8351767390	101134.5114794971	37015.3131738716	169267.9559867152	195736.2657283038	273234.8471168001	0.0659232098	476.5658859497
DENSE_WIDE_POSITIVE	2	0	SAA	Optimal	true	77582.4064407284	1.728238591e-06	1.396210	60.0000000000	9	0|2|3|4|6|8|9|10|11	2230.7786304338	0.4690286516	1.0000000000	0.4069491942	0.8351767390	101069.0428410681	36850.5819671794	169687.8908376796	195141.9406909177	276407.0826602978	0.0680457567	362.0812365038
DENSE_WIDE_POSITIVE	2	0	CSAA	Optimal	true	79507.5183712859	2.261206359e-05	1.301588	36.7531429100	9	0|2|3|4|6|8|9|10|11	2230.7786304338	0.4690286516	1.0000000000	0.4069491942	0.8351767390	101069.0428410681	36850.5819671794	169687.8908376796	195141.9406909177	276407.0826602978	0.0680457567	362.0812365038
DENSE_WIDE_POSITIVE	2	1	D	Optimal	true	63738.7502577426	8.102312390e-05	0.007374	1.0000000000	9	0|3|4|6|7|8|9|10|11	2589.0134607150	0.9885368084	1.0000000000	0.8845087040	0.7052343781	127749.1642645718	49668.2646435929	209570.8565417477	258346.9847143983	349634.9991447085	0.1005596570	241.0932821180
DENSE_WIDE_POSITIVE	2	1	SAA	Optimal	true	77582.4064407284	1.728238591e-06	1.396210	60.0000000000	9	0|2|3|4|6|8|9|10|11	2589.0134607150	0.9885368084	1.0000000000	0.8845087040	0.7052343781	128081.4007951536	49605.3122187384	210143.3060536794	259049.9006577266	346709.1645952218	0.1029325766	172.8413418510
DENSE_WIDE_POSITIVE	2	1	CSAA	Optimal	true	90453.1789703201	0.000000000	1.477361	28.2482488473	9	0|3|4|5|6|8|9|10|11	2589.0134607150	0.9885368084	1.0000000000	0.8845087040	0.7052343781	126879.9926150333	48855.6779874669	210778.5364792834	256403.3870342397	344304.8932822490	0.0970639072	488.8180413447
DENSE_WIDE_POSITIVE	2	2	D	Optimal	true	63738.7502577426	8.102312390e-05	0.007374	1.0000000000	9	0|3|4|6|7|8|9|10|11	2255.9843850784	0.4966300210	1.0000000000	0.7656443831	0.4703317578	104017.0971230738	37413.7892324266	175864.8466019866	201304.1894210345	289742.6640583032	0.0661758115	452.3291942930
DENSE_WIDE_POSITIVE	2	2	SAA	Optimal	true	77582.4064407284	1.728238591e-06	1.396210	60.0000000000	9	0|2|3|4|6|8|9|10|11	2255.9843850784	0.4966300210	1.0000000000	0.7656443831	0.4703317578	104275.0300491209	37414.9957087766	173820.2089981299	201375.1954162851	294084.8352849651	0.0693977514	316.8436808912
DENSE_WIDE_POSITIVE	2	2	CSAA	Optimal	true	85726.9860441145	0.000000000	2.057780	36.1788237757	9	0|2|3|4|6|8|9|10|11	2255.9843850784	0.4966300210	1.0000000000	0.7656443831	0.4703317578	104275.0300491209	37414.9957087766	173820.2089981299	201375.1954162851	294084.8352849651	0.0693977514	316.8436808912
DENSE_WIDE_POSITIVE	2	3	D	Optimal	true	63738.7502577426	8.102312390e-05	0.007374	1.0000000000	9	0|3|4|6|7|8|9|10|11	2589.4458025575	0.9228559049	1.0000000000	0.9149043955	0.7457715850	133141.8483962293	49691.9290975867	216829.7389341517	264922.1152258836	377829.4862489523	0.1019834782	174.3586394341
DENSE_WIDE_POSITIVE	2	3	SAA	Optimal	true	77582.4064407284	1.728238591e-06	1.396210	60.0000000000	9	0|2|3|4|6|8|9|10|11	2589.4458025575	0.9228559049	1.0000000000	0.9149043955	0.7457715850	133195.7619579605	49489.7851334586	213746.4060467818	264748.6268202894	381982.4016011734	0.1020033734	108.2439400760
DENSE_WIDE_POSITIVE	2	3	CSAA	Optimal	true	89993.2628450127	0.000000000	1.579471	28.0576667833	9	0|3|4|5|6|8|9|10|11	2589.4458025575	0.9228559049	1.0000000000	0.9149043955	0.7457715850	132122.8901997890	48771.1363327708	214544.6576619999	262343.7724603597	379772.9396655605	0.0998066955	418.1465359134
DENSE_WIDE_POSITIVE	2	4	D	Optimal	true	63738.7502577426	8.102312390e-05	0.007374	1.0000000000	9	0|3|4|6|7|8|9|10|11	2275.2530214811	0.4284520792	1.0000000000	0.4651787459	0.9378784179	106195.8983368551	38703.5756754554	184067.1625386963	203695.4109366730	269688.1475504969	0.0702085218	442.4858192971
DENSE_WIDE_POSITIVE	2	4	SAA	Optimal	true	77582.4064407284	1.728238591e-06	1.396210	60.0000000000	9	0|2|3|4|6|8|9|10|11	2275.2530214811	0.4284520792	1.0000000000	0.4651787459	0.9378784179	106089.6379782288	38528.6305131154	182161.3784212150	202575.5569199715	268841.4256416234	0.0713527039	327.5788702768
DENSE_WIDE_POSITIVE	2	4	CSAA	Optimal	true	80131.7124196038	6.798213428e-05	1.200146	33.3426662206	9	0|2|3|4|6|8|9|10|11	2275.2530214811	0.4284520792	1.0000000000	0.4651787459	0.9378784179	106089.6379782288	38528.6305131154	182161.3784212150	202575.5569199715	268841.4256416234	0.0713527039	327.5788702768
DENSE_WIDE_POSITIVE	2	5	D	Optimal	true	63738.7502577426	8.102312390e-05	0.007374	1.0000000000	9	0|3|4|6|7|8|9|10|11	2023.4689706219	0.8933679664	1.0000000000	0.0115439997	0.2325886474	88100.9690496571	35343.5261554417	145334.8293934335	189550.8827450305	323929.4817799110	0.0551912764	751.4413700599
DENSE_WIDE_POSITIVE	2	5	SAA	Optimal	true	77582.4064407284	1.728238591e-06	1.396210	60.0000000000	9	0|2|3|4|6|8|9|10|11	2023.4689706219	0.8933679664	1.0000000000	0.0115439997	0.2325886474	87755.9992161423	35125.8679364081	148756.6161244621	188767.9090093220	321182.0068868156	0.0575290504	544.9409684251
DENSE_WIDE_POSITIVE	2	5	CSAA	Optimal	true	77411.6442942378	7.402107146e-06	1.727080	34.0677144074	9	0|2|3|4|6|8|9|10|11	2023.4689706219	0.8933679664	1.0000000000	0.0115439997	0.2325886474	87755.9992161423	35125.8679364081	148756.6161244621	188767.9090093220	321182.0068868156	0.0575290504	544.9409684251
DENSE_WIDE_POSITIVE	2	6	D	Optimal	true	63738.7502577426	8.102312390e-05	0.007374	1.0000000000	9	0|3|4|6|7|8|9|10|11	2660.0184483493	0.8917414828	1.0000000000	0.9161420064	0.9740422327	133714.1738664578	53737.5708299176	228761.6399610294	282761.6829123437	417180.6921238792	0.1060093358	184.4236307705
DENSE_WIDE_POSITIVE	2	6	SAA	Optimal	true	77582.4064407284	1.728238591e-06	1.396210	60.0000000000	9	0|2|3|4|6|8|9|10|11	2660.0184483493	0.8917414828	1.0000000000	0.9161420064	0.9740422327	133940.6483714465	53579.7239989793	230481.5181599372	282852.5143905720	418345.6792923296	0.1079440344	115.1526120798
DENSE_WIDE_POSITIVE	2	6	CSAA	Optimal	true	88097.7161413265	3.658058278e-05	1.401218	27.4293741909	9	0|3|4|5|6|8|9|10|11	2660.0184483493	0.8917414828	1.0000000000	0.9161420064	0.9740422327	132945.9558222049	52756.4481458830	226212.7913183758	280086.0740348100	416468.7914495057	0.1045685271	382.9208295027
DENSE_WIDE_POSITIVE	2	7	D	Optimal	true	63738.7502577426	8.102312390e-05	0.007374	1.0000000000	9	0|3|4|6|7|8|9|10|11	2222.7816721922	0.5807031901	1.0000000000	0.9813087194	0.0419212368	105867.2196333532	40805.3472375181	182816.7840447471	212964.1364064565	361182.8427490030	0.0684454983	397.8081510143
DENSE_WIDE_POSITIVE	2	7	SAA	Optimal	true	77582.4064407284	1.728238591e-06	1.396210	60.0000000000	9	0|2|3|4|6|8|9|10|11	2222.7816721922	0.5807031901	1.0000000000	0.9813087194	0.0419212368	106400.2041141548	40590.3941994804	183739.6585689589	213034.3833583584	362110.6634592260	0.0717588215	265.9341774142
DENSE_WIDE_POSITIVE	2	7	CSAA	Optimal	true	95756.4085693190	0.000000000	1.809975	18.2189680022	9	2|3|4|5|6|8|9|10|11	2222.7816721922	0.5807031901	1.0000000000	0.9813087194	0.0419212368	106329.1251955567	40158.1781105466	181272.1143411622	212623.2442183697	360124.3169911892	0.0577611813	991.8346433956
DENSE_WIDE_POSITIVE	2	8	D	Optimal	true	63738.7502577426	8.102312390e-05	0.007374	1.0000000000	9	0|3|4|6|7|8|9|10|11	2359.5244357005	0.3419355907	1.0000000000	0.7579744128	0.9379985667	108530.8541345065	44396.7471664387	194292.1948994880	232217.3298277331	324937.6603678960	0.0760775884	411.5764142401
DENSE_WIDE_POSITIVE	2	8	SAA	Optimal	true	77582.4064407284	1.728238591e-06	1.396210	60.0000000000	9	0|2|3|4|6|8|9|10|11	2359.5244357005	0.3419355907	1.0000000000	0.7579744128	0.9379985667	108711.9065692893	44374.5331412004	194746.3345695386	232314.1697557925	328393.9841735381	0.0783157684	295.9247302131
DENSE_WIDE_POSITIVE	2	8	CSAA	Optimal	true	82252.1501390452	0.000000000	2.001757	29.9529770062	9	0|2|3|4|6|8|9|10|11	2359.5244357005	0.3419355907	1.0000000000	0.7579744128	0.9379985667	108711.9065692893	44374.5331412004	194746.3345695386	232314.1697557925	328393.9841735381	0.0783157684	295.9247302131
DENSE_WIDE_POSITIVE	2	9	D	Optimal	true	63738.7502577426	8.102312390e-05	0.007374	1.0000000000	9	0|3|4|6|7|8|9|10|11	2166.1005787253	0.8161927618	1.0000000000	0.2959001351	0.3928563578	96587.1398667550	35103.3720690001	157973.7641147446	188408.6951448506	269460.7153781418	0.0639392252	609.5884753411
DENSE_WIDE_POSITIVE	2	9	SAA	Optimal	true	77582.4064407284	1.728238591e-06	1.396210	60.0000000000	9	0|2|3|4|6|8|9|10|11	2166.1005787253	0.8161927618	1.0000000000	0.2959001351	0.3928563578	96398.1625271910	35011.2744445563	158903.6265841289	187456.5429781720	266549.2218564332	0.0653529500	469.7812859600
DENSE_WIDE_POSITIVE	2	9	CSAA	Optimal	true	80713.1448209464	3.299238622e-05	2.161504	36.7872404408	9	0|2|3|4|6|8|9|10|11	2166.1005787253	0.8161927618	1.0000000000	0.2959001351	0.3928563578	96398.1625271910	35011.2744445563	158903.6265841289	187456.5429781720	266549.2218564332	0.0653529500	469.7812859600
DENSE_WIDE_POSITIVE	2	10	D	Optimal	true	63738.7502577426	8.102312390e-05	0.007374	1.0000000000	9	0|3|4|6|7|8|9|10|11	2336.8919424302	0.7593753627	1.0000000000	0.9207210979	0.2250529991	114319.0202477887	44192.1863994132	198954.4985558647	232323.6422477707	313928.3752600043	0.0824537663	350.4615990692
DENSE_WIDE_POSITIVE	2	10	SAA	Optimal	true	77582.4064407284	1.728238591e-06	1.396210	60.0000000000	9	0|2|3|4|6|8|9|10|11	2336.8919424302	0.7593753627	1.0000000000	0.9207210979	0.2250529991	114587.5638944349	44205.4552588166	198730.1650638395	232664.5530954886	314388.7042680142	0.0836401704	245.2310789541
DENSE_WIDE_POSITIVE	2	10	CSAA	Optimal	true	95802.1461187385	5.919018058e-06	1.735129	21.1624284777	9	0|2|4|5|6|8|9|10|11	2336.8919424302	0.7593753627	1.0000000000	0.9207210979	0.2250529991	114582.5622121979	43623.5431363314	198399.0753386476	232556.2395755102	317242.1778711230	0.0730235261	629.2187180061
DENSE_WIDE_POSITIVE	2	11	D	Optimal	true	63738.7502577426	8.102312390e-05	0.007374	1.0000000000	9	0|3|4|6|7|8|9|10|11	2158.1023904372	0.6857201894	1.0000000000	0.5999800279	0.1747724957	98282.7040480616	35463.0078392712	162662.5638704310	191225.1309899107	261326.0873824729	0.0571261311	527.8452495256
DENSE_WIDE_POSITIVE	2	11	SAA	Optimal	true	77582.4064407284	1.728238591e-06	1.396210	60.0000000000	9	0|2|3|4|6|8|9|10|11	2158.1023904372	0.6857201894	1.0000000000	0.5999800279	0.1747724957	98724.7759459149	35696.3115117059	162854.6464470517	193333.4840870464	262705.3369686339	0.0605627982	375.8396759378
DENSE_WIDE_POSITIVE	2	11	CSAA	Optimal	true	88122.0985594849	6.798851423e-05	2.366576	26.0589145775	9	0|2|4|5|6|8|9|10|11	2158.1023904372	0.6857201894	1.0000000000	0.5999800279	0.1747724957	99159.0795084421	35006.1467732867	163761.1163299345	192573.4338344126	257603.7016664214	0.0525953756	948.0178258598
DENSE_WIDE_POSITIVE	2	12	D	Optimal	true	63738.7502577426	8.102312390e-05	0.007374	1.0000000000	9	0|3|4|6|7|8|9|10|11	2198.9061161917	0.4275543162	1.0000000000	0.4499559191	0.7452419873	100611.8940802470	39609.5564643851	173322.0590928154	204423.0035300212	314643.7820635561	0.0626972876	509.6848969767
DENSE_WIDE_POSITIVE	2	12	SAA	Optimal	true	77582.4064407284	1.728238591e-06	1.396210	60.0000000000	9	0|2|3|4|6|8|9|10|11	2198.9061161917	0.4275543162	1.0000000000	0.4499559191	0.7452419873	100623.5110195826	39646.5837313725	174599.4850072071	204697.2805459109	312345.8524507046	0.0648468719	375.2866606955
DENSE_WIDE_POSITIVE	2	12	CSAA	Optimal	true	79175.6668518098	5.169858321e-06	1.413896	36.3358948395	9	0|2|3|4|6|8|9|10|11	2198.9061161917	0.4275543162	1.0000000000	0.4499559191	0.7452419873	100623.5110195826	39646.5837313725	174599.4850072071	204697.2805459109	312345.8524507046	0.0648468719	375.2866606955
DENSE_WIDE_POSITIVE	2	13	D	Optimal	true	63738.7502577426	8.102312390e-05	0.007374	1.0000000000	9	0|3|4|6|7|8|9|10|11	2179.5182041345	0.9478584890	1.0000000000	0.5094786368	0.0422087140	99374.7144901497	38378.4046685147	181388.1925988864	209052.8394003277	287234.7370875469	0.0660933072	503.1902146451
DENSE_WIDE_POSITIVE	2	13	SAA	Optimal	true	77582.4064407284	1.728238591e-06	1.396210	60.0000000000	9	0|2|3|4|6|8|9|10|11	2179.5182041345	0.9478584890	1.0000000000	0.5094786368	0.0422087140	99428.6158728226	38299.8034347185	178422.6434502026	208840.0112065755	286528.8220512070	0.0684837035	359.3852267536
DENSE_WIDE_POSITIVE	2	13	CSAA	Optimal	true	86763.3245432654	0.000000000	3.112779	27.3425360898	9	0|3|4|5|6|8|9|10|11	2179.5182041345	0.9478584890	1.0000000000	0.5094786368	0.0422087140	99218.2224282650	37572.4055983496	176982.6308166758	206901.8187334207	282141.1723228380	0.0707571441	1049.3616611875
DENSE_WIDE_POSITIVE	2	14	D	Optimal	true	63738.7502577426	8.102312390e-05	0.007374	1.0000000000	9	0|3|4|6|7|8|9|10|11	1796.2882918979	0.1285858086	1.0000000000	0.1865435679	0.2648238656	75209.4419213964	30122.8870940164	132497.8796957588	166084.8430867175	244543.3960937987	0.0378991973	1322.2347212833
DENSE_WIDE_POSITIVE	2	14	SAA	Optimal	true	77582.4064407284	1.728238591e-06	1.396210	60.0000000000	9	0|2|3|4|6|8|9|10|11	1796.2882918979	0.1285858086	1.0000000000	0.1865435679	0.2648238656	74872.3859380959	30112.1722608765	131025.2567730582	165549.1099288507	244514.9455979108	0.0389689746	1001.7093615161
DENSE_WIDE_POSITIVE	2	14	CSAA	Optimal	true	73379.1262552207	1.292480144e-06	2.499578	35.1200866901	9	0|2|3|4|6|8|9|10|11	1796.2882918979	0.1285858086	1.0000000000	0.1865435679	0.2648238656	74872.3859380959	30112.1722608765	131025.2567730582	165549.1099288507	244514.9455979108	0.0389689746	1001.7093615161
DENSE_WIDE_POSITIVE	2	15	D	Optimal	true	63738.7502577426	8.102312390e-05	0.007374	1.0000000000	9	0|3|4|6|7|8|9|10|11	1849.2243916938	0.5234548573	1.0000000000	0.0364165312	0.1377450629	78901.4119752026	29365.6169466026	135230.3297583983	159609.1169804803	236857.5889044630	0.0426935486	1063.6452330469
DENSE_WIDE_POSITIVE	2	15	SAA	Optimal	true	77582.4064407284	1.728238591e-06	1.396210	60.0000000000	9	0|2|3|4|6|8|9|10|11	1849.2243916938	0.5234548573	1.0000000000	0.0364165312	0.1377450629	78597.9112360067	29314.0038218679	135436.9540227709	158559.6674746132	233308.7524568563	0.0457866968	804.1496065061
DENSE_WIDE_POSITIVE	2	15	CSAA	Optimal	true	75668.4983980075	2.351624150e-06	3.465386	32.6618812292	9	2|3|4|5|6|8|9|10|11	1849.2243916938	0.5234548573	1.0000000000	0.0364165312	0.1377450629	79230.6456193441	28479.6226317487	136592.4163297614	157740.0937908847	225396.2884332398	0.0349195596	2221.2509207449
DENSE_WIDE_POSITIVE	2	16	D	Optimal	true	63738.7502577426	8.102312390e-05	0.007374	1.0000000000	9	0|3|4|6|7|8|9|10|11	2076.2476023931	0.7072200916	1.0000000000	0.1006306065	0.4864877230	90139.8492811690	33670.6866183111	152978.0370969119	179096.0394384585	233649.0807019225	0.0589829958	710.2067463013
DENSE_WIDE_POSITIVE	2	16	SAA	Optimal	true	77582.4064407284	1.728238591e-06	1.396210	60.0000000000	9	0|2|3|4|6|8|9|10|11	2076.2476023931	0.7072200916	1.0000000000	0.1006306065	0.4864877230	89923.4414983755	33634.9639250052	152599.6012374511	178853.7798641938	232242.3934514421	0.0607427570	545.6258127525
DENSE_WIDE_POSITIVE	2	16	CSAA	Optimal	true	76747.1214145966	1.922754632e-06	2.983539	31.1789548283	9	0|2|3|4|6|8|9|10|11	2076.2476023931	0.7072200916	1.0000000000	0.1006306065	0.4864877230	89923.4414983755	33634.9639250052	152599.6012374511	178853.7798641938	232242.3934514421	0.0607427570	545.6258127525
DENSE_WIDE_POSITIVE	2	17	D	Optimal	true	63738.7502577426	8.102312390e-05	0.007374	1.0000000000	9	0|3|4|6|7|8|9|10|11	2229.6085811145	0.6370860120	1.0000000000	0.9678465162	0.0127847996	104007.6865670371	40303.3664796544	182690.1625512826	211856.9661619342	277211.7679346553	0.0710034094	413.0280929907
DENSE_WIDE_POSITIVE	2	17	SAA	Optimal	true	77582.4064407284	1.728238591e-06	1.396210	60.0000000000	9	0|2|3|4|6|8|9|10|11	2229.6085811145	0.6370860120	1.0000000000	0.9678465162	0.0127847996	104754.6557323655	40413.1959759375	182946.1256731182	213539.3130501579	279395.3747713621	0.0755246108	280.7124900921
DENSE_WIDE_POSITIVE	2	17	CSAA	Optimal	true	96858.0825464932	0.000000000	3.459047	16.7957764145	9	2|3|4|5|6|8|9|10|11	2229.6085811145	0.6370860120	1.0000000000	0.9678465162	0.0127847996	104978.9327354203	39981.4865776319	183940.0225462640	213080.9874090121	280806.4702749302	0.0616288058	1106.0963439190
DENSE_WIDE_POSITIVE	2	18	D	Optimal	true	63738.7502577426	8.102312390e-05	0.007374	1.0000000000	9	0|3|4|6|7|8|9|10|11	2244.6782763783	0.2622267300	1.0000000000	0.5232446920	0.9742599306	103113.8670532154	40344.0917101751	183653.6875971475	216150.1541587976	293284.8717356734	0.0697647649	511.9563310317
DENSE_WIDE_POSITIVE	2	18	SAA	Optimal	true	77582.4064407284	1.728238591e-06	1.396210	60.0000000000	9	0|2|3|4|6|8|9|10|11	2244.6782763783	0.2622267300	1.0000000000	0.5232446920	0.9742599306	103208.5384542956	40299.8040037239	182456.3005063792	215600.7583610113	295387.1911135984	0.0727675317	388.7800719192
DENSE_WIDE_POSITIVE	2	18	CSAA	Optimal	true	78652.0084303011	0.000000000	2.969945	25.8174403218	9	2|3|4|6|7|8|9|10|11	2244.6782763783	0.2622267300	1.0000000000	0.5232446920	0.9742599306	103179.8779601870	40633.6018801350	184447.0154691718	217194.3070193824	297880.3901205914	0.0586735640	592.0501473163
DENSE_WIDE_POSITIVE	2	19	D	Optimal	true	63738.7502577426	8.102312390e-05	0.007374	1.0000000000	9	0|3|4|6|7|8|9|10|11	2217.2289914953	0.5462342043	1.0000000000	0.7389118976	0.3378769852	102580.5599255872	38524.4977404341	172914.9801647624	197611.1599553714	293171.9209167048	0.0634620233	493.3824544160
DENSE_WIDE_POSITIVE	2	19	SAA	Optimal	true	77582.4064407284	1.728238591e-06	1.396210	60.0000000000	9	0|2|3|4|6|8|9|10|11	2217.2289914953	0.5462342043	1.0000000000	0.7389118976	0.3378769852	102771.0418557254	38529.6408989394	172905.8136868852	197933.8683780320	292742.4257596653	0.0655302759	346.0916865430
DENSE_WIDE_POSITIVE	2	19	CSAA	Optimal	true	87919.5707756781	0.000000000	3.929207	31.9591474368	9	0|2|3|4|6|8|9|10|11	2217.2289914953	0.5462342043	1.0000000000	0.7389118976	0.3378769852	102771.0418557254	38529.6408989394	172905.8136868852	197933.8683780320	292742.4257596653	0.0655302759	346.0916865430
DENSE_INDEPENDENT_LEVELS	2	0	D	Optimal	true	65396.6918892591	0.000000000	0.021412	1.0000000000	9	2|3|4|6|7|8|9|10|11	2221.0576659541	0.4690286516	1.0000000000	0.4069491942	0.8351767390	98461.6656419960	36375.8631026520	162464.0809217921	194554.5545364923	270903.9908644595	0.0481166794	790.3429714996
DENSE_INDEPENDENT_LEVELS	2	0	SAA	Optimal	true	79815.8038447608	0.000000000	4.914985	60.0000000000	9	0|2|3|4|6|8|9|10|11	2221.0576659541	0.4690286516	1.0000000000	0.4069491942	0.8351767390	98809.6788706764	36354.2561127711	163281.9239662814	194508.2095570137	272031.1902230644	0.0594567931	571.6107444088
DENSE_INDEPENDENT_LEVELS	2	0	CSAA	Optimal	true	80024.6578852907	0.000000000	4.721627	36.7531429100	9	2|3|4|6|7|8|9|10|11	2221.0576659541	0.4690286516	1.0000000000	0.4069491942	0.8351767390	98461.6656419960	36375.8631026520	162464.0809217921	194554.5545364923	270903.9908644595	0.0481166794	790.3429714996
DENSE_INDEPENDENT_LEVELS	2	1	D	Optimal	true	65396.6918892591	0.000000000	0.021412	1.0000000000	9	2|3|4|6|7|8|9|10|11	2672.1812381784	0.9885368084	1.0000000000	0.8845087040	0.7052343781	130018.0555207543	51805.8047865727	222627.6210220753	268927.2585921284	356118.6201473140	0.0854768619	338.3109870796
DENSE_INDEPENDENT_LEVELS	2	1	SAA	Optimal	true	79815.8038447608	0.000000000	4.914985	60.0000000000	9	0|2|3|4|6|8|9|10|11	2672.1812381784	0.9885368084	1.0000000000	0.8845087040	0.7052343781	130342.1434157621	51366.5657328785	223665.2180112829	267529.5579614717	354386.3335391633	0.0993575249	251.6521148366
DENSE_INDEPENDENT_LEVELS	2	1	CSAA	Optimal	true	91353.1445966915	4.732444380e-06	2.274909	28.2482488473	9	0|2|4|5|6|8|9|10|11	2672.1812381784	0.9885368084	1.0000000000	0.8845087040	0.7052343781	128378.8135993660	50284.9832295790	218176.3280317602	263683.2285708088	347248.5677360116	0.0881477325	391.2391803153
DENSE_INDEPENDENT_LEVELS	2	2	D	Optimal	true	65396.6918892591	0.000000000	0.021412	1.0000000000	9	2|3|4|6|7|8|9|10|11	2281.3989059900	0.4966300210	1.0000000000	0.7656443831	0.4703317578	103129.9295939867	37612.2233217106	171035.5360084858	202282.7192576352	301267.8888286052	0.0528968315	651.1185530651
DENSE_INDEPENDENT_LEVELS	2	2	SAA	Optimal	true	79815.8038447608	0.000000000	4.914985	60.0000000000	9	0|2|3|4|6|8|9|10|11	2281.3989059900	0.4966300210	1.0000000000	0.7656443831	0.4703317578	103392.6165508829	37368.4040220602	170199.8716597543	201246.6075649010	300036.8323216821	0.0652138910	487.8217427649
DENSE_INDEPENDENT_LEVELS	2	2	CSAA	Optimal	true	85920.7986900470	7.559235350e-05	1.473435	36.1788237757	9	0|2|4|5|6|8|9|10|11	2281.3989059900	0.4966300210	1.0000000000	0.7656443831	0.4703317578	102255.5093433248	36171.6084168221	168876.6148304879	198080.5086403189	298528.2508200755	0.0560578909	756.1663193302
DENSE_INDEPENDENT_LEVELS	2	3	D	Optimal	true	65396.6918892591	0.000000000	0.021412	1.0000000000	9	2|3|4|6|7|8|9|10|11	2679.6688473597	0.9228559049	1.0000000000	0.9149043955	0.7457715850	136621.2727871247	51289.6292126423	227995.2980303376	270377.8598336018	400935.4840468307	0.0869400398	218.9482592148
DENSE_INDEPENDENT_LEVELS	2	3	SAA	Optimal	true	79815.8038447608	0.000000000	4.914985	60.0000000000	9	0|2|3|4|6|8|9|10|11	2679.6688473597	0.9228559049	1.0000000000	0.9149043955	0.7457715850	136738.4690509870	50757.7109951480	230647.8436141970	269144.7905060407	397152.1116898291	0.1000625185	163.3470303003
DENSE_INDEPENDENT_LEVELS	2	3	CSAA	Optimal	true	91089.6828816610	3.276422759e-06	1.657280	28.0576667833	9	0|2|4|5|6|8|9|10|11	2679.6688473597	0.9228559049	1.0000000000	0.9149043955	0.7457715850	134565.0122074306	49608.9655246882	222813.3701618760	264878.3930350706	397058.9592225832	0.0899768957	330.7411530513
DENSE_INDEPENDENT_LEVELS	2	4	D	Optimal	true	65396.6918892591	0.000000000	0.021412	1.0000000000	9	2|3|4|6|7|8|9|10|11	2283.9039847678	0.4284520792	1.0000000000	0.4651787459	0.9378784179	104904.4993250832	39168.4436249810	182968.1599379948	205780.3651171216	279072.6106270257	0.0541087564	665.8220734427
DENSE_INDEPENDENT_LEVELS	2	4	SAA	Optimal	true	79815.8038447608	0.000000000	4.914985	60.0000000000	9	0|2|3|4|6|8|9|10|11	2283.9039847678	0.4284520792	1.0000000000	0.4651787459	0.9378784179	105086.1452785120	38821.8281316286	182047.0727500300	204619.2650644367	276691.0700815351	0.0641527301	479.3062032812
DENSE_INDEPENDENT_LEVELS	2	4	CSAA	Optimal	true	80918.7240107236	0.000000000	2.679257	33.3426662206	9	2|3|4|6|7|8|9|10|11	2283.9039847678	0.4284520792	1.0000000000	0.4651787459	0.9378784179	104904.4993250832	39168.4436249810	182968.1599379948	205780.3651171216	279072.6106270257	0.0541087564	665.8220734427
DENSE_INDEPENDENT_LEVELS	2	5	D	Optimal	true	65396.6918892591	0.000000000	0.021412	1.0000000000	9	2|3|4|6|7|8|9|10|11	1901.9139040998	0.8933679664	1.0000000000	0.0115439997	0.2325886474	78580.0238280114	30747.3488933891	135312.9280834544	169518.5311682150	294634.5305376459	0.0306007559	1633.8642880593
DENSE_INDEPENDENT_LEVELS	2	5	SAA	Optimal	true	79815.8038447608	0.000000000	4.914985	60.0000000000	9	0|2|3|4|6|8|9|10|11	1901.9139040998	0.8933679664	1.0000000000	0.0115439997	0.2325886474	78641.2069733655	30917.2702453100	137118.8892392138	169936.0440057332	290235.3965696815	0.0397614793	1124.1615577864
DENSE_INDEPENDENT_LEVELS	2	5	CSAA	Optimal	true	76432.9083353070	0.000000000	3.625809	34.0677144074	9	2|3|4|5|6|8|9|10|11	1901.9139040998	0.8933679664	1.0000000000	0.0115439997	0.2325886474	78831.9766972286	30068.2644286697	135004.0668229489	168002.5626258001	295688.0605132607	0.0307906339	2329.6010598543
DENSE_INDEPENDENT_LEVELS	2	6	D	Optimal	true	65396.6918892591	0.000000000	0.021412	1.0000000000	9	2|3|4|6|7|8|9|10|11	2769.3452065564	0.8917414828	1.0000000000	0.9161420064	0.9740422327	138667.6438406811	56290.2861266307	238059.8112163002	295093.8067039703	398975.5079252098	0.0930698281	209.4813170691
DENSE_INDEPENDENT_LEVELS	2	6	SAA	Optimal	true	79815.8038447608	0.000000000	4.914985	60.0000000000	9	0|2|3|4|6|8|9|10|11	2769.3452065564	0.8917414828	1.0000000000	0.9161420064	0.9740422327	138945.9359891198	55813.3323159093	240097.8709550444	294030.2759468347	398435.2113359566	0.1076212595	156.5662630746
DENSE_INDEPENDENT_LEVELS	2	6	CSAA	Optimal	true	89650.3686860308	0.000000000	2.959972	27.4293741909	9	0|2|4|5|6|8|9|10|11	2769.3452065564	0.8917414828	1.0000000000	0.9161420064	0.9740422327	136882.5271807451	54643.3154039287	233828.5099438612	290254.5302820531	395752.0382948450	0.0965882665	281.8956920272
DENSE_INDEPENDENT_LEVELS	2	7	D	Optimal	true	65396.6918892591	0.000000000	0.021412	1.0000000000	9	2|3|4|6|7|8|9|10|11	2253.2593597444	0.5807031901	1.0000000000	0.9813087194	0.0419212368	103994.1158416606	40858.9679230945	180303.1622049769	213060.1967729213	376964.1791532574	0.0550285180	616.7234914803
DENSE_INDEPENDENT_LEVELS	2	7	SAA	Optimal	true	79815.8038447608	0.000000000	4.914985	60.0000000000	9	0|2|3|4|6|8|9|10|11	2253.2593597444	0.5807031901	1.0000000000	0.9813087194	0.0419212368	104238.9852615428	40542.9115247665	179324.3387053579	211846.6306093942	378245.7636472852	0.0676901419	450.5313331510
DENSE_INDEPENDENT_LEVELS	2	7	CSAA	Optimal	true	94465.4441343084	0.000000000	2.752953	18.2189680022	9	0|2|4|5|6|8|9|10|11	2253.2593597444	0.5807031901	1.0000000000	0.9813087194	0.0419212368	103520.0392944726	39637.0153849680	175749.8746173116	209474.5924156610	380452.7392279903	0.0600704906	727.5023020130
DENSE_INDEPENDENT_LEVELS	2	8	D	Optimal	true	65396.6918892591	0.000000000	0.021412	1.0000000000	9	2|3|4|6|7|8|9|10|11	2419.3427131983	0.3419355907	1.0000000000	0.7579744128	0.9379985667	110656.9490434274	46400.0349173827	203545.1907357896	240478.3090923292	344271.7116364620	0.0640983336	532.9817101738
DENSE_INDEPENDENT_LEVELS	2	8	SAA	Optimal	true	79815.8038447608	0.000000000	4.914985	60.0000000000	9	0|2|3|4|6|8|9|10|11	2419.3427131983	0.3419355907	1.0000000000	0.7579744128	0.9379985667	110959.3805051882	46093.1005224225	204060.9098845422	239734.1724977378	342927.5960842760	0.0763157500	400.4640264812
DENSE_INDEPENDENT_LEVELS	2	8	CSAA	Optimal	true	83962.7991504346	0.000000000	4.939271	29.9529770062	9	0|2|4|5|6|8|9|10|11	2419.3427131983	0.3419355907	1.0000000000	0.7579744128	0.9379985667	109605.7216755512	44851.4564591238	199183.1090368592	236102.7537542071	343707.7489261061	0.0664870574	649.3698070094
DENSE_INDEPENDENT_LEVELS	2	9	D	Optimal	true	65396.6918892591	0.000000000	0.021412	1.0000000000	9	2|3|4|6|7|8|9|10|11	2108.3818865031	0.8161927618	1.0000000000	0.2959001351	0.3928563578	90097.5325681682	33022.1280033398	152262.5664882818	179210.2817194725	246528.4678733407	0.0394782684	1095.7468416289
DENSE_INDEPENDENT_LEVELS	2	9	SAA	Optimal	true	79815.8038447608	0.000000000	4.914985	60.0000000000	9	0|2|3|4|6|8|9|10|11	2108.3818865031	0.8161927618	1.0000000000	0.2959001351	0.3928563578	90471.8986122851	33101.8663280363	152716.0543555902	178976.2833673447	244391.9045449425	0.0512637512	787.8334153659
DENSE_INDEPENDENT_LEVELS	2	9	CSAA	Optimal	true	80049.9052642692	9.103525361e-05	5.128900	36.7872404408	9	0|2|4|5|6|8|9|10|11	2108.3818865031	0.8161927618	1.0000000000	0.2959001351	0.3928563578	89967.9652648166	32130.2503993316	151084.2760861619	176337.5385391052	238727.5241829488	0.0441167611	1113.3822280699
DENSE_INDEPENDENT_LEVELS	2	10	D	Optimal	true	65396.6918892591	0.000000000	0.021412	1.0000000000	9	2|3|4|6|7|8|9|10|11	2377.7615114930	0.7593753627	1.0000000000	0.9207210979	0.2250529991	113135.9359548040	43874.0720153588	194640.1148101795	230555.4270601306	284897.5152733558	0.0648132689	501.9617266505
DENSE_INDEPENDENT_LEVELS	2	10	SAA	Optimal	true	79815.8038447608	0.000000000	4.914985	60.0000000000	9	0|2|3|4|6|8|9|10|11	2377.7615114930	0.7593753627	1.0000000000	0.9207210979	0.2250529991	113365.3173495709	43648.3068994672	194983.9780986523	229638.3120543080	282747.4244267164	0.0785572517	383.4456059532
DENSE_INDEPENDENT_LEVELS	2	10	CSAA	Optimal	true	95073.5592161554	0.000000000	2.207657	21.1624284777	9	0|2|4|5|6|8|9|10|11	2377.7615114930	0.7593753627	1.0000000000	0.9207210979	0.2250529991	111974.0716731629	42587.3570263595	191678.9952797328	227217.8330651490	283971.1706464066	0.0682338163	615.4340890102
DENSE_INDEPENDENT_LEVELS	2	11	D	Optimal	true	65396.6918892591	0.000000000	0.021412	1.0000000000	9	2|3|4|6|7|8|9|10|11	2133.2687021106	0.6857201894	1.0000000000	0.5999800279	0.1747724957	94021.9822643985	34589.7645968799	157015.0372016754	187844.9985182622	258587.1265066835	0.0409521507	893.4654304381
DENSE_INDEPENDENT_LEVELS	2	11	SAA	Optimal	true	79815.8038447608	0.000000000	4.914985	60.0000000000	9	0|2|3|4|6|8|9|10|11	2133.2687021106	0.6857201894	1.0000000000	0.5999800279	0.1747724957	94295.5738462489	34480.7963290244	157784.7489725993	186909.6834752063	260741.8678923041	0.0522054548	642.7763498753
DENSE_INDEPENDENT_LEVELS	2	11	CSAA	Optimal	true	87004.6627775964	0.000000000	2.529464	26.0589145775	9	0|2|4|5|6|8|9|10|11	2133.2687021106	0.6857201894	1.0000000000	0.5999800279	0.1747724957	93586.9587326085	33343.6307822971	156208.2529992682	183887.6819875060	253178.3153456341	0.0445856697	993.2336218646
DENSE_INDEPENDENT_LEVELS	2	12	D	Optimal	true	65396.6918892591	0.000000000	0.021412	1.0000000000	9	2|3|4|6|7|8|9|10|11	2187.9737116389	0.4275543162	1.0000000000	0.4499559191	0.7452419873	97876.1061065381	39306.5373162074	169538.3407381797	203480.0559539960	322325.1576292712	0.0474943867	836.8446926427
DENSE_INDEPENDENT_LEVELS	2	12	SAA	Optimal	true	79815.8038447608	0.000000000	4.914985	60.0000000000	9	0|2|3|4|6|8|9|10|11	2187.9737116389	0.4275543162	1.0000000000	0.4499559191	0.7452419873	98172.4340632934	39100.1346338925	167628.9151197203	202473.0799562375	317801.3024645282	0.0575572933	588.4196811977
DENSE_INDEPENDENT_LEVELS	2	12	CSAA	Optimal	true	79714.5159707912	0.000000000	4.389306	36.3358948395	9	2|3|4|6|7|8|9|10|11	2187.9737116389	0.4275543162	1.0000000000	0.4499559191	0.7452419873	97876.1061065381	39306.5373162074	169538.3407381797	203480.0559539960	322325.1576292712	0.0474943867	836.8446926427
DENSE_INDEPENDENT_LEVELS	2	13	D	Optimal	true	65396.6918892591	0.000000000	0.021412	1.0000000000	9	2|3|4|6|7|8|9|10|11	2134.7371483905	0.9478584890	1.0000000000	0.5094786368	0.0422087140	92995.6063459374	36117.9473149062	171523.3061157911	199240.8737801414	267662.0766763851	0.0449753463	946.8044265696
DENSE_INDEPENDENT_LEVELS	2	13	SAA	Optimal	true	79815.8038447608	0.000000000	4.914985	60.0000000000	9	0|2|3|4|6|8|9|10|11	2134.7371483905	0.9478584890	1.0000000000	0.5094786368	0.0422087140	93217.0569568029	36239.5032926471	172806.1478851905	199406.7950568301	266135.3681909904	0.0565624652	679.6276449380
DENSE_INDEPENDENT_LEVELS	2	13	CSAA	Optimal	true	85620.9209082527	2.411428250e-05	2.382666	27.3425360898	9	0|2|4|5|6|8|9|10|11	2134.7371483905	0.9478584890	1.0000000000	0.5094786368	0.0422087140	92600.6838979457	35079.3882918304	170064.4207046899	196172.0123400107	257905.2833086317	0.0483696274	1022.2806494715
DENSE_INDEPENDENT_LEVELS	2	14	D	Optimal	true	65396.6918892591	0.000000000	0.021412	1.0000000000	9	2|3|4|6|7|8|9|10|11	1685.7131685010	0.1285858086	1.0000000000	0.1865435679	0.2648238656	67151.2620693984	25233.6452551488	112951.9016301027	146398.8171758305	212589.4492659151	0.0174208327	2569.1628147459
DENSE_INDEPENDENT_LEVELS	2	14	SAA	Optimal	true	79815.8038447608	0.000000000	4.914985	60.0000000000	9	0|2|3|4|6|8|9|10|11	1685.7131685010	0.1285858086	1.0000000000	0.1865435679	0.2648238656	66903.2486011613	25578.3896834138	115170.7559874041	146312.1228438352	212278.0955583441	0.0247369932	1781.9125071439
DENSE_INDEPENDENT_LEVELS	2	14	CSAA	Optimal	true	73266.3279659826	0.000000000	4.062317	35.1200866901	9	0|2|3|4|6|8|9|10|11	1685.7131685010	0.1285858086	1.0000000000	0.1865435679	0.2648238656	66903.2486011613	25578.3896834138	115170.7559874041	146312.1228438352	212278.0955583441	0.0247369932	1781.9125071439
DENSE_INDEPENDENT_LEVELS	2	15	D	Optimal	true	65396.6918892591	0.000000000	0.021412	1.0000000000	9	2|3|4|6|7|8|9|10|11	1712.3771900940	0.5234548573	1.0000000000	0.0364165312	0.1377450629	69193.3550569632	24500.9815997014	121165.9283944461	139335.9941658608	207054.9452395198	0.0224762066	2271.6398001749
DENSE_INDEPENDENT_LEVELS	2	15	SAA	Optimal	true	79815.8038447608	0.000000000	4.914985	60.0000000000	9	0|2|3|4|6|8|9|10|11	1712.3771900940	0.5234548573	1.0000000000	0.0364165312	0.1377450629	68902.7889212349	24760.5797457240	119146.9607490496	138936.6952869995	205268.4603272853	0.0295665119	1566.8211392749
DENSE_INDEPENDENT_LEVELS	2	15	CSAA	Optimal	true	74576.9212637695	6.530229876e-05	3.320130	32.6618812292	9	2|3|4|5|6|8|9|10|11	1712.3771900940	0.5234548573	1.0000000000	0.0364165312	0.1377450629	69839.7829014402	23899.9094883701	119746.6380510641	138311.8991437366	195871.0877466846	0.0229001116	2987.8369586114
DENSE_INDEPENDENT_LEVELS	2	16	D	Optimal	true	65396.6918892591	0.000000000	0.021412	1.0000000000	9	2|3|4|6|7|8|9|10|11	1987.3195142146	0.7072200916	1.0000000000	0.1006306065	0.4864877230	82413.4937867998	30501.4895552030	136821.5151037964	165778.2776307919	219936.9711796908	0.0356364790	1373.4118602137
DENSE_INDEPENDENT_LEVELS	2	16	SAA	Optimal	true	79815.8038447608	0.000000000	4.914985	60.0000000000	9	0|2|3|4|6|8|9|10|11	1987.3195142146	0.7072200916	1.0000000000	0.1006306065	0.4864877230	82724.6177350940	30708.0642635002	137010.7955841836	166080.6986798523	223328.9404584296	0.0452867321	969.0117311793
DENSE_INDEPENDENT_LEVELS	2	16	CSAA	Optimal	true	76113.9838016941	0.000000000	4.218674	31.1789548283	9	2|3|4|6|7|8|9|10|11	1987.3195142146	0.7072200916	1.0000000000	0.1006306065	0.4864877230	82413.4937867998	30501.4895552030	136821.5151037964	165778.2776307919	219936.9711796908	0.0356364790	1373.4118602137
DENSE_INDEPENDENT_LEVELS	2	17	D	Optimal	true	65396.6918892591	0.000000000	0.021412	1.0000000000	9	2|3|4|6|7|8|9|10|11	2256.8462553799	0.6370860120	1.0000000000	0.9678465162	0.0127847996	102213.7864208544	39901.4257963039	180856.2170954057	211752.3050321169	282216.0319352290	0.0576255289	710.9504346440
DENSE_INDEPENDENT_LEVELS	2	17	SAA	Optimal	true	79815.8038447608	0.000000000	4.914985	60.0000000000	9	0|2|3|4|6|8|9|10|11	2256.8462553799	0.6370860120	1.0000000000	0.9678465162	0.0127847996	102322.4574649966	39821.6091464840	182504.2353229701	211356.4408202471	279067.8005667684	0.0706920527	510.3188606771
DENSE_INDEPENDENT_LEVELS	2	17	CSAA	Optimal	true	95378.6585236673	0.000000000	2.351888	16.7957764145	9	0|2|4|5|6|8|9|10|11	2256.8462553799	0.6370860120	1.0000000000	0.9678465162	0.0127847996	101642.8576185789	38831.7485638970	179739.1396988719	208694.7153532878	276054.4249048964	0.0631439879	846.0133448015
DENSE_INDEPENDENT_LEVELS	2	18	D	Optimal	true	65396.6918892591	0.000000000	0.021412	1.0000000000	9	2|3|4|6|7|8|9|10|11	2261.9560706701	0.2622267300	1.0000000000	0.5232446920	0.9742599306	102602.9300878637	41096.2147816298	183170.6154090291	219200.2256095829	333883.4540710882	0.0549307404	759.2976284904
DENSE_INDEPENDENT_LEVELS	2	18	SAA	Optimal	true	79815.8038447608	0.000000000	4.914985	60.0000000000	9	0|2|3|4|6|8|9|10|11	2261.9560706701	0.2622267300	1.0000000000	0.5232446920	0.9742599306	102868.1524102586	40819.2179261468	181826.2024915544	217967.2247560084	330815.8777126345	0.0673861171	540.6937652800
DENSE_INDEPENDENT_LEVELS	2	18	CSAA	Optimal	true	79593.2906694816	3.092118106e-05	3.349410	25.8174403218	9	2|3|4|6|7|8|9|10|11	2261.9560706701	0.2622267300	1.0000000000	0.5232446920	0.9742599306	102602.9300878637	41096.2147816298	183170.6154090291	219200.2256095829	333883.4540710882	0.0549307404	759.2976284904
DENSE_INDEPENDENT_LEVELS	2	19	D	Optimal	true	65396.6918892591	0.000000000	0.021412	1.0000000000	9	2|3|4|6|7|8|9|10|11	2227.7629262343	0.5462342043	1.0000000000	0.7389118976	0.3378769852	99919.1451908873	37843.4373712049	168260.2533598990	195473.7064850155	282669.2973343045	0.0473435820	773.3839321801
DENSE_INDEPENDENT_LEVELS	2	19	SAA	Optimal	true	79815.8038447608	0.000000000	4.914985	60.0000000000	9	0|2|3|4|6|8|9|10|11	2227.7629262343	0.5462342043	1.0000000000	0.7389118976	0.3378769852	100035.1541587381	37673.6186067524	169086.6171579362	194504.3319281075	280485.0156149619	0.0582816133	550.4657987290
DENSE_INDEPENDENT_LEVELS	2	19	CSAA	Optimal	true	87418.9384702232	0.000000000	1.167213	31.9591474368	9	0|2|4|5|6|8|9|10|11	2227.7629262343	0.5462342043	1.0000000000	0.7389118976	0.3378769852	99399.4139165640	36300.6277637710	165648.0201998410	189914.6307848500	278431.7829720195	0.0503108913	919.0904210805
DENSE_WIDE_POSITIVE	3	0	D	Optimal	true	66873.6583878676	0.000000000	0.003862	1.0000000000	9	0|1|4|5|6|7|8|9|10	1940.9143464836	0.7443093233	1.0000000000	0.2627732809	0.1615608587	77338.7187760358	26119.2108071801	127352.8415318421	156349.2554884498	211418.0017038260	0.0211517676	635.7730325645
DENSE_WIDE_POSITIVE	3	0	SAA	Optimal	true	76492.6740194429	0.000000000	0.733663	60.0000000000	9	0|1|4|5|6|7|8|9|10	1940.9143464836	0.7443093233	1.0000000000	0.2627732809	0.1615608587	77338.7187760358	26119.2108071801	127352.8415318421	156349.2554884498	211418.0017038260	0.0211517676	635.7730325645
DENSE_WIDE_POSITIVE	3	0	CSAA	Optimal	true	77275.4477426148	0.000000000	0.574665	29.0949631080	9	0|1|4|5|6|7|8|9|10	1940.9143464836	0.7443093233	1.0000000000	0.2627732809	0.1615608587	77338.7187760358	26119.2108071801	127352.8415318421	156349.2554884498	211418.0017038260	0.0211517676	635.7730325645
DENSE_WIDE_POSITIVE	3	1	D	Optimal	true	66873.6583878676	0.000000000	0.003862	1.0000000000	9	0|1|4|5|6|7|8|9|10	2132.7614642103	0.8249523922	1.0000000000	0.1814428979	0.6775994457	93019.9645960510	33567.6804384956	159231.2157624506	184113.6294188709	229302.4295561099	0.0330013019	395.6971389610
DENSE_WIDE_POSITIVE	3	1	SAA	Optimal	true	76492.6740194429	0.000000000	0.733663	60.0000000000	9	0|1|4|5|6|7|8|9|10	2132.7614642103	0.8249523922	1.0000000000	0.1814428979	0.6775994457	93019.9645960510	33567.6804384956	159231.2157624506	184113.6294188709	229302.4295561099	0.0330013019	395.6971389610
DENSE_WIDE_POSITIVE	3	1	CSAA	Optimal	true	82210.3289408656	0.000000000	0.761979	33.7802980508	9	0|1|4|5|6|7|8|9|10	2132.7614642103	0.8249523922	1.0000000000	0.1814428979	0.6775994457	93019.9645960510	33567.6804384956	159231.2157624506	184113.6294188709	229302.4295561099	0.0330013019	395.6971389610
DENSE_WIDE_POSITIVE	3	2	D	Optimal	true	66873.6583878676	0.000000000	0.003862	1.0000000000	9	0|1|4|5|6|7|8|9|10	2604.7351083345	0.8599276674	1.0000000000	0.9923525610	0.8820810371	119010.4610873228	45270.3513579899	211351.9476952984	243386.5049979666	319032.3907687318	0.0509876079	152.4689865417
DENSE_WIDE_POSITIVE	3	2	SAA	Optimal	true	76492.6740194429	0.000000000	0.733663	60.0000000000	9	0|1|4|5|6|7|8|9|10	2604.7351083345	0.8599276674	1.0000000000	0.9923525610	0.8820810371	119010.4610873228	45270.3513579899	211351.9476952984	243386.5049979666	319032.3907687318	0.0509876079	152.4689865417
DENSE_WIDE_POSITIVE	3	2	CSAA	Optimal	true	86219.0117012916	0.000000000	0.595164	25.8574934032	9	0|1|4|5|6|7|8|9|10	2604.7351083345	0.8599276674	1.0000000000	0.9923525610	0.8820810371	119010.4610873228	45270.3513579899	211351.9476952984	243386.5049979666	319032.3907687318	0.0509876079	152.4689865417
DENSE_WIDE_POSITIVE	3	3	D	Optimal	true	66873.6583878676	0.000000000	0.003862	1.0000000000	9	0|1|4|5|6|7|8|9|10	2020.6007846808	0.9129541553	1.0000000000	0.2031994514	0.2141196497	83578.5532765540	28868.6055745849	139635.0764357762	165956.8231914729	226603.6660595828	0.0253775618	474.7908225920
DENSE_WIDE_POSITIVE	3	3	SAA	Optimal	true	76492.6740194429	0.000000000	0.733663	60.0000000000	9	0|1|4|5|6|7|8|9|10	2020.6007846808	0.9129541553	1.0000000000	0.2031994514	0.2141196497	83578.5532765540	28868.6055745849	139635.0764357762	165956.8231914729	226603.6660595828	0.0253775618	474.7908225920
DENSE_WIDE_POSITIVE	3	3	CSAA	Optimal	true	78947.6410796527	0.000000000	0.607758	29.2238539644	9	0|1|4|5|6|7|8|9|10	2020.6007846808	0.9129541553	1.0000000000	0.2031994514	0.2141196497	83578.5532765540	28868.6055745849	139635.0764357762	165956.8231914729	226603.6660595828	0.0253775618	474.7908225920
DENSE_WIDE_POSITIVE	3	4	D	Optimal	true	66873.6583878676	0.000000000	0.003862	1.0000000000	9	0|1|4|5|6|7|8|9|10	1679.4822444924	0.0101001660	1.0000000000	0.1383652157	0.6616850247	65956.2014005499	24025.7534614926	110232.6750354589	142792.6251886316	259432.3374055404	0.0159776465	1499.0332312021
DENSE_WIDE_POSITIVE	3	4	SAA	Optimal	true	76492.6740194429	0.000000000	0.733663	60.0000000000	9	0|1|4|5|6|7|8|9|10	1679.4822444924	0.0101001660	1.0000000000	0.1383652157	0.6616850247	65956.2014005499	24025.7534614926	110232.6750354589	142792.6251886316	259432.3374055404	0.0159776465	1499.0332312021
DENSE_WIDE_POSITIVE	3	4	CSAA	Optimal	true	76891.5449886841	0.000000000	0.719386	36.1651645811	9	0|1|4|5|6|7|8|9|10	1679.4822444924	0.0101001660	1.0000000000	0.1383652157	0.6616850247	65956.2014005499	24025.7534614926	110232.6750354589	142792.6251886316	259432.3374055404	0.0159776465	1499.0332312021
DENSE_WIDE_POSITIVE	3	5	D	Optimal	true	66873.6583878676	0.000000000	0.003862	1.0000000000	9	0|1|4|5|6|7|8|9|10	1753.6414039041	0.4651796302	1.0000000000	0.0459317246	0.3280962762	71175.6050688338	24290.8471990062	119017.3661496525	144330.3434635843	206855.0019718163	0.0190422022	1001.8374248163
DENSE_WIDE_POSITIVE	3	5	SAA	Optimal	true	76492.6740194429	0.000000000	0.733663	60.0000000000	9	0|1|4|5|6|7|8|9|10	1753.6414039041	0.4651796302	1.0000000000	0.0459317246	0.3280962762	71175.6050688338	24290.8471990062	119017.3661496525	144330.3434635843	206855.0019718163	0.0190422022	1001.8374248163
DENSE_WIDE_POSITIVE	3	5	CSAA	Optimal	true	75395.1166554259	0.000000000	0.683756	34.7717071157	9	0|1|4|5|6|7|8|9|10	1753.6414039041	0.4651796302	1.0000000000	0.0459317246	0.3280962762	71175.6050688338	24290.8471990062	119017.3661496525	144330.3434635843	206855.0019718163	0.0190422022	1001.8374248163
DENSE_WIDE_POSITIVE	3	6	D	Optimal	true	66873.6583878676	0.000000000	0.003862	1.0000000000	9	0|1|4|5|6|7|8|9|10	2507.2197308190	0.8090401058	1.0000000000	0.7942937123	0.9420830273	115334.7113734887	41612.1383732233	194473.7949946975	223036.8600704808	297024.6820241430	0.0489456981	184.5506599623
DENSE_WIDE_POSITIVE	3	6	SAA	Optimal	true	76492.6740194429	0.000000000	0.733663	60.0000000000	9	0|1|4|5|6|7|8|9|10	2507.2197308190	0.8090401058	1.0000000000	0.7942937123	0.9420830273	115334.7113734887	41612.1383732233	194473.7949946975	223036.8600704808	297024.6820241430	0.0489456981	184.5506599623
DENSE_WIDE_POSITIVE	3	6	CSAA	Optimal	true	86780.1399916917	0.000000000	0.723126	28.5094246828	9	0|1|4|5|6|7|8|9|10	2507.2197308190	0.8090401058	1.0000000000	0.7942937123	0.9420830273	115334.7113734887	41612.1383732233	194473.7949946975	223036.8600704808	297024.6820241430	0.0489456981	184.5506599623
DENSE_WIDE_POSITIVE	3	7	D	Optimal	true	66873.6583878676	0.000000000	0.003862	1.0000000000	9	0|1|4|5|6|7|8|9|10	1833.4295747469	0.1616496041	1.0000000000	0.0998112452	0.9161376923	77514.4538893236	28383.0675116799	131158.1724894892	158306.4542963911	268473.7351578264	0.0238282685	822.2767472697
DENSE_WIDE_POSITIVE	3	7	SAA	Optimal	true	76492.6740194429	0.000000000	0.733663	60.0000000000	9	0|1|4|5|6|7|8|9|10	1833.4295747469	0.1616496041	1.0000000000	0.0998112452	0.9161376923	77514.4538893236	28383.0675116799	131158.1724894892	158306.4542963911	268473.7351578264	0.0238282685	822.2767472697
DENSE_WIDE_POSITIVE	3	7	CSAA	Optimal	true	80142.1905281188	8.304223311e-05	0.686511	31.0039359241	9	0|1|4|5|6|7|8|9|10	1833.4295747469	0.1616496041	1.0000000000	0.0998112452	0.9161376923	77514.4538893236	28383.0675116799	131158.1724894892	158306.4542963911	268473.7351578264	0.0238282685	822.2767472697
DENSE_WIDE_POSITIVE	3	8	D	Optimal	true	66873.6583878676	0.000000000	0.003862	1.0000000000	9	0|1|4|5|6|7|8|9|10	2262.1149671337	0.9520027012	1.0000000000	0.3876602627	0.5848049871	99500.1253549779	36430.5795302871	172315.2921451872	205136.8543326102	264876.3260197436	0.0351306847	265.0679266168
DENSE_WIDE_POSITIVE	3	8	SAA	Optimal	true	76492.6740194429	0.000000000	0.733663	60.0000000000	9	0|1|4|5|6|7|8|9|10	2262.1149671337	0.9520027012	1.0000000000	0.3876602627	0.5848049871	99500.1253549779	36430.5795302871	172315.2921451872	205136.8543326102	264876.3260197436	0.0351306847	265.0679266168
DENSE_WIDE_POSITIVE	3	8	CSAA	Optimal	true	83401.2138686816	0.000000000	0.714642	32.9581752185	9	0|1|4|5|6|7|8|9|10	2262.1149671337	0.9520027012	1.0000000000	0.3876602627	0.5848049871	99500.1253549779	36430.5795302871	172315.2921451872	205136.8543326102	264876.3260197436	0.0351306847	265.0679266168
DENSE_WIDE_POSITIVE	3	9	D	Optimal	true	66873.6583878676	0.000000000	0.003862	1.0000000000	9	0|1|4|5|6|7|8|9|10	1607.1684097831	0.1075470100	1.0000000000	0.0609101202	0.4218418636	65248.6223736920	22121.3254482680	111695.0063558943	131879.4936931172	172580.5733768162	0.0141004333	1578.4607634507
DENSE_WIDE_POSITIVE	3	9	SAA	Optimal	true	76492.6740194429	0.000000000	0.733663	60.0000000000	9	0|1|4|5|6|7|8|9|10	1607.1684097831	0.1075470100	1.0000000000	0.0609101202	0.4218418636	65248.6223736920	22121.3254482680	111695.0063558943	131879.4936931172	172580.5733768162	0.0141004333	1578.4607634507
DENSE_WIDE_POSITIVE	3	9	CSAA	Optimal	true	74720.7735034066	0.000000000	0.629599	30.7164664710	9	0|1|4|5|6|7|8|9|10	1607.1684097831	0.1075470100	1.0000000000	0.0609101202	0.4218418636	65248.6223736920	22121.3254482680	111695.0063558943	131879.4936931172	172580.5733768162	0.0141004333	1578.4607634507
DENSE_WIDE_POSITIVE	3	10	D	Optimal	true	66873.6583878676	0.000000000	0.003862	1.0000000000	9	0|1|4|5|6|7|8|9|10	2086.7342981787	0.3742492785	1.0000000000	0.9700921422	0.1864660330	85644.9686586929	30347.0403219594	137563.2216762164	175634.8863760882	267682.2857271245	0.0262543001	431.4531571057
DENSE_WIDE_POSITIVE	3	10	SAA	Optimal	true	76492.6740194429	0.000000000	0.733663	60.0000000000	9	0|1|4|5|6|7|8|9|10	2086.7342981787	0.3742492785	1.0000000000	0.9700921422	0.1864660330	85644.9686586929	30347.0403219594	137563.2216762164	175634.8863760882	267682.2857271245	0.0262543001	431.4531571057
DENSE_WIDE_POSITIVE	3	10	CSAA	Optimal	true	85399.3565845183	0.000000000	0.768582	25.0566052570	9	0|1|4|5|6|7|8|9|10	2086.7342981787	0.3742492785	1.0000000000	0.9700921422	0.1864660330	85644.9686586929	30347.0403219594	137563.2216762164	175634.8863760882	267682.2857271245	0.0262543001	431.4531571057
DENSE_WIDE_POSITIVE	3	11	D	Optimal	true	66873.6583878676	0.000000000	0.003862	1.0000000000	9	0|1|4|5|6|7|8|9|10	2235.4710408155	0.5717149745	1.0000000000	0.4760968276	0.9463436602	96644.1593441372	36671.2789087438	163098.7930975947	204393.9539085552	292663.6271012761	0.0348537556	329.8083850939
DENSE_WIDE_POSITIVE	3	11	SAA	Optimal	true	76492.6740194429	0.000000000	0.733663	60.0000000000	9	0|1|4|5|6|7|8|9|10	2235.4710408155	0.5717149745	1.0000000000	0.4760968276	0.9463436602	96644.1593441372	36671.2789087438	163098.7930975947	204393.9539085552	292663.6271012761	0.0348537556	329.8083850939
DENSE_WIDE_POSITIVE	3	11	CSAA	Optimal	true	85813.4066084667	0.000000000	0.699865	32.1366012490	9	0|1|4|5|6|7|8|9|10	2235.4710408155	0.5717149745	1.0000000000	0.4760968276	0.9463436602	96644.1593441372	36671.2789087438	163098.7930975947	204393.9539085552	292663.6271012761	0.0348537556	329.8083850939
DENSE_WIDE_POSITIVE	3	12	D	Optimal	true	66873.6583878676	0.000000000	0.003862	1.0000000000	9	0|1|4|5|6|7|8|9|10	2266.3719030166	0.9626693747	1.0000000000	0.5591686521	0.3604535106	100282.0345306930	36098.4806615784	166697.3934369028	201763.7009957179	359383.4135587617	0.0364992275	241.1413658040
DENSE_WIDE_POSITIVE	3	12	SAA	Optimal	true	76492.6740194429	0.000000000	0.733663	60.0000000000	9	0|1|4|5|6|7|8|9|10	2266.3719030166	0.9626693747	1.0000000000	0.5591686521	0.3604535106	100282.0345306930	36098.4806615784	166697.3934369028	201763.7009957179	359383.4135587617	0.0364992275	241.1413658040
DENSE_WIDE_POSITIVE	3	12	CSAA	Optimal	true	82286.1155610714	0.000000000	0.777330	28.2264829744	9	0|1|4|5|6|7|8|9|10	2266.3719030166	0.9626693747	1.0000000000	0.5591686521	0.3604535106	100282.0345306930	36098.4806615784	166697.3934369028	201763.7009957179	359383.4135587617	0.0364992275	241.1413658040
DENSE_WIDE_POSITIVE	3	13	D	Optimal	true	66873.6583878676	0.000000000	0.003862	1.0000000000	9	0|1|4|5|6|7|8|9|10	2670.4477874767	0.9586318438	1.0000000000	0.9721232032	0.9464770629	128833.4347981059	47504.0334194765	222450.6519815401	255124.3926417900	358106.4210702149	0.0592709784	126.9869922267
DENSE_WIDE_POSITIVE	3	13	SAA	Optimal	true	76492.6740194429	0.000000000	0.733663	60.0000000000	9	0|1|4|5|6|7|8|9|10	2670.4477874767	0.9586318438	1.0000000000	0.9721232032	0.9464770629	128833.4347981059	47504.0334194765	222450.6519815401	255124.3926417900	358106.4210702149	0.0592709784	126.9869922267
DENSE_WIDE_POSITIVE	3	13	CSAA	Optimal	true	85822.5492535872	0.000000000	0.738313	25.4147216839	9	0|1|4|5|6|7|8|9|10	2670.4477874767	0.9586318438	1.0000000000	0.9721232032	0.9464770629	128833.4347981059	47504.0334194765	222450.6519815401	255124.3926417900	358106.4210702149	0.0592709784	126.9869922267
DENSE_WIDE_POSITIVE	3	14	D	Optimal	true	66873.6583878676	0.000000000	0.003862	1.0000000000	9	0|1|4|5|6|7|8|9|10	1845.3482847125	0.2309967129	1.0000000000	0.1768016558	0.7498200712	76537.7857445733	29822.8884311601	128701.0444134627	166109.5575065990	326102.6968609802	0.0234498928	857.3487044235
DENSE_WIDE_POSITIVE	3	14	SAA	Optimal	true	76492.6740194429	0.000000000	0.733663	60.0000000000	9	0|1|4|5|6|7|8|9|10	1845.3482847125	0.2309967129	1.0000000000	0.1768016558	0.7498200712	76537.7857445733	29822.8884311601	128701.0444134627	166109.5575065990	326102.6968609802	0.0234498928	857.3487044235
DENSE_WIDE_POSITIVE	3	14	CSAA	Optimal	true	79766.7425816534	0.000000000	1.362223	34.4490807327	9	0|1|4|5|6|7|8|9|10	1845.3482847125	0.2309967129	1.0000000000	0.1768016558	0.7498200712	76537.7857445733	29822.8884311601	128701.0444134627	166109.5575065990	326102.6968609802	0.0234498928	857.3487044235
DENSE_WIDE_POSITIVE	3	15	D	Optimal	true	66873.6583878676	0.000000000	0.003862	1.0000000000	9	0|1|4|5|6|7|8|9|10	2219.6936880894	0.6622122595	1.0000000000	0.5203824065	0.7154076706	97913.4387348848	36864.8574833417	173096.3403311788	203792.6455861293	241626.5719243326	0.0361832334	337.4023868590
DENSE_WIDE_POSITIVE	3	15	SAA	Optimal	true	76492.6740194429	0.000000000	0.733663	60.0000000000	9	0|1|4|5|6|7|8|9|10	2219.6936880894	0.6622122595	1.0000000000	0.5203824065	0.7154076706	97913.4387348848	36864.8574833417	173096.3403311788	203792.6455861293	241626.5719243326	0.0361832334	337.4023868590
DENSE_WIDE_POSITIVE	3	15	CSAA	Optimal	true	85094.4490016343	0.000000000	1.261040	33.6435887554	9	0|1|4|5|6|7|8|9|10	2219.6936880894	0.6622122595	1.0000000000	0.5203824065	0.7154076706	97913.4387348848	36864.8574833417	173096.3403311788	203792.6455861293	241626.5719243326	0.0361832334	337.4023868590
DENSE_WIDE_POSITIVE	3	16	D	Optimal	true	66873.6583878676	0.000000000	0.003862	1.0000000000	9	0|1|4|5|6|7|8|9|10	1999.9465976099	0.7458558495	1.0000000000	0.0705656477	0.5690218426	83865.7487196408	29240.3574004712	140964.3568322410	166953.4050345330	277346.6233839315	0.0224596081	493.8960237626
DENSE_WIDE_POSITIVE	3	16	SAA	Optimal	true	76492.6740194429	0.000000000	0.733663	60.0000000000	9	0|1|4|5|6|7|8|9|10	1999.9465976099	0.7458558495	1.0000000000	0.0705656477	0.5690218426	83865.7487196408	29240.3574004712	140964.3568322410	166953.4050345330	277346.6233839315	0.0224596081	493.8960237626
DENSE_WIDE_POSITIVE	3	16	CSAA	Optimal	true	80385.4071107667	0.000000000	1.389308	35.6112071113	9	0|1|4|5|6|7|8|9|10	1999.9465976099	0.7458558495	1.0000000000	0.0705656477	0.5690218426	83865.7487196408	29240.3574004712	140964.3568322410	166953.4050345330	277346.6233839315	0.0224596081	493.8960237626
DENSE_WIDE_POSITIVE	3	17	D	Optimal	true	66873.6583878676	0.000000000	0.003862	1.0000000000	9	0|1|4|5|6|7|8|9|10	2042.8533042557	0.0109908034	1.0000000000	0.7049875150	0.9309097962	85771.1521523497	28018.6529995810	136976.3997551269	163069.0990729962	270768.4252055691	0.0257777984	439.4777822370
DENSE_WIDE_POSITIVE	3	17	SAA	Optimal	true	76492.6740194429	0.000000000	0.733663	60.0000000000	9	0|1|4|5|6|7|8|9|10	2042.8533042557	0.0109908034	1.0000000000	0.7049875150	0.9309097962	85771.1521523497	28018.6529995810	136976.3997551269	163069.0990729962	270768.4252055691	0.0257777984	439.4777822370
DENSE_WIDE_POSITIVE	3	17	CSAA	Optimal	true	82898.4425448842	0.000000000	1.293750	28.1157325166	9	0|1|4|5|6|7|8|9|10	2042.8533042557	0.0109908034	1.0000000000	0.7049875150	0.9309097962	85771.1521523497	28018.6529995810	136976.3997551269	163069.0990729962	270768.4252055691	0.0257777984	439.4777822370
DENSE_WIDE_POSITIVE	3	18	D	Optimal	true	66873.6583878676	0.000000000	0.003862	1.0000000000	9	0|1|4|5|6|7|8|9|10	2347.7709506814	0.7952416316	1.0000000000	0.7365224060	0.5977098152	105588.0676625588	37197.2772093641	173845.6808100248	206636.3824110039	294357.0053570684	0.0395511236	212.8397777041
DENSE_WIDE_POSITIVE	3	18	SAA	Optimal	true	76492.6740194429	0.000000000	0.733663	60.0000000000	9	0|1|4|5|6|7|8|9|10	2347.7709506814	0.7952416316	1.0000000000	0.7365224060	0.5977098152	105588.0676625588	37197.2772093641	173845.6808100248	206636.3824110039	294357.0053570684	0.0395511236	212.8397777041
DENSE_WIDE_POSITIVE	3	18	CSAA	Optimal	true	84772.1778567402	0.000000000	1.322267	30.4308911698	9	0|1|4|5|6|7|8|9|10	2347.7709506814	0.7952416316	1.0000000000	0.7365224060	0.5977098152	105588.0676625588	37197.2772093641	173845.6808100248	206636.3824110039	294357.0053570684	0.0395511236	212.8397777041
DENSE_WIDE_POSITIVE	3	19	D	Optimal	true	66873.6583878676	0.000000000	0.003862	1.0000000000	9	0|1|4|5|6|7|8|9|10	2015.4058474270	0.1540037425	1.0000000000	0.9197243387	0.3727973688	81881.6029997122	29348.3511599444	137438.1178899066	169285.0188209076	242870.9805733083	0.0257207347	642.2495055684
DENSE_WIDE_POSITIVE	3	19	SAA	Optimal	true	76492.6740194429	0.000000000	0.733663	60.0000000000	9	0|1|4|5|6|7|8|9|10	2015.4058474270	0.1540037425	1.0000000000	0.9197243387	0.3727973688	81881.6029997122	29348.3511599444	137438.1178899066	169285.0188209076	242870.9805733083	0.0257207347	642.2495055684
DENSE_WIDE_POSITIVE	3	19	CSAA	Optimal	true	83253.9267152533	0.000000000	1.219361	24.7285043773	9	0|1|4|5|6|7|8|9|10	2015.4058474270	0.1540037425	1.0000000000	0.9197243387	0.3727973688	81881.6029997122	29348.3511599444	137438.1178899066	169285.0188209076	242870.9805733083	0.0257207347	642.2495055684
DENSE_INDEPENDENT_LEVELS	3	0	D	Optimal	true	66289.9089339151	0.000000000	0.006377	1.0000000000	9	0|1|4|5|6|7|8|9|10	1794.9027697521	0.7443093233	1.0000000000	0.2627732809	0.1615608587	72182.3381769399	24195.8501292410	118664.7040413448	145671.8435789341	205546.6244508119	0.0193819217	817.0657697343
DENSE_INDEPENDENT_LEVELS	3	0	SAA	Optimal	true	76263.7144759872	0.000000000	1.109461	60.0000000000	9	0|1|4|5|6|7|8|9|10	1794.9027697521	0.7443093233	1.0000000000	0.2627732809	0.1615608587	72182.3381769399	24195.8501292410	118664.7040413448	145671.8435789341	205546.6244508119	0.0193819217	817.0657697343
DENSE_INDEPENDENT_LEVELS	3	0	CSAA	Optimal	true	75041.7880599686	4.464163195e-05	0.755089	29.0949631080	9	0|1|4|5|6|7|8|9|10	1794.9027697521	0.7443093233	1.0000000000	0.2627732809	0.1615608587	72182.3381769399	24195.8501292410	118664.7040413448	145671.8435789341	205546.6244508119	0.0193819217	817.0657697343
DENSE_INDEPENDENT_LEVELS	3	1	D	Optimal	true	66289.9089339151	0.000000000	0.006377	1.0000000000	9	0|1|4|5|6|7|8|9|10	2073.8741694708	0.8249523922	1.0000000000	0.1814428979	0.6775994457	92413.8437786696	34449.5162989675	160542.0192432221	186837.0984015814	234288.2086521754	0.0342118683	391.6762757825
DENSE_INDEPENDENT_LEVELS	3	1	SAA	Optimal	true	76263.7144759872	0.000000000	1.109461	60.0000000000	9	0|1|4|5|6|7|8|9|10	2073.8741694708	0.8249523922	1.0000000000	0.1814428979	0.6775994457	92413.8437786696	34449.5162989675	160542.0192432221	186837.0984015814	234288.2086521754	0.0342118683	391.6762757825
DENSE_INDEPENDENT_LEVELS	3	1	CSAA	Optimal	true	81254.7444925934	0.000000000	1.008503	33.7802980508	9	0|1|4|5|6|7|8|9|10	2073.8741694708	0.8249523922	1.0000000000	0.1814428979	0.6775994457	92413.8437786696	34449.5162989675	160542.0192432221	186837.0984015814	234288.2086521754	0.0342118683	391.6762757825
DENSE_INDEPENDENT_LEVELS	3	2	D	Optimal	true	66289.9089339151	0.000000000	0.006377	1.0000000000	9	0|1|4|5|6|7|8|9|10	2487.9949503223	0.8599276674	1.0000000000	0.9923525610	0.8820810371	118407.3624595340	48066.2361181737	215794.8733989141	252482.0419816456	350099.8350981638	0.0531122185	178.8674135064
DENSE_INDEPENDENT_LEVELS	3	2	SAA	Optimal	true	76263.7144759872	0.000000000	1.109461	60.0000000000	9	0|1|4|5|6|7|8|9|10	2487.9949503223	0.8599276674	1.0000000000	0.9923525610	0.8820810371	118407.3624595340	48066.2361181737	215794.8733989141	252482.0419816456	350099.8350981638	0.0531122185	178.8674135064
DENSE_INDEPENDENT_LEVELS	3	2	CSAA	Optimal	true	85119.1439623867	0.000000000	0.882616	25.8574934032	9	0|1|4|5|6|7|8|9|10	2487.9949503223	0.8599276674	1.0000000000	0.9923525610	0.8820810371	118407.3624595340	48066.2361181737	215794.8733989141	252482.0419816456	350099.8350981638	0.0531122185	178.8674135064
DENSE_INDEPENDENT_LEVELS	3	3	D	Optimal	true	66289.9089339151	0.000000000	0.006377	1.0000000000	9	0|1|4|5|6|7|8|9|10	1861.1404803217	0.9129541553	1.0000000000	0.2031994514	0.2141196497	77357.3365047190	26334.3521499553	128044.0576343848	153261.5333186002	209511.0984681020	0.0236012435	616.7597597163
DENSE_INDEPENDENT_LEVELS	3	3	SAA	Optimal	true	76263.7144759872	0.000000000	1.109461	60.0000000000	9	0|1|4|5|6|7|8|9|10	1861.1404803217	0.9129541553	1.0000000000	0.2031994514	0.2141196497	77357.3365047190	26334.3521499553	128044.0576343848	153261.5333186002	209511.0984681020	0.0236012435	616.7597597163
DENSE_INDEPENDENT_LEVELS	3	3	CSAA	Optimal	true	76485.5876337981	3.860859104e-05	0.710058	29.2238539644	9	0|1|4|5|6|7|8|9|10	1861.1404803217	0.9129541553	1.0000000000	0.2031994514	0.2141196497	77357.3365047190	26334.3521499553	128044.0576343848	153261.5333186002	209511.0984681020	0.0236012435	616.7597597163
DENSE_INDEPENDENT_LEVELS	3	4	D	Optimal	true	66289.9089339151	0.000000000	0.006377	1.0000000000	9	0|1|4|5|6|7|8|9|10	1764.1996633345	0.0101001660	1.0000000000	0.1383652157	0.6616850247	71562.7523718899	28662.0165583422	123400.9755357334	161696.1243449995	316467.9943209693	0.0187672737	939.8843464793
DENSE_INDEPENDENT_LEVELS	3	4	SAA	Optimal	true	76263.7144759872	0.000000000	1.109461	60.0000000000	9	0|1|4|5|6|7|8|9|10	1764.1996633345	0.0101001660	1.0000000000	0.1383652157	0.6616850247	71562.7523718899	28662.0165583422	123400.9755357334	161696.1243449995	316467.9943209693	0.0187672737	939.8843464793
DENSE_INDEPENDENT_LEVELS	3	4	CSAA	Optimal	true	78042.7821518484	0.000000000	0.674113	36.1651645811	9	0|1|4|5|6|7|8|9|10	1764.1996633345	0.0101001660	1.0000000000	0.1383652157	0.6616850247	71562.7523718899	28662.0165583422	123400.9755357334	161696.1243449995	316467.9943209693	0.0187672737	939.8843464793
DENSE_INDEPENDENT_LEVELS	3	5	D	Optimal	true	66289.9089339151	0.000000000	0.006377	1.0000000000	9	0|1|4|5|6|7|8|9|10	1709.5968515987	0.4651796302	1.0000000000	0.0459317246	0.3280962762	70415.5554650350	24535.8142913260	119208.2887286794	143955.1640432137	217465.5399312207	0.0197159775	943.0334256004
DENSE_INDEPENDENT_LEVELS	3	5	SAA	Optimal	true	76263.7144759872	0.000000000	1.109461	60.0000000000	9	0|1|4|5|6|7|8|9|10	1709.5968515987	0.4651796302	1.0000000000	0.0459317246	0.3280962762	70415.5554650350	24535.8142913260	119208.2887286794	143955.1640432137	217465.5399312207	0.0197159775	943.0334256004
DENSE_INDEPENDENT_LEVELS	3	5	CSAA	Optimal	true	74436.0781972648	0.000000000	0.731625	34.7717071157	9	0|1|4|5|6|7|8|9|10	1709.5968515987	0.4651796302	1.0000000000	0.0459317246	0.3280962762	70415.5554650350	24535.8142913260	119208.2887286794	143955.1640432137	217465.5399312207	0.0197159775	943.0334256004
DENSE_INDEPENDENT_LEVELS	3	6	D	Optimal	true	66289.9089339151	0.000000000	0.006377	1.0000000000	9	0|1|4|5|6|7|8|9|10	2431.6401031702	0.8090401058	1.0000000000	0.7942937123	0.9420830273	117098.9436390155	44968.1079323352	202039.7450075788	234628.3996695067	311433.1277351898	0.0524553217	192.8360843732
DENSE_INDEPENDENT_LEVELS	3	6	SAA	Optimal	true	76263.7144759872	0.000000000	1.109461	60.0000000000	9	0|1|4|5|6|7|8|9|10	2431.6401031702	0.8090401058	1.0000000000	0.7942937123	0.9420830273	117098.9436390155	44968.1079323352	202039.7450075788	234628.3996695067	311433.1277351898	0.0524553217	192.8360843732
DENSE_INDEPENDENT_LEVELS	3	6	CSAA	Optimal	true	86075.2899505813	0.000000000	0.753243	28.5094246828	9	0|1|4|5|6|7|8|9|10	2431.6401031702	0.8090401058	1.0000000000	0.7942937123	0.9420830273	117098.9436390155	44968.1079323352	202039.7450075788	234628.3996695067	311433.1277351898	0.0524553217	192.8360843732
DENSE_INDEPENDENT_LEVELS	3	7	D	Optimal	true	66289.9089339151	0.000000000	0.006377	1.0000000000	9	0|1|4|5|6|7|8|9|10	1941.4911596850	0.1616496041	1.0000000000	0.0998112452	0.9161376923	85703.2048073429	33694.5419932763	148284.4609985261	181123.4218775580	307398.1676228746	0.0279731560	496.6054474571
DENSE_INDEPENDENT_LEVELS	3	7	SAA	Optimal	true	76263.7144759872	0.000000000	1.109461	60.0000000000	9	0|1|4|5|6|7|8|9|10	1941.4911596850	0.1616496041	1.0000000000	0.0998112452	0.9161376923	85703.2048073429	33694.5419932763	148284.4609985261	181123.4218775580	307398.1676228746	0.0279731560	496.6054474571
DENSE_INDEPENDENT_LEVELS	3	7	CSAA	Optimal	true	82238.1381871469	0.000000000	0.846778	31.0039359241	9	0|1|4|5|6|7|8|9|10	1941.4911596850	0.1616496041	1.0000000000	0.0998112452	0.9161376923	85703.2048073429	33694.5419932763	148284.4609985261	181123.4218775580	307398.1676228746	0.0279731560	496.6054474571
DENSE_INDEPENDENT_LEVELS	3	8	D	Optimal	true	66289.9089339151	0.000000000	0.006377	1.0000000000	9	0|1|4|5|6|7|8|9|10	2142.0635494213	0.9520027012	1.0000000000	0.3876602627	0.5848049871	96056.8476498568	36678.2640942850	168774.4672878498	203489.5713482754	268834.3689393612	0.0352774328	304.9730560656
DENSE_INDEPENDENT_LEVELS	3	8	SAA	Optimal	true	76263.7144759872	0.000000000	1.109461	60.0000000000	9	0|1|4|5|6|7|8|9|10	2142.0635494213	0.9520027012	1.0000000000	0.3876602627	0.5848049871	96056.8476498568	36678.2640942850	168774.4672878498	203489.5713482754	268834.3689393612	0.0352774328	304.9730560656
DENSE_INDEPENDENT_LEVELS	3	8	CSAA	Optimal	true	81580.0511711362	0.000000000	0.775493	32.9581752185	9	0|1|4|5|6|7|8|9|10	2142.0635494213	0.9520027012	1.0000000000	0.3876602627	0.5848049871	96056.8476498568	36678.2640942850	168774.4672878498	203489.5713482754	268834.3689393612	0.0352774328	304.9730560656
DENSE_INDEPENDENT_LEVELS	3	9	D	Optimal	true	66289.9089339151	0.000000000	0.006377	1.0000000000	9	0|1|4|5|6|7|8|9|10	1640.4751355937	0.1075470100	1.0000000000	0.0609101202	0.4218418636	67781.9312666755	23870.1281986874	119629.7524591835	137995.1455468712	194683.3702172925	0.0144965296	1142.3841279480
DENSE_INDEPENDENT_LEVELS	3	9	SAA	Optimal	true	76263.7144759872	0.000000000	1.109461	60.0000000000	9	0|1|4|5|6|7|8|9|10	1640.4751355937	0.1075470100	1.0000000000	0.0609101202	0.4218418636	67781.9312666755	23870.1281986874	119629.7524591835	137995.1455468712	194683.3702172925	0.0144965296	1142.3841279480
DENSE_INDEPENDENT_LEVELS	3	9	CSAA	Optimal	true	74851.0599667715	1.479501561e-05	0.860424	30.7164664710	9	0|1|4|5|6|7|8|9|10	1640.4751355937	0.1075470100	1.0000000000	0.0609101202	0.4218418636	67781.9312666755	23870.1281986874	119629.7524591835	137995.1455468712	194683.3702172925	0.0144965296	1142.3841279480
DENSE_INDEPENDENT_LEVELS	3	10	D	Optimal	true	66289.9089339151	0.000000000	0.006377	1.0000000000	9	0|1|4|5|6|7|8|9|10	1932.5008632195	0.3742492785	1.0000000000	0.9700921422	0.1864660330	82852.5215592443	31590.7248253430	140500.9900490701	178202.3514511314	260574.1944947232	0.0268038442	555.7760092046
DENSE_INDEPENDENT_LEVELS	3	10	SAA	Optimal	true	76263.7144759872	0.000000000	1.109461	60.0000000000	9	0|1|4|5|6|7|8|9|10	1932.5008632195	0.3742492785	1.0000000000	0.9700921422	0.1864660330	82852.5215592443	31590.7248253430	140500.9900490701	178202.3514511314	260574.1944947232	0.0268038442	555.7760092046
DENSE_INDEPENDENT_LEVELS	3	10	CSAA	Optimal	true	84790.3601586995	0.000000000	0.765616	25.0566052570	9	0|1|4|5|6|7|8|9|10	1932.5008632195	0.3742492785	1.0000000000	0.9700921422	0.1864660330	82852.5215592443	31590.7248253430	140500.9900490701	178202.3514511314	260574.1944947232	0.0268038442	555.7760092046
DENSE_INDEPENDENT_LEVELS	3	11	D	Optimal	true	66289.9089339151	0.000000000	0.006377	1.0000000000	9	0|1|4|5|6|7|8|9|10	2236.6044970884	0.5717149745	1.0000000000	0.4760968276	0.9463436602	101218.3577577178	40928.4968825967	173803.6292037164	222740.7712598054	317678.4881313206	0.0387473716	277.3713928975
DENSE_INDEPENDENT_LEVELS	3	11	SAA	Optimal	true	76263.7144759872	0.000000000	1.109461	60.0000000000	9	0|1|4|5|6|7|8|9|10	2236.6044970884	0.5717149745	1.0000000000	0.4760968276	0.9463436602	101218.3577577178	40928.4968825967	173803.6292037164	222740.7712598054	317678.4881313206	0.0387473716	277.3713928975
DENSE_INDEPENDENT_LEVELS	3	11	CSAA	Optimal	true	86531.5314868321	0.000000000	0.763399	32.1366012490	9	0|1|4|5|6|7|8|9|10	2236.6044970884	0.5717149745	1.0000000000	0.4760968276	0.9463436602	101218.3577577178	40928.4968825967	173803.6292037164	222740.7712598054	317678.4881313206	0.0387473716	277.3713928975
DENSE_INDEPENDENT_LEVELS	3	12	D	Optimal	true	66289.9089339151	0.000000000	0.006377	1.0000000000	9	0|1|4|5|6|7|8|9|10	2085.6555716327	0.9626693747	1.0000000000	0.5591686521	0.3604535106	93527.0153670275	34759.1618723536	159063.4780838887	192220.3900285344	346452.5529599473	0.0340171932	340.5871591444
DENSE_INDEPENDENT_LEVELS	3	12	SAA	Optimal	true	76263.7144759872	0.000000000	1.109461	60.0000000000	9	0|1|4|5|6|7|8|9|10	2085.6555716327	0.9626693747	1.0000000000	0.5591686521	0.3604535106	93527.0153670275	34759.1618723536	159063.4780838887	192220.3900285344	346452.5529599473	0.0340171932	340.5871591444
DENSE_INDEPENDENT_LEVELS	3	12	CSAA	Optimal	true	79966.7182144612	9.513770290e-06	0.807640	28.2264829744	9	0|1|4|5|6|7|8|9|10	2085.6555716327	0.9626693747	1.0000000000	0.5591686521	0.3604535106	93527.0153670275	34759.1618723536	159063.4780838887	192220.3900285344	346452.5529599473	0.0340171932	340.5871591444
DENSE_INDEPENDENT_LEVELS	3	13	D	Optimal	true	66289.9089339151	0.000000000	0.006377	1.0000000000	9	0|1|4|5|6|7|8|9|10	2550.2572692456	0.9586318438	1.0000000000	0.9721232032	0.9464770629	128987.4988632260	49785.4374061919	229058.5888272891	261551.3313630407	363368.8811726740	0.0619765582	155.7791251504
DENSE_INDEPENDENT_LEVELS	3	13	SAA	Optimal	true	76263.7144759872	0.000000000	1.109461	60.0000000000	9	0|1|4|5|6|7|8|9|10	2550.2572692456	0.9586318438	1.0000000000	0.9721232032	0.9464770629	128987.4988632260	49785.4374061919	229058.5888272891	261551.3313630407	363368.8811726740	0.0619765582	155.7791251504
DENSE_INDEPENDENT_LEVELS	3	13	CSAA	Optimal	true	84480.5822829858	0.000000000	0.737010	25.4147216839	9	0|1|4|5|6|7|8|9|10	2550.2572692456	0.9586318438	1.0000000000	0.9721232032	0.9464770629	128987.4988632260	49785.4374061919	229058.5888272891	261551.3313630407	363368.8811726740	0.0619765582	155.7791251504
DENSE_INDEPENDENT_LEVELS	3	14	D	Optimal	true	66289.9089339151	0.000000000	0.006377	1.0000000000	9	0|1|4|5|6|7|8|9|10	1903.2125100114	0.2309967129	1.0000000000	0.1768016558	0.7498200712	81841.2838681621	34522.8311012503	143333.1493675100	185482.1547177603	382048.1770790766	0.0268446589	603.4169965731
DENSE_INDEPENDENT_LEVELS	3	14	SAA	Optimal	true	76263.7144759872	0.000000000	1.109461	60.0000000000	9	0|1|4|5|6|7|8|9|10	1903.2125100114	0.2309967129	1.0000000000	0.1768016558	0.7498200712	81841.2838681621	34522.8311012503	143333.1493675100	185482.1547177603	382048.1770790766	0.0268446589	603.4169965731
DENSE_INDEPENDENT_LEVELS	3	14	CSAA	Optimal	true	81076.0740041212	0.000000000	0.660538	34.4490807327	9	0|1|4|5|6|7|8|9|10	1903.2125100114	0.2309967129	1.0000000000	0.1768016558	0.7498200712	81841.2838681621	34522.8311012503	143333.1493675100	185482.1547177603	382048.1770790766	0.0268446589	603.4169965731
DENSE_INDEPENDENT_LEVELS	3	15	D	Optimal	true	66289.9089339151	0.000000000	0.006377	1.0000000000	9	0|1|4|5|6|7|8|9|10	2158.9561712678	0.6622122595	1.0000000000	0.5203824065	0.7154076706	98603.0342508598	39360.2467951611	181365.2295762189	214329.5358439465	255892.7632667896	0.0379257783	318.9883764292
DENSE_INDEPENDENT_LEVELS	3	15	SAA	Optimal	true	76263.7144759872	0.000000000	1.109461	60.0000000000	9	0|1|4|5|6|7|8|9|10	2158.9561712678	0.6622122595	1.0000000000	0.5203824065	0.7154076706	98603.0342508598	39360.2467951611	181365.2295762189	214329.5358439465	255892.7632667896	0.0379257783	318.9883764292
DENSE_INDEPENDENT_LEVELS	3	15	CSAA	Optimal	true	84520.7209325464	0.000000000	0.741390	33.6435887554	9	0|1|4|5|6|7|8|9|10	2158.9561712678	0.6622122595	1.0000000000	0.5203824065	0.7154076706	98603.0342508598	39360.2467951611	181365.2295762189	214329.5358439465	255892.7632667896	0.0379257783	318.9883764292
DENSE_INDEPENDENT_LEVELS	3	16	D	Optimal	true	66289.9089339151	0.000000000	0.006377	1.0000000000	9	0|1|4|5|6|7|8|9|10	1947.4793319413	0.7458558495	1.0000000000	0.0705656477	0.5690218426	82982.6450096779	29475.4755093877	138240.5001696655	166434.3364427467	283622.9378341121	0.0229458424	472.7899536566
DENSE_INDEPENDENT_LEVELS	3	16	SAA	Optimal	true	76263.7144759872	0.000000000	1.109461	60.0000000000	9	0|1|4|5|6|7|8|9|10	1947.4793319413	0.7458558495	1.0000000000	0.0705656477	0.5690218426	82982.6450096779	29475.4755093877	138240.5001696655	166434.3364427467	283622.9378341121	0.0229458424	472.7899536566
DENSE_INDEPENDENT_LEVELS	3	16	CSAA	Optimal	true	79365.5799331547	0.000000000	0.926197	35.6112071113	9	0|1|4|5|6|7|8|9|10	1947.4793319413	0.7458558495	1.0000000000	0.0705656477	0.5690218426	82982.6450096779	29475.4755093877	138240.5001696655	166434.3364427467	283622.9378341121	0.0229458424	472.7899536566
DENSE_INDEPENDENT_LEVELS	3	17	D	Optimal	true	66289.9089339151	0.000000000	0.006377	1.0000000000	9	0|1|4|5|6|7|8|9|10	2113.8392784729	0.0109908034	1.0000000000	0.7049875150	0.9309097962	94221.4488700677	32712.4694129014	155080.8836330945	183333.5916121229	291785.6527367190	0.0277239871	318.5424278673
DENSE_INDEPENDENT_LEVELS	3	17	SAA	Optimal	true	76263.7144759872	0.000000000	1.109461	60.0000000000	9	0|1|4|5|6|7|8|9|10	2113.8392784729	0.0109908034	1.0000000000	0.7049875150	0.9309097962	94221.4488700677	32712.4694129014	155080.8836330945	183333.5916121229	291785.6527367190	0.0277239871	318.5424278673
DENSE_INDEPENDENT_LEVELS	3	17	CSAA	Optimal	true	84835.4183736917	0.000000000	0.942160	28.1157325166	9	0|1|4|5|6|7|8|9|10	2113.8392784729	0.0109908034	1.0000000000	0.7049875150	0.9309097962	94221.4488700677	32712.4694129014	155080.8836330945	183333.5916121229	291785.6527367190	0.0277239871	318.5424278673
DENSE_INDEPENDENT_LEVELS	3	18	D	Optimal	true	66289.9089339151	0.000000000	0.006377	1.0000000000	9	0|1|4|5|6|7|8|9|10	2219.2942082706	0.7952416316	1.0000000000	0.7365224060	0.5977098152	102783.1882069308	38260.1018349441	171646.4008522499	209336.4659671519	295750.4702065405	0.0395615906	258.6961735415
DENSE_INDEPENDENT_LEVELS	3	18	SAA	Optimal	true	76263.7144759872	0.000000000	1.109461	60.0000000000	9	0|1|4|5|6|7|8|9|10	2219.2942082706	0.7952416316	1.0000000000	0.7365224060	0.5977098152	102783.1882069308	38260.1018349441	171646.4008522499	209336.4659671519	295750.4702065405	0.0395615906	258.6961735415
DENSE_INDEPENDENT_LEVELS	3	18	CSAA	Optimal	true	83198.3841961589	0.000000000	0.793077	30.4308911698	9	0|1|4|5|6|7|8|9|10	2219.2942082706	0.7952416316	1.0000000000	0.7365224060	0.5977098152	102783.1882069308	38260.1018349441	171646.4008522499	209336.4659671519	295750.4702065405	0.0395615906	258.6961735415
DENSE_INDEPENDENT_LEVELS	3	19	D	Optimal	true	66289.9089339151	0.000000000	0.006377	1.0000000000	9	0|1|4|5|6|7|8|9|10	1938.3004693113	0.1540037425	1.0000000000	0.9197243387	0.3727973688	82509.8824165349	32173.4458922216	148767.6704761703	179699.9027183914	279697.4126960809	0.0258292893	678.4113361530
DENSE_INDEPENDENT_LEVELS	3	19	SAA	Optimal	true	76263.7144759872	0.000000000	1.109461	60.0000000000	9	0|1|4|5|6|7|8|9|10	1938.3004693113	0.1540037425	1.0000000000	0.9197243387	0.3727973688	82509.8824165349	32173.4458922216	148767.6704761703	179699.9027183914	279697.4126960809	0.0258292893	678.4113361530
DENSE_INDEPENDENT_LEVELS	3	19	CSAA	Optimal	true	83701.6552398062	0.000000000	1.205659	24.7285043773	9	0|1|4|5|6|7|8|9|10	1938.3004693113	0.1540037425	1.0000000000	0.9197243387	0.3727973688	82509.8824165349	32173.4458922216	148767.6704761703	179699.9027183914	279697.4126960809	0.0258292893	678.4113361530
