replication	mqc_scale	sample	demand_type	total_demand	selected_count	selected	objective	transport_cost	spot_cost	mqc_penalty	spot_quantity	mqc_shortfall	status	certified	gap
1	1.50	0	REALIZED	2294.5609342973	9	1|2|3|4|5|7|8|9|11	153148.7481025775	137408.1761761050	15740.5719264726	0.0000000000	114.1445811750	0.0000000000	Optimal	true	0.000000000
1	1.50	0	CONDITIONAL_MEAN	2302.3516806904	9	1|2|3|4|5|7|8|9|10	130915.6890874888	129467.0142908856	1448.6747966032	0.0000000000	16.0394739790	0.0000000000	Optimal	true	0.000000000
1	1.50	1	REALIZED	1235.6231319459	5	1|2|3|4|5	66662.7529710458	62835.0660350529	3827.6869359929	0.0000000000	56.1350664600	0.0000000000	Optimal	true	0.000000000
1	1.50	1	CONDITIONAL_MEAN	1637.1150058755	7	1|2|3|4|5|8|9	88804.3799667089	86304.5898242597	2499.7901424492	0.0000000000	35.1395541324	0.0000000000	Optimal	true	0.000000000
1	1.50	2	REALIZED	2083.6705462960	8	1|2|3|4|5|7|8|9	119017.0009908042	103504.2126824340	15512.7883083702	0.0000000000	132.0038945684	0.0000000000	Optimal	true	0.000000000
1	1.50	2	CONDITIONAL_MEAN	2390.8014182625	9	1|2|3|4|5|7|8|9|10	136902.7533047456	132266.1862691916	4636.5670355539	0.0000000000	45.6122486203	0.0000000000	Optimal	true	0.000000000
1	1.50	3	REALIZED	1292.3634913728	6	4|5|7|8|9|11	103267.0044478440	74179.0563210687	24526.5223310957	4561.4257956795	136.9651088027	172.1673657222	Optimal	true	0.000000000
1	1.50	3	CONDITIONAL_MEAN	1591.8214963140	6	2|3|4|5|8|9	86209.6063636994	82630.0637414295	3579.5426222699	0.0000000000	44.5254460794	0.0000000000	Optimal	true	0.000000000
1	1.50	4	REALIZED	1861.8071150180	8	1|2|3|4|5|6|8|9	103168.6053877942	95582.2804228225	7586.3249649717	0.0000000000	52.9732817817	0.0000000000	Optimal	true	0.000000000
1	1.50	4	CONDITIONAL_MEAN	1663.6590493040	7	2|3|4|5|8|9|10	90551.9918619882	89787.5344920651	764.4573699231	0.0000000000	8.5900351077	0.0000000000	Optimal	true	0.000000000
1	1.50	5	REALIZED	1729.0567843884	7	1|2|3|4|5|8|9	90911.8870784041	90522.6649117088	389.2221666953	0.0000000000	2.5121925439	0.0000000000	Optimal	true	0.000000000
1	1.50	5	CONDITIONAL_MEAN	1604.2921915804	6	2|3|4|5|8|9	87630.5291392791	84589.7339944980	3040.7951447810	0.0000000000	40.7862925804	0.0000000000	Optimal	true	0.000000000
1	1.50	6	REALIZED	2453.1620321485	9	1|2|3|4|5|6|7|8|10	146820.0042677890	138814.5918475689	8005.4124202201	0.0000000000	72.9752871683	0.0000000000	Optimal	true	0.000000000
1	1.50	6	CONDITIONAL_MEAN	2372.1237269450	9	1|2|3|4|5|7|8|9|10	135855.6710503501	130680.8600366322	5174.8110137180	0.0000000000	51.0335967870	0.0000000000	Optimal	true	0.000000000
1	1.50	7	REALIZED	1938.0415281479	8	2|3|4|5|7|8|9|10	103763.8185055827	100477.4242425077	3286.3942630752	0.0000000000	36.6798229012	0.0000000000	Optimal	true	0.000000000
1	1.50	7	CONDITIONAL_MEAN	1750.9853987465	7	2|3|4|5|8|9|10	95803.9401071566	94812.1794661207	991.7606410359	0.0000000000	9.8929607954	0.0000000000	Optimal	true	0.000000000
1	1.50	8	REALIZED	3819.3341150748	9	1|2|3|4|5|7|8|10|11	267764.9943292549	174361.0590226635	93403.9353065916	0.0000000000	860.8504914968	0.0000000000	Optimal	true	0.000000000
1	1.50	8	CONDITIONAL_MEAN	2251.0143180681	9	1|2|3|4|5|7|8|9|10	127363.0213518177	125934.1002306066	1428.9211212111	0.0000000000	16.5598902231	0.0000000000	Optimal	true	0.000000000
1	1.50	9	REALIZED	863.8541100234	4	2|4|5|9	49186.3235047296	40976.5956150232	8209.7278897064	0.0000000000	84.6109824638	0.0000000000	Optimal	true	0.000000000
1	1.50	9	CONDITIONAL_MEAN	1633.3600494286	6	2|3|4|5|8|9	89573.4139610729	86427.4147009469	3145.9992601260	0.0000000000	40.3032684433	0.0000000000	Optimal	true	0.000000000
1	1.50	10	REALIZED	1607.8202584230	7	2|3|4|5|8|9|10	89206.7191610031	87210.3152113997	1996.4039496035	0.0000000000	30.5166993265	0.0000000000	Optimal	true	0.000000000
1	1.50	10	CONDITIONAL_MEAN	1665.2267905051	7	2|3|4|5|8|9|10	91259.9596704805	90678.5057856620	581.4538848185	0.0000000000	6.0036336920	0.0000000000	Optimal	true	0.000000000
1	1.50	11	REALIZED	2501.6064703922	9	2|3|4|5|6|7|8|9|11	157187.8053498573	144381.2944665585	12806.5108832987	0.0000000000	107.4645730702	0.0000000000	Optimal	true	0.000000000
1	1.50	11	CONDITIONAL_MEAN	1769.2584285267	7	2|3|4|5|8|9|10	97872.0796422350	97128.4661895271	743.6134527079	0.0000000000	6.9176891771	0.0000000000	Optimal	true	0.000000000
1	1.50	12	REALIZED	1249.7141774261	6	2|4|7|8|9|11	93210.7848602654	76244.8547032648	12092.6778995764	4873.2522574241	94.6077711292	197.0479717543	Optimal	true	0.000000000
1	1.50	12	CONDITIONAL_MEAN	1225.0929657499	5	2|3|4|5|9	64833.8977366110	63164.8189206690	1669.0788159420	0.0000000000	13.7298384811	0.0000000000	Optimal	true	0.000000000
1	1.50	13	REALIZED	2272.2858537530	9	1|2|3|4|5|6|7|8|9	127712.7836873051	124178.8939904202	3533.8896968848	0.0000000000	21.8302853752	0.0000000000	Optimal	true	0.000000000
1	1.50	13	CONDITIONAL_MEAN	1712.3421353822	7	1|2|3|4|5|8|9	93662.8996144878	90461.5572141508	3201.3424003369	0.0000000000	43.0461785286	0.0000000000	Optimal	true	0.000000000
1	1.50	14	REALIZED	1832.1078845486	8	2|3|4|5|6|8|9|11	121129.9979830828	108442.7868931042	12687.2110899786	0.0000000000	96.2821866590	0.0000000000	Optimal	true	0.000000000
1	1.50	14	CONDITIONAL_MEAN	2261.9065569278	9	1|2|3|4|5|7|8|9|10	127509.9674068692	126466.2055078211	1043.7618990482	0.0000000000	11.6682712982	0.0000000000	Optimal	true	0.000000000
1	1.50	15	REALIZED	2681.9749266000	9	1|2|3|4|5|7|8|9|11	192620.7705996349	143434.9987709964	49185.7718286386	0.0000000000	327.5473009205	0.0000000000	Optimal	true	0.000000000
1	1.50	15	CONDITIONAL_MEAN	2107.0767832190	8	1|2|3|4|5|8|9|10	118919.7387088779	115959.3092967556	2960.4294121223	0.0000000000	19.8151583524	0.0000000000	Optimal	true	0.000000000
1	1.50	16	REALIZED	2418.8968734589	9	1|2|3|4|5|7|8|9|10	139024.7741770256	132244.8548280576	6779.9193489681	0.0000000000	69.1756527750	0.0000000000	Optimal	true	0.000000000
1	1.50	16	CONDITIONAL_MEAN	2007.5584959798	8	1|2|3|4|5|8|9|10	111433.8778131938	109754.3964196664	1679.4813935275	0.0000000000	12.2632068213	0.0000000000	Optimal	true	0.000000000
1	1.50	17	REALIZED	1520.3091891578	7	1|2|3|4|5|8|10	82362.9337205929	76994.0804726087	5368.8532479843	0.0000000000	60.8907633819	0.0000000000	Optimal	true	0.000000000
1	1.50	17	CONDITIONAL_MEAN	1770.4797921796	7	2|3|4|5|8|9|10	98203.1828765755	97609.4681768762	593.7146996993	0.0000000000	4.9437376828	0.0000000000	Optimal	true	0.000000000
1	1.50	18	REALIZED	1095.6195685336	5	2|3|4|5|9	57729.2262585911	51217.9233036072	5119.9886929072	1391.3142620767	80.0053921949	69.6251211162	Optimal	true	0.000000000
1	1.50	18	CONDITIONAL_MEAN	1599.8681065620	6	2|3|4|5|8|9	87291.0217849321	83338.1388636827	3952.8829212494	0.0000000000	52.6925286358	0.0000000000	Optimal	true	0.000000000
1	1.50	19	REALIZED	1583.4463620207	7	2|3|4|5|7|8|9	90413.5572845543	87701.4200989125	2318.2628786117	393.8743070302	17.7686518579	17.9428187545	Optimal	true	0.000000000
1	1.50	19	CONDITIONAL_MEAN	1630.5847985441	6	2|3|4|5|8|9	88492.0937217955	85262.8876814560	3229.2060403395	0.0000000000	36.7241293155	0.0000000000	Optimal	true	0.000000000
1	1.50	20	REALIZED	1643.9659284496	7	2|3|4|5|8|9|10	91833.1082529850	90715.3838166620	1117.7244363231	0.0000000000	7.4726728677	0.0000000000	Optimal	true	0.000000000
1	1.50	20	CONDITIONAL_MEAN	1325.0824544591	6	2|3|4|5|8|9	70491.4746430993	69906.4472876059	585.0273554934	0.0000000000	3.9112664125	0.0000000000	Optimal	true	0.000000000
1	1.50	21	REALIZED	1487.9131928489	7	2|3|4|5|6|8|9	89400.1817102311	82816.4933834039	5930.4380351717	653.2502916555	46.7715815012	24.0885213914	Optimal	true	0.000000000
1	1.50	21	CONDITIONAL_MEAN	1650.0359551520	7	2|3|4|5|8|9|10	90591.3370166979	90127.4835058666	463.8535108313	0.0000000000	4.5137412555	0.0000000000	Optimal	true	0.000000000
1	1.50	22	REALIZED	989.8640550717	5	2|4|5|8|9	57454.3340988385	50491.0461678282	6291.4774182317	671.8105127786	87.9981567784	26.2771260700	Optimal	true	0.000000000
1	1.50	22	CONDITIONAL_MEAN	1494.9897532972	6	2|3|4|5|8|9	80528.4969191111	78083.3110229426	2445.1858961686	0.0000000000	32.0913695645	0.0000000000	Optimal	true	0.000000000
1	1.50	23	REALIZED	1419.4034194106	6	2|4|5|7|8|9	85790.6948437595	80902.9062194719	4887.7886242877	0.0000000000	32.4212846444	0.0000000000	Optimal	true	0.000000000
1	1.50	23	CONDITIONAL_MEAN	1927.7650375500	8	1|2|3|4|5|8|9|10	106851.6348058924	106175.2355910063	676.3992148860	0.0000000000	3.7405968343	0.0000000000	Optimal	true	0.000000000
1	1.50	24	REALIZED	1824.1701666380	8	2|3|4|5|6|7|8|9	113871.9355242417	105479.8627738847	8285.2366000636	106.8361502934	55.6130613192	4.8668868391	Optimal	true	0.000000000
1	1.50	24	CONDITIONAL_MEAN	1379.1446329805	6	2|3|4|5|8|9	74053.9648465145	72967.1264191937	1086.8384273209	0.0000000000	11.4813314218	0.0000000000	Optimal	true	0.000000000
1	1.50	25	REALIZED	1066.0279374644	5	2|4|5|7|9	60742.7901651377	57050.9982721587	3169.8894720623	521.9024209167	43.8700028408	23.7750987534	Optimal	true	0.000000000
1	1.50	25	CONDITIONAL_MEAN	1662.2378270932	7	2|3|4|5|8|9|10	91571.3039587099	91356.9038712915	214.4000874184	0.0000000000	1.4333959821	0.0000000000	Optimal	true	0.000000000
1	1.50	26	REALIZED	2075.1964516509	9	0|1|2|3|4|5|8|9|10	120114.6805002796	109410.5114224028	10704.1690778768	0.0000000000	117.9029784682	0.0000000000	Optimal	true	0.000000000
1	1.50	26	CONDITIONAL_MEAN	1876.3073385211	8	1|2|3|4|5|8|9|10	103447.5827921275	103309.4123778803	138.1704142472	0.0000000000	0.7641046925	0.0000000000	Optimal	true	0.000000000
1	1.50	27	REALIZED	2236.3083497296	9	0|2|3|4|5|7|8|9|11	137857.9126115698	121816.0721153948	16041.8404961751	0.0000000000	181.8891442963	0.0000000000	Optimal	true	0.000000000
1	1.50	27	CONDITIONAL_MEAN	2527.2937573474	9	1|2|3|4|5|8|9|10|11	147136.0413138538	144014.8433571272	3121.1979567264	0.0000000000	45.7956387214	0.0000000000	Optimal	true	0.000000000
1	1.50	28	REALIZED	2786.9602365250	9	2|3|4|5|7|8|9|10|11	183672.9801957276	139291.1770673023	44381.8031284253	0.0000000000	414.7236737302	0.0000000000	Optimal	true	0.000000000
1	1.50	28	CONDITIONAL_MEAN	2046.0751316619	9	1|2|3|4|5|7|8|9|10	115974.2541203165	115974.2541203165	0.0000000000	0.0000000000	0.0000000000	0.0000000000	Optimal	true	0.000000000
1	1.50	29	REALIZED	1337.2495197967	6	2|3|4|5|9|10	70409.2307032177	64235.4660601603	6173.7646430574	0.0000000000	89.1566774714	0.0000000000	Optimal	true	0.000000000
1	1.50	29	CONDITIONAL_MEAN	1964.8819054933	8	1|2|3|4|5|8|9|10	107887.5023248129	107797.1921287393	90.3101960736	0.0000000000	1.3322811032	0.0000000000	Optimal	true	0.000000000
1	1.50	30	REALIZED	2169.2100393711	9	1|2|3|4|5|6|8|9|10	119398.4597567670	111270.4508890930	8128.0088676739	0.0000000000	70.0211966793	0.0000000000	Optimal	true	0.000000000
1	1.50	30	CONDITIONAL_MEAN	2378.0444191841	9	1|2|3|4|5|7|8|9|10	136883.2261968772	131515.8494224427	5367.3767744345	0.0000000000	49.1977901575	0.0000000000	Optimal	true	0.000000000
1	1.50	31	REALIZED	1736.3269008995	7	1|2|3|4|5|8|9	93978.1697141294	89114.8216225279	4863.3480916016	0.0000000000	61.8780900283	0.0000000000	Optimal	true	0.000000000
1	1.50	31	CONDITIONAL_MEAN	1871.5800839193	8	1|2|3|4|5|8|9|10	103126.3719440704	102256.9562896273	869.4156544431	0.0000000000	4.8080088994	0.0000000000	Optimal	true	0.000000000
1	1.50	32	REALIZED	1359.9925251895	6	2|3|4|5|8|9	75205.4416168656	70513.0580176448	4692.3835992209	0.0000000000	44.6621430854	0.0000000000	Optimal	true	0.000000000
1	1.50	32	CONDITIONAL_MEAN	2092.2012547781	8	1|2|3|4|5|8|9|10	117912.0635718101	115278.5586695092	2633.5049023009	0.0000000000	19.7990369181	0.0000000000	Optimal	true	0.000000000
1	1.50	33	REALIZED	1792.6637626402	8	2|3|4|5|7|8|9|11	108051.3235480702	105226.8896643845	1686.6964737707	1137.7374099150	12.4051905090	51.8292657632	Optimal	true	0.000000000
1	1.50	33	CONDITIONAL_MEAN	1475.2200780778	6	2|3|4|5|8|9	78737.5054997349	77085.0523915484	1652.4531081865	0.0000000000	19.0097585495	0.0000000000	Optimal	true	0.000000000
1	1.50	34	REALIZED	1653.6973816804	8	1|2|3|4|5|6|8|9	103751.0898695852	91831.4791821413	10115.2131431173	1804.3975443266	69.4991598871	66.1686086198	Optimal	true	0.000000000
1	1.50	34	CONDITIONAL_MEAN	2099.3026518231	9	1|2|3|4|5|7|8|9|10	119016.6142643620	118448.3171336809	568.2971306812	0.0000000000	8.2349726125	0.0000000000	Optimal	true	0.000000000
1	1.50	35	REALIZED	1956.5766298067	9	1|2|3|4|5|6|8|9|10	109687.2442997490	105571.4596282040	4115.7846715450	0.0000000000	43.3930048053	0.0000000000	Optimal	true	0.000000000
1	1.50	35	CONDITIONAL_MEAN	2294.9100693130	9	1|2|3|4|5|7|8|9|10	130403.1687229536	128913.4224020346	1489.7463209189	0.0000000000	16.8600018906	0.0000000000	Optimal	true	0.000000000
1	1.50	36	REALIZED	1417.0504258808	7	2|3|4|5|8|9|10	77353.7256995675	74396.0304605102	1898.5612529410	1059.1339861163	18.1335343124	43.4801018170	Optimal	true	0.000000000
1	1.50	36	CONDITIONAL_MEAN	1615.0019120544	6	2|3|4|5|8|9	87747.2490013240	84429.1775009263	3318.0715003977	0.0000000000	40.3036660760	0.0000000000	Optimal	true	0.000000000
1	1.50	37	REALIZED	2065.2495836559	8	1|2|3|4|5|6|8|9	115027.1562148014	109726.2787871802	5300.8774276212	0.0000000000	64.9067574701	0.0000000000	Optimal	true	0.000000000
1	1.50	37	CONDITIONAL_MEAN	1948.2740366423	8	1|2|3|4|5|8|9|10	107326.0448332211	107326.0448332211	0.0000000000	0.0000000000	0.0000000000	0.0000000000	Optimal	true	0.000000000
1	1.50	38	REALIZED	1515.5244407139	7	2|3|4|5|8|9|10	81992.1256191144	78129.4920924734	3862.6335266411	0.0000000000	65.9531689702	0.0000000000	Optimal	true	0.000000000
1	1.50	38	CONDITIONAL_MEAN	1934.4690513959	8	1|2|3|4|5|8|9|10	107055.8111311660	106751.1326506949	304.6784804711	0.0000000000	1.6849211744	0.0000000000	Optimal	true	0.000000000
1	1.50	39	REALIZED	1960.3983006294	8	1|2|3|4|5|8|9|10	110250.7078910767	97170.1529931880	13080.5548978888	0.0000000000	178.7046852043	0.0000000000	Optimal	true	0.000000000
1	1.50	39	CONDITIONAL_MEAN	2158.4641577469	9	1|2|3|4|5|7|8|9|10	121223.4011894754	120642.8342192601	580.5669702152	0.0000000000	7.2876136520	0.0000000000	Optimal	true	0.000000000
1	1.50	40	REALIZED	3358.8400326192	9	1|2|3|4|5|7|8|9|11	214020.7304781432	178615.7343652808	35404.9961128622	0.0000000000	351.8638996662	0.0000000000	Optimal	true	0.000000000
1	1.50	40	CONDITIONAL_MEAN	2058.0717004808	8	1|2|3|4|5|8|9|10	115351.0927567275	113573.2427029963	1777.8500537312	0.0000000000	10.8975508783	0.0000000000	Optimal	true	0.000000000
1	1.50	41	REALIZED	2314.5287887408	9	1|2|3|4|5|7|8|9|11	135356.0767953629	127148.7926168115	8207.2841785515	0.0000000000	91.8988506591	0.0000000000	Optimal	true	0.000000000
1	1.50	41	CONDITIONAL_MEAN	2008.8184423164	8	1|2|3|4|5|8|9|10	111719.1301914325	111226.2653044727	492.8648869598	0.0000000000	5.5653323034	0.0000000000	Optimal	true	0.000000000
1	1.50	42	REALIZED	2179.3122628090	9	0|1|2|4|5|7|8|9|11	141252.8680363498	130820.4105899235	10432.4574464262	0.0000000000	85.0618152546	0.0000000000	Optimal	true	0.000000000
1	1.50	42	CONDITIONAL_MEAN	2067.2902822891	8	1|2|3|4|5|8|9|10	115962.7967900206	114212.9956145933	1749.8011754274	0.0000000000	15.4988451906	0.0000000000	Optimal	true	0.000000000
1	1.50	43	REALIZED	2020.9660718379	7	1|2|3|4|6|7|8	150041.1237508357	105981.1946899677	44059.9290608681	0.0000000000	372.0507793750	0.0000000000	Optimal	true	0.000000000
1	1.50	43	CONDITIONAL_MEAN	1851.5838295057	8	1|2|3|4|5|8|9|10	102548.5834589087	102548.5834589087	0.0000000000	0.0000000000	0.0000000000	0.0000000000	Optimal	true	0.000000000
1	1.50	44	REALIZED	1504.6382730331	6	2|3|4|5|8|9	80809.0673513009	66916.9750583958	13892.0922929050	0.0000000000	222.7734605554	0.0000000000	Optimal	true	0.000000000
1	1.50	44	CONDITIONAL_MEAN	1950.0550481859	8	1|2|3|4|5|8|9|10	108955.6136152508	106815.5171528294	2140.0964624214	0.0000000000	11.8350788651	0.0000000000	Optimal	true	0.000000000
1	1.50	45	REALIZED	1337.3583522282	6	2|3|4|5|8|9	72301.3794345105	71535.0457294021	766.3337051084	0.0000000000	8.6344772879	0.0000000000	Optimal	true	0.000000000
1	1.50	45	CONDITIONAL_MEAN	1614.2690173162	7	1|2|3|4|5|8|9	86994.5154291207	85585.0469034399	1409.4685256808	0.0000000000	16.3056832961	0.0000000000	Optimal	true	0.000000000
1	1.50	46	REALIZED	1901.2639534825	8	2|3|4|5|7|8|9|11	117915.8080637073	112715.6102046995	5200.1978590078	0.0000000000	54.2016510475	0.0000000000	Optimal	true	0.000000000
1	1.50	46	CONDITIONAL_MEAN	1889.2690897606	8	1|2|3|4|5|8|9|10	104185.2150349067	104185.2150349067	0.0000000000	0.0000000000	0.0000000000	0.0000000000	Optimal	true	0.000000000
1	1.50	47	REALIZED	2003.1203516105	8	2|3|4|5|7|8|9|11	140722.4331638856	114826.1966805853	25896.2364833003	0.0000000000	162.4078898181	0.0000000000	Optimal	true	0.000000000
1	1.50	47	CONDITIONAL_MEAN	2300.6242732980	9	1|2|3|4|5|7|8|9|10	130939.2259315326	128822.4558580563	2116.7700734762	0.0000000000	23.3660477269	0.0000000000	Optimal	true	0.000000000
1	1.50	48	REALIZED	1578.5885019964	7	2|3|4|5|7|8|9	92916.4307618183	88461.8868365672	3672.4399094120	782.1040158391	30.5964727118	35.6284996328	Optimal	true	0.000000000
1	1.50	48	CONDITIONAL_MEAN	1992.7556723381	8	1|2|3|4|5|8|9|10	111526.2547158233	109447.3324883835	2078.9222274399	0.0000000000	13.9942625925	0.0000000000	Optimal	true	0.000000000
1	1.50	49	REALIZED	2914.8067891298	9	0|1|2|3|4|5|7|8|9	169280.4327781442	156645.0421614263	12635.3906167180	0.0000000000	132.9575454911	0.0000000000	Optimal	true	0.000000000
1	1.50	49	CONDITIONAL_MEAN	2052.5280758736	8	1|2|3|4|5|8|9|10	114837.2876923925	111609.8454096558	3227.4422827366	0.0000000000	18.6846732238	0.0000000000	Optimal	true	0.000000000
1	1.50	50	REALIZED	1206.4118505530	6	2|3|4|5|6|9	74249.0815740415	68681.1085885453	3355.2659463793	2212.7070391169	20.8351853213	84.6001971493	Optimal	true	0.000000000
1	1.50	50	CONDITIONAL_MEAN	1302.9942922309	6	2|3|4|5|8|9	68843.4519911563	68214.5605146496	628.8914765067	0.0000000000	4.5441136944	0.0000000000	Optimal	true	0.000000000
1	1.50	51	REALIZED	1892.0639310019	8	0|2|3|4|5|8|9|10	106925.0203715192	98822.0715868986	8102.9487846207	0.0000000000	75.6926402718	0.0000000000	Optimal	true	0.000000000
1	1.50	51	CONDITIONAL_MEAN	1902.0641462537	8	1|2|3|4|5|8|9|10	104206.1668644076	104206.1668644076	0.0000000000	0.0000000000	0.0000000000	0.0000000000	Optimal	true	0.000000000
1	1.50	52	REALIZED	2103.0304090620	8	2|3|4|5|6|7|8|9	124535.8570258488	102130.1651508245	22405.6918750243	0.0000000000	193.4054338165	0.0000000000	Optimal	true	0.000000000
1	1.50	52	CONDITIONAL_MEAN	2103.1933452551	9	1|2|3|4|5|7|8|9|10	117822.9294872629	117347.0948158669	475.8346713959	0.0000000000	6.5804566766	0.0000000000	Optimal	true	0.000000000
1	1.50	53	REALIZED	1712.1910516202	7	2|3|4|5|8|9|10	96284.3934348732	94213.1713704387	2071.2220644345	0.0000000000	23.4680370646	0.0000000000	Optimal	true	0.000000000
1	1.50	53	CONDITIONAL_MEAN	1709.7383004605	7	2|3|4|5|8|9|10	92892.5976301946	91888.5739489404	1004.0236812542	0.0000000000	10.9201999263	0.0000000000	Optimal	true	0.000000000
1	1.50	54	REALIZED	2111.1558260507	9	2|3|4|5|6|7|8|9|10	117816.6290751069	116076.2490247301	1740.3800503767	0.0000000000	19.9032812771	0.0000000000	Optimal	true	0.000000000
1	1.50	54	CONDITIONAL_MEAN	2186.7219667879	9	1|2|3|4|5|7|8|9|10	123758.4705194261	122354.6070947182	1403.8634247078	0.0000000000	15.7318945603	0.0000000000	Optimal	true	0.000000000
1	1.50	55	REALIZED	2261.9084604577	8	2|3|4|5|7|8|9|11	154564.9655194423	115906.2971309239	38658.6683885186	0.0000000000	277.2835203960	0.0000000000	Optimal	true	0.000000000
1	1.50	55	CONDITIONAL_MEAN	1919.8852899403	8	1|2|3|4|5|8|9|10	104730.5984515571	104691.7571268694	38.8413246877	0.0000000000	0.2147987948	0.0000000000	Optimal	true	0.000000000
1	1.50	56	REALIZED	1843.0766930689	8	1|2|3|4|5|8|9|10	99409.9936605634	95621.3991591571	3788.5945014063	0.0000000000	50.2143352544	0.0000000000	Optimal	true	0.000000000
1	1.50	56	CONDITIONAL_MEAN	1781.4425964069	8	1|2|3|4|5|8|9|10	97498.9031978170	97498.9031978170	0.0000000000	0.0000000000	0.0000000000	0.0000000000	Optimal	true	0.000000000
1	1.50	57	REALIZED	2209.4823879578	9	1|2|3|4|5|8|9|10|11	131467.6026853692	123946.2347466264	7521.3679387429	0.0000000000	62.1413777626	0.0000000000	Optimal	true	0.000000000
1	1.50	57	CONDITIONAL_MEAN	2305.1303373494	9	1|2|3|4|5|7|8|9|10	131256.6418235595	129017.1313977651	2239.5104257944	0.0000000000	22.5805783869	0.0000000000	Optimal	true	0.000000000
1	1.50	58	REALIZED	2470.8536154467	9	1|2|3|4|5|7|8|9|10	141946.0319929801	138826.3180814543	3119.7139115258	0.0000000000	25.0170819706	0.0000000000	Optimal	true	0.000000000
1	1.50	58	CONDITIONAL_MEAN	2056.6425098321	9	1|2|3|4|5|7|8|9|10	116458.2125180807	116449.2419348041	8.9705832766	0.0000000000	0.0722161121	0.0000000000	Optimal	true	0.000000000
1	1.50	59	REALIZED	2596.4205580216	9	2|3|4|5|6|7|8|9|10	143595.8595347185	131287.8920820978	12307.9674526208	0.0000000000	98.4244705468	0.0000000000	Optimal	true	0.000000000
1	1.50	59	CONDITIONAL_MEAN	2032.7147439874	8	1|2|3|4|5|8|9|10	113331.0190883805	111951.9607414208	1379.0583469596	0.0000000000	13.4653307443	0.0000000000	Optimal	true	0.000000000
1	1.60	0	REALIZED	2294.5609342973	9	1|2|3|4|5|7|8|9|11	154368.3542435075	138627.7823170350	15740.5719264726	0.0000000000	114.1445811750	0.0000000000	Optimal	true	0.000000000
1	1.60	0	CONDITIONAL_MEAN	2302.3516806904	9	1|2|3|4|5|7|8|9|10	131593.7315083192	130145.0567117159	1448.6747966032	0.0000000000	16.0394739790	0.0000000000	Optimal	true	0.000000000
1	1.60	1	REALIZED	1235.6231319459	5	1|2|3|4|5	66922.5258195711	63094.8388835782	3827.6869359929	0.0000000000	56.1350664600	0.0000000000	Optimal	true	0.000000000
1	1.60	1	CONDITIONAL_MEAN	1637.1150058755	6	2|3|4|5|8|9	89156.6833667550	85196.6456435864	3960.0377231687	0.0000000000	48.7528152668	0.0000000000	Optimal	true	0.000000000
1	1.60	2	REALIZED	2083.6705462960	8	1|2|3|4|5|7|8|9	119739.5821483770	104226.7938400068	15512.7883083702	0.0000000000	132.0038945684	0.0000000000	Optimal	true	0.000000000
1	1.60	2	CONDITIONAL_MEAN	2390.8014182625	9	1|2|3|4|5|7|8|9|10	137462.8586656523	132826.2916300983	4636.5670355539	0.0000000000	45.6122486203	0.0000000000	Optimal	true	0.000000000
1	1.60	3	REALIZED	1292.3634913728	5	4|7|8|9|11	105051.1347971464	75729.5785170757	26168.4012540277	3153.1550260429	149.3174451642	131.5309496148	Optimal	true	0.000000000
1	1.60	3	CONDITIONAL_MEAN	1591.8214963140	6	2|3|4|5|8|9	86435.3245434391	82855.7819211692	3579.5426222699	0.0000000000	44.5254460794	0.0000000000	Optimal	true	0.000000000
1	1.60	4	REALIZED	1861.8071150180	8	1|2|3|4|5|6|8|9	104093.0993623165	96506.7743973448	7586.3249649717	0.0000000000	52.9732817817	0.0000000000	Optimal	true	0.000000000
1	1.60	4	CONDITIONAL_MEAN	1663.6590493040	6	2|3|4|5|8|9	90934.0940998028	86289.1442100537	4644.9498897490	0.0000000000	58.1743612983	0.0000000000	Optimal	true	0.000000000
1	1.60	5	REALIZED	1729.0567843884	7	1|2|3|4|5|8|9	91472.1185588495	91082.8963921542	389.2221666953	0.0000000000	2.5121925439	0.0000000000	Optimal	true	0.000000000
1	1.60	5	CONDITIONAL_MEAN	1604.2921915804	6	2|3|4|5|8|9	87824.3308903597	84783.5357455786	3040.7951447810	0.0000000000	40.7862925804	0.0000000000	Optimal	true	0.000000000
1	1.60	6	REALIZED	2453.1620321485	9	1|2|3|4|5|6|7|8|10	147249.5405644358	139244.1281442158	8005.4124202201	0.0000000000	72.9752871683	0.0000000000	Optimal	true	0.000000000
1	1.60	6	CONDITIONAL_MEAN	2372.1237269450	9	1|2|3|4|5|7|8|9|10	136445.3005167136	131270.4895029955	5174.8110137180	0.0000000000	51.0335967870	0.0000000000	Optimal	true	0.000000000
1	1.60	7	REALIZED	1938.0415281479	8	2|3|4|5|7|8|9|10	104691.2136727470	101404.8194096719	3286.3942630752	0.0000000000	36.6798229012	0.0000000000	Optimal	true	0.000000000
1	1.60	7	CONDITIONAL_MEAN	1750.9853987465	7	2|3|4|5|8|9|10	96262.6691888192	95270.9085477834	991.7606410359	0.0000000000	9.8929607954	0.0000000000	Optimal	true	0.000000000
1	1.60	8	REALIZED	3819.3341150748	9	1|2|3|4|5|7|8|10|11	267764.9943292549	174361.0590226635	93403.9353065916	0.0000000000	860.8504914968	0.0000000000	Optimal	true	0.000000000
1	1.60	8	CONDITIONAL_MEAN	2251.0143180681	9	1|2|3|4|5|7|8|9|10	128145.9724412839	126717.0513200727	1428.9211212111	0.0000000000	16.5598902231	0.0000000000	Optimal	true	0.000000000
1	1.60	9	REALIZED	863.8541100234	4	4|5|8|9	49563.1634402707	45383.3660093446	4122.7328774902	57.0645534358	43.7879084366	2.2320169694	Optimal	true	0.000000000
1	1.60	9	CONDITIONAL_MEAN	1633.3600494286	6	2|3|4|5|8|9	89694.0315930172	86548.0323328911	3145.9992601260	0.0000000000	40.3032684433	0.0000000000	Optimal	true	0.000000000
1	1.60	10	REALIZED	1607.8202584230	7	2|3|4|5|8|9|10	89899.4780713051	87903.0741217016	1996.4039496035	0.0000000000	30.5166993265	0.0000000000	Optimal	true	0.000000000
1	1.60	10	CONDITIONAL_MEAN	1665.2267905051	6	2|3|4|5|8|9	91528.5732733329	87323.2339448763	4205.3393284566	0.0000000000	54.3461175994	0.0000000000	Optimal	true	0.000000000
1	1.60	11	REALIZED	2501.6064703922	9	2|3|4|5|6|7|8|9|11	157956.8249518939	145150.3140685951	12806.5108832987	0.0000000000	107.4645730702	0.0000000000	Optimal	true	0.000000000
1	1.60	11	CONDITIONAL_MEAN	1769.2584285267	7	2|3|4|5|8|9|10	98193.7958923928	97450.1824396849	743.6134527079	0.0000000000	6.9176891771	0.0000000000	Optimal	true	0.000000000
1	1.60	12	REALIZED	1249.7141774261	5	4|7|8|9|11	95312.2057425139	77794.0035831942	14444.0589253200	3074.1432339997	114.2540877138	139.1169061111	Optimal	true	0.000000000
1	1.60	12	CONDITIONAL_MEAN	1225.0929657499	5	2|3|4|5|9	65077.3036258916	63408.2248099496	1669.0788159420	0.0000000000	13.7298384811	0.0000000000	Optimal	true	0.000000000
1	1.60	13	REALIZED	2272.2858537530	8	2|3|4|5|6|7|8|9	128436.4562277253	123547.2652446253	4889.1909831000	0.0000000000	32.9507531185	0.0000000000	Optimal	true	0.000000000
1	1.60	13	CONDITIONAL_MEAN	1712.3421353822	7	1|2|3|4|5|8|9	94107.1779170587	90905.8355167218	3201.3424003369	0.0000000000	43.0461785286	0.0000000000	Optimal	true	0.000000000
1	1.60	14	REALIZED	1832.1078845486	8	2|3|4|5|6|8|9|11	122991.7402657952	107760.0980438919	12687.2110899786	2544.4311319246	96.2821866590	92.1182399409	Optimal	true	0.000000000
1	1.60	14	CONDITIONAL_MEAN	2261.9065569278	9	1|2|3|4|5|7|8|9|10	128292.5196944758	127248.7577954277	1043.7618990482	0.0000000000	11.6682712982	0.0000000000	Optimal	true	0.000000000
1	1.60	15	REALIZED	2681.9749266000	9	1|2|3|4|5|7|8|9|11	193258.2888656985	144072.5170370599	49185.7718286386	0.0000000000	327.5473009205	0.0000000000	Optimal	true	0.000000000
1	1.60	15	CONDITIONAL_MEAN	2107.0767832190	8	1|2|3|4|5|8|9|10	119237.6759123790	116277.2465002568	2960.4294121223	0.0000000000	19.8151583524	0.0000000000	Optimal	true	0.000000000
1	1.60	16	REALIZED	2418.8968734589	9	1|2|3|4|5|7|8|9|10	139568.7899965356	132788.8706475676	6779.9193489681	0.0000000000	69.1756527750	0.0000000000	Optimal	true	0.000000000
1	1.60	16	CONDITIONAL_MEAN	2007.5584959798	8	1|2|3|4|5|8|9|10	111833.7813025480	110154.2999090206	1679.4813935275	0.0000000000	12.2632068213	0.0000000000	Optimal	true	0.000000000
1	1.60	17	REALIZED	1520.3091891578	7	1|2|3|4|5|8|10	83925.0982119305	76860.6316449257	5368.8532479843	1695.6133190205	60.8907633819	70.8963818170	Optimal	true	0.000000000
1	1.60	17	CONDITIONAL_MEAN	1770.4797921796	7	2|3|4|5|8|9|10	98537.3910073376	97943.6763076383	593.7146996993	0.0000000000	4.9437376828	0.0000000000	Optimal	true	0.000000000
1	1.60	18	REALIZED	1095.6195685336	5	2|3|4|5|9	59030.1450107091	51130.5764775466	5119.9886929072	2779.5798402553	80.0053921949	136.7841160777	Optimal	true	0.000000000
1	1.60	18	CONDITIONAL_MEAN	1599.8681065620	6	2|3|4|5|8|9	87515.4643528470	83562.5814315976	3952.8829212494	0.0000000000	52.6925286358	0.0000000000	Optimal	true	0.000000000
1	1.60	19	REALIZED	1583.4463620207	7	2|3|4|5|7|8|9	92238.0255836603	87238.2677084605	2318.2628786117	2681.4949965881	17.7686518579	123.5175206824	Optimal	true	0.000000000
1	1.60	19	CONDITIONAL_MEAN	1630.5847985441	6	2|3|4|5|8|9	88594.4796850329	85365.2736446934	3229.2060403395	0.0000000000	36.7241293155	0.0000000000	Optimal	true	0.000000000
1	1.60	20	REALIZED	1643.9659284496	7	2|3|4|5|8|9|10	92442.1633666944	91324.4389303714	1117.7244363231	0.0000000000	7.4726728677	0.0000000000	Optimal	true	0.000000000
1	1.60	20	CONDITIONAL_MEAN	1325.0824544591	6	2|3|4|5|8|9	71389.2981565434	69799.9237329190	585.0273554934	1004.3470681310	3.9112664125	39.2839260853	Optimal	true	0.000000000
1	1.60	21	REALIZED	1487.9131928489	7	2|3|4|5|6|8|9	91025.3312910068	81969.3217619162	5930.4380351717	3125.5714939189	46.7715815012	121.7705302407	Optimal	true	0.000000000
1	1.60	21	CONDITIONAL_MEAN	1650.0359551520	6	2|3|4|5|8|9	91000.2487122332	86686.6199481302	4313.6287641029	0.0000000000	58.3144452961	0.0000000000	Optimal	true	0.000000000
1	1.60	22	REALIZED	989.8640550717	5	2|4|5|8|9	58730.3128766898	50510.4870951818	6291.4774182317	1928.3483632763	87.9981567784	88.1533276942	Optimal	true	0.000000000
1	1.60	22	CONDITIONAL_MEAN	1494.9897532972	6	2|3|4|5|8|9	80813.7902877525	78368.6043915839	2445.1858961686	0.0000000000	32.0913695645	0.0000000000	Optimal	true	0.000000000
1	1.60	23	REALIZED	1419.4034194106	6	2|4|5|7|8|9	86268.4567171362	81380.6680928485	4887.7886242877	0.0000000000	32.4212846444	0.0000000000	Optimal	true	0.000000000
1	1.60	23	CONDITIONAL_MEAN	1927.7650375500	8	1|2|3|4|5|8|9|10	107365.9511302076	106689.5519153216	676.3992148860	0.0000000000	3.7405968343	0.0000000000	Optimal	true	0.000000000
1	1.60	24	REALIZED	1824.1701666380	7	2|3|4|5|7|8|9	115060.0504555850	100835.7752837209	14224.2751718641	0.0000000000	90.3091462102	0.0000000000	Optimal	true	0.000000000
1	1.60	24	CONDITIONAL_MEAN	1379.1446329805	6	2|3|4|5|8|9	74530.3746965328	73443.5362692119	1086.8384273209	0.0000000000	11.4813314218	0.0000000000	Optimal	true	0.000000000
1	1.60	25	REALIZED	1066.0279374644	5	2|4|5|7|9	61755.0181877225	56650.4327134020	3169.8894720623	1934.6960022582	43.8700028408	88.5445863619	Optimal	true	0.000000000
1	1.60	25	CONDITIONAL_MEAN	1662.2378270932	6	2|3|4|5|8|9	91695.4398614716	88064.1659881713	3631.2738733003	0.0000000000	47.3663023502	0.0000000000	Optimal	true	0.000000000
1	1.60	26	REALIZED	2075.1964516509	8	1|2|3|4|5|8|9|10	121119.9305136283	104491.4870792338	16628.4434343945	0.0000000000	182.7247909587	0.0000000000	Optimal	true	0.000000000
1	1.60	26	CONDITIONAL_MEAN	1876.3073385211	8	1|2|3|4|5|8|9|10	104031.4892484196	103893.3188341724	138.1704142472	0.0000000000	0.7641046925	0.0000000000	Optimal	true	0.000000000
1	1.60	27	REALIZED	2236.3083497296	9	0|2|3|4|5|7|8|9|11	140381.8779773058	121940.8750818674	16041.8404961751	2399.1623992633	181.8891442963	109.2930798590	Optimal	true	0.000000000
1	1.60	27	CONDITIONAL_MEAN	2527.2937573474	9	1|2|3|4|5|8|9|10|11	147628.3103848213	144507.1124280948	3121.1979567264	0.0000000000	45.7956387214	0.0000000000	Optimal	true	0.000000000
1	1.60	28	REALIZED	2786.9602365250	9	2|3|4|5|7|8|9|10|11	184603.4890466953	140221.6859182701	44381.8031284253	0.0000000000	414.7236737302	0.0000000000	Optimal	true	0.000000000
1	1.60	28	CONDITIONAL_MEAN	2046.0751316619	8	1|2|3|4|5|7|8|9	116742.0805991394	111798.2594258419	4943.8211732975	0.0000000000	44.7202813221	0.0000000000	Optimal	true	0.000000000
1	1.60	29	REALIZED	1337.2495197967	6	2|3|4|5|9|10	71854.6764895751	63840.5166167595	6173.7646430574	1840.3952297582	89.1566774714	76.6480638867	Optimal	true	0.000000000
1	1.60	29	CONDITIONAL_MEAN	1964.8819054933	8	1|2|3|4|5|8|9|10	108262.3720983622	108172.0619022886	90.3101960736	0.0000000000	1.3322811032	0.0000000000	Optimal	true	0.000000000
1	1.60	30	REALIZED	2169.2100393711	9	1|2|3|4|5|6|8|9|10	120239.5991672467	112111.5902995727	8128.0088676739	0.0000000000	70.0211966793	0.0000000000	Optimal	true	0.000000000
1	1.60	30	CONDITIONAL_MEAN	2378.0444191841	9	1|2|3|4|5|7|8|9|10	137467.2485959912	132099.8718215568	5367.3767744345	0.0000000000	49.1977901575	0.0000000000	Optimal	true	0.000000000
1	1.60	31	REALIZED	1736.3269008995	6	2|3|4|5|8|9	94473.9032234689	88268.2329701848	6205.6702532841	0.0000000000	76.4865136533	0.0000000000	Optimal	true	0.000000000
1	1.60	31	CONDITIONAL_MEAN	1871.5800839193	8	1|2|3|4|5|8|9|10	103724.7791397524	102855.3634853093	869.4156544431	0.0000000000	4.8080088994	0.0000000000	Optimal	true	0.000000000
1	1.60	32	REALIZED	1359.9925251895	6	2|3|4|5|8|9	76131.6743960377	70285.6155706228	4692.3835992209	1153.6752261940	44.6621430854	45.1247320277	Optimal	true	0.000000000
1	1.60	32	CONDITIONAL_MEAN	2092.2012547781	8	1|2|3|4|5|8|9|10	118229.7460142485	115596.2411119476	2633.5049023009	0.0000000000	19.7990369181	0.0000000000	Optimal	true	0.000000000
1	1.60	33	REALIZED	1792.6637626402	7	3|4|5|7|8|9|11	110067.8911113762	107345.5087909702	2429.5009056011	292.8814148050	19.4998626619	13.3421196778	Optimal	true	0.000000000
1	1.60	33	CONDITIONAL_MEAN	1475.2200780778	6	2|3|4|5|8|9	79040.1378673375	77387.6847591510	1652.4531081865	0.0000000000	19.0097585495	0.0000000000	Optimal	true	0.000000000
1	1.60	34	REALIZED	1653.6973816804	7	1|2|3|4|5|8|9	105114.0446164189	87566.0726346095	17189.9112597268	358.0607220826	113.2010422359	17.4379188730	Optimal	true	0.000000000
1	1.60	34	CONDITIONAL_MEAN	2099.3026518231	8	1|2|3|4|5|8|9|10	119412.1059825525	115492.3926675297	3919.7133150229	0.0000000000	26.7688450560	0.0000000000	Optimal	true	0.000000000
1	1.60	35	REALIZED	1956.5766298067	8	1|2|3|4|5|8|9|10	110328.0322094061	101702.9586442026	8625.0735652036	0.0000000000	72.1076707716	0.0000000000	Optimal	true	0.000000000
1	1.60	35	CONDITIONAL_MEAN	2294.9100693130	9	1|2|3|4|5|7|8|9|10	131100.1211965026	129610.3748755836	1489.7463209189	0.0000000000	16.8600018906	0.0000000000	Optimal	true	0.000000000
1	1.60	36	REALIZED	1417.0504258808	7	2|3|4|5|8|9|10	79082.2596054958	74219.7840819391	1898.5612529410	2963.9142706157	18.1335343124	133.8808363589	Optimal	true	0.000000000
1	1.60	36	CONDITIONAL_MEAN	1615.0019120544	6	2|3|4|5|8|9	87964.2879816645	84646.2164812668	3318.0715003977	0.0000000000	40.3036660760	0.0000000000	Optimal	true	0.000000000
1	1.60	37	REALIZED	2065.2495836559	8	1|2|3|4|5|6|8|9	115413.5723994618	110112.6949718405	5300.8774276212	0.0000000000	64.9067574701	0.0000000000	Optimal	true	0.000000000
1	1.60	37	CONDITIONAL_MEAN	1948.2740366423	8	1|2|3|4|5|8|9|10	107796.0457905217	107796.0457905217	0.0000000000	0.0000000000	0.0000000000	0.0000000000	Optimal	true	0.000000000
1	1.60	38	REALIZED	1515.5244407139	6	2|3|4|5|8|9	82724.6306064653	74237.3960591803	8487.2345472850	0.0000000000	143.6573949287	0.0000000000	Optimal	true	0.000000000
1	1.60	38	CONDITIONAL_MEAN	1934.4690513959	8	1|2|3|4|5|8|9|10	107559.7225460138	107255.0440655428	304.6784804711	0.0000000000	1.6849211744	0.0000000000	Optimal	true	0.000000000
1	1.60	39	REALIZED	1960.3983006294	8	1|2|3|4|5|8|9|10	110987.1153629737	97906.5604650850	13080.5548978888	0.0000000000	178.7046852043	0.0000000000	Optimal	true	0.000000000
1	1.60	39	CONDITIONAL_MEAN	2158.4641577469	9	1|2|3|4|5|7|8|9|10	122097.0716370349	121516.5046668197	580.5669702152	0.0000000000	7.2876136520	0.0000000000	Optimal	true	0.000000000
1	1.60	40	REALIZED	3358.8400326192	9	1|2|3|4|5|7|8|9|11	214032.2684050638	178627.2722922014	35404.9961128622	0.0000000000	351.8638996662	0.0000000000	Optimal	true	0.000000000
1	1.60	40	CONDITIONAL_MEAN	2058.0717004808	8	1|2|3|4|5|8|9|10	115669.0317412510	113891.1816875198	1777.8500537312	0.0000000000	10.8975508783	0.0000000000	Optimal	true	0.000000000
1	1.60	41	REALIZED	2314.5287887408	9	1|2|3|4|5|7|8|9|11	136566.3782346234	128359.0940560719	8207.2841785515	0.0000000000	91.8988506591	0.0000000000	Optimal	true	0.000000000
1	1.60	41	CONDITIONAL_MEAN	2008.8184423164	8	1|2|3|4|5|8|9|10	112082.5345858585	111589.6696988987	492.8648869598	0.0000000000	5.5653323034	0.0000000000	Optimal	true	0.000000000
1	1.60	42	REALIZED	2179.3122628090	9	0|1|2|4|5|7|8|9|11	142390.8426646664	131958.3852182402	10432.4574464262	0.0000000000	85.0618152546	0.0000000000	Optimal	true	0.000000000
1	1.60	42	CONDITIONAL_MEAN	2067.2902822891	8	1|2|3|4|5|8|9|10	116280.7357745441	114530.9345991168	1749.8011754274	0.0000000000	15.4988451906	0.0000000000	Optimal	true	0.000000000
1	1.60	43	REALIZED	2020.9660718379	7	1|2|3|4|6|7|8	151836.2249881776	105614.9849718448	44059.9290608681	2161.3109554646	372.0507793750	98.7609098161	Optimal	true	0.000000000
1	1.60	43	CONDITIONAL_MEAN	1851.5838295057	7	2|3|4|5|8|9|10	102927.7801642968	102005.1790646116	922.6010996852	0.0000000000	8.5873670308	0.0000000000	Optimal	true	0.000000000
1	1.60	44	REALIZED	1504.6382730331	6	2|3|4|5|8|9	82319.7516433532	66569.0708506364	13892.0922929050	1858.5884998118	222.7734605554	78.5903016542	Optimal	true	0.000000000
1	1.60	44	CONDITIONAL_MEAN	1950.0550481859	8	1|2|3|4|5|8|9|10	109428.8468172344	107288.7503548130	2140.0964624214	0.0000000000	11.8350788651	0.0000000000	Optimal	true	0.000000000
1	1.60	45	REALIZED	1337.3583522282	6	2|3|4|5|8|9	73122.6817544460	71545.0957070703	766.3337051084	811.2523422674	8.6344772879	31.7312391915	Optimal	true	0.000000000
1	1.60	45	CONDITIONAL_MEAN	1614.2690173162	6	2|3|4|5|8|9	87259.4680075933	84583.3264825708	2676.1415250225	0.0000000000	27.1439364826	0.0000000000	Optimal	true	0.000000000
1	1.60	46	REALIZED	1901.2639534825	8	2|4|5|7|8|9|10|11	119856.1753161166	117596.1435050122	2260.0318111045	0.0000000000	27.3274555733	0.0000000000	Optimal	true	0.000000000
1	1.60	46	CONDITIONAL_MEAN	1889.2690897606	8	1|2|3|4|5|8|9|10	104721.7648297077	104721.7648297078	0.0000000000	0.0000000000	0.0000000000	0.0000000000	Optimal	true	0.000000000
1	1.60	47	REALIZED	2003.1203516105	8	2|3|4|5|7|8|9|11	142887.8763654031	114499.8089521314	25896.2364833003	2491.8309299714	162.4078898181	113.5145652950	Optimal	true	0.000000000
1	1.60	47	CONDITIONAL_MEAN	2300.6242732980	9	1|2|3|4|5|7|8|9|10	131639.0184868378	129522.2484133615	2116.7700734762	0.0000000000	23.3660477269	0.0000000000	Optimal	true	0.000000000
1	1.60	48	REALIZED	1578.5885019964	7	2|4|5|7|8|9|10	94489.8431517449	92800.7707227475	1689.0724289975	0.0000000000	15.2919829371	0.0000000000	Optimal	true	0.000000000
1	1.60	48	CONDITIONAL_MEAN	1992.7556723381	8	1|2|3|4|5|8|9|10	111925.5449678461	109846.6227404064	2078.9222274399	0.0000000000	13.9942625925	0.0000000000	Optimal	true	0.000000000
1	1.60	49	REALIZED	2914.8067891298	9	0|1|2|3|4|5|7|8|9	169363.2112927059	156727.8206759878	12635.3906167180	0.0000000000	132.9575454911	0.0000000000	Optimal	true	0.000000000
1	1.60	49	CONDITIONAL_MEAN	2052.5280758736	8	1|2|3|4|5|8|9|10	115223.2476169239	111995.8053341872	3227.4422827366	0.0000000000	18.6846732238	0.0000000000	Optimal	true	0.000000000
1	1.60	50	REALIZED	1206.4118505530	5	2|3|4|5|6	75415.3501989929	65143.4854401209	9684.7111739773	587.1535848947	79.3492360972	27.8306408972	Optimal	true	0.000000000
1	1.60	50	CONDITIONAL_MEAN	1302.9942922309	5	2|3|4|5|9	69705.7409664389	67009.5976302875	2696.1433361515	0.0000000000	24.1314620340	0.0000000000	Optimal	true	0.000000000
1	1.60	51	REALIZED	1892.0639310019	7	2|3|4|5|8|9|10	107637.9574212502	93276.2565890686	14361.7008321816	0.0000000000	138.0993790891	0.0000000000	Optimal	true	0.000000000
1	1.60	51	CONDITIONAL_MEAN	1902.0641462537	8	1|2|3|4|5|8|9|10	104745.7571530712	104745.7571530713	0.0000000000	0.0000000000	0.0000000000	0.0000000000	Optimal	true	0.000000000
1	1.60	52	REALIZED	2103.0304090620	8	2|3|4|5|6|7|8|9	125558.1761943456	103152.4843193214	22405.6918750243	0.0000000000	193.4054338165	0.0000000000	Optimal	true	0.000000000
1	1.60	52	CONDITIONAL_MEAN	2103.1933452551	8	1|2|3|4|5|8|9|10	118621.5818450285	114461.1338901203	4160.4479549083	0.0000000000	26.9569628591	0.0000000000	Optimal	true	0.000000000
1	1.60	53	REALIZED	1712.1910516202	7	2|3|4|5|8|9|10	96833.0019146947	94761.7798502602	2071.2220644345	0.0000000000	23.4680370646	0.0000000000	Optimal	true	0.000000000
1	1.60	53	CONDITIONAL_MEAN	1709.7383004605	7	2|3|4|5|8|9|10	93430.3054631347	92426.2817818805	1004.0236812542	0.0000000000	10.9201999263	0.0000000000	Optimal	true	0.000000000
1	1.60	54	REALIZED	2111.1558260507	8	2|3|4|5|7|8|9|10	118624.9960679908	112167.3389549839	6457.6571130067	0.0000000000	47.4741517468	0.0000000000	Optimal	true	0.000000000
1	1.60	54	CONDITIONAL_MEAN	2186.7219667879	9	1|2|3|4|5|7|8|9|10	124592.7840382120	123188.9206135042	1403.8634247078	0.0000000000	15.7318945603	0.0000000000	Optimal	true	0.000000000
1	1.60	55	REALIZED	2261.9084604577	8	2|3|4|5|7|8|9|11	155893.0730738559	116965.3068902700	38658.6683885186	269.0977950674	277.2835203960	12.2586644469	Optimal	true	0.000000000
1	1.60	55	CONDITIONAL_MEAN	1919.8852899403	8	1|2|3|4|5|8|9|10	105255.6429500836	105216.8016253959	38.8413246877	0.0000000000	0.2147987948	0.0000000000	Optimal	true	0.000000000
1	1.60	56	REALIZED	1843.0766930689	7	2|3|4|5|8|9|10	100135.4934893121	94556.9422738804	5578.5512154318	0.0000000000	66.1827339488	0.0000000000	Optimal	true	0.000000000
1	1.60	56	CONDITIONAL_MEAN	1781.4425964069	7	2|3|4|5|8|9|10	97988.8386536012	96614.5479701744	1374.2906834268	0.0000000000	14.2860808675	0.0000000000	Optimal	true	0.000000000
1	1.60	57	REALIZED	2209.4823879578	9	1|2|3|4|5|8|9|10|11	132385.3629010412	124863.9949622984	7521.3679387429	0.0000000000	62.1413777626	0.0000000000	Optimal	true	0.000000000
1	1.60	57	CONDITIONAL_MEAN	2305.1303373494	9	1|2|3|4|5|7|8|9|10	131934.8263401925	129695.3159143981	2239.5104257944	0.0000000000	22.5805783869	0.0000000000	Optimal	true	0.000000000
1	1.60	58	REALIZED	2470.8536154467	9	1|2|3|4|5|7|8|9|10	142369.4411754322	139249.7272639065	3119.7139115258	0.0000000000	25.0170819706	0.0000000000	Optimal	true	0.000000000
1	1.60	58	CONDITIONAL_MEAN	2056.6425098321	8	1|2|3|4|5|8|9|10	117173.6672269859	112838.5570145044	4335.1102124815	0.0000000000	27.7405130243	0.0000000000	Optimal	true	0.000000000
1	1.60	59	REALIZED	2596.4205580216	9	2|3|4|5|6|7|8|9|10	144048.7738976922	131740.8064450714	12307.9674526208	0.0000000000	98.4244705468	0.0000000000	Optimal	true	0.000000000
1	1.60	59	CONDITIONAL_MEAN	2032.7147439874	8	1|2|3|4|5|8|9|10	113675.4338435976	112296.3754966381	1379.0583469596	0.0000000000	13.4653307443	0.0000000000	Optimal	true	0.000000000
1	1.70	0	REALIZED	2294.5609342973	8	2|3|4|5|7|8|9|11	155450.6006650626	137728.1233792124	17722.4772858501	0.0000000000	131.8422541720	0.0000000000	Optimal	true	0.000000000
1	1.70	0	CONDITIONAL_MEAN	2302.3516806904	9	1|2|3|4|5|7|8|9|10	132430.7332738986	130982.0584772953	1448.6747966032	0.0000000000	16.0394739790	0.0000000000	Optimal	true	0.000000000
1	1.70	1	REALIZED	1235.6231319459	5	1|2|3|4|5	67627.0132266444	62930.8223891784	3827.6869359929	868.5039014731	56.1350664600	42.2970173514	Optimal	true	0.000000000
1	1.70	1	CONDITIONAL_MEAN	1637.1150058755	6	2|3|4|5|8|9	89376.0238770599	85415.9861538913	3960.0377231687	0.0000000000	48.7528152668	0.0000000000	Optimal	true	0.000000000
1	1.70	2	REALIZED	2083.6705462960	8	1|2|3|4|5|8|9|11	120961.5367616822	110162.6595958406	10798.8771658416	0.0000000000	100.2821505613	0.0000000000	Optimal	true	0.000000000
1	1.70	2	CONDITIONAL_MEAN	2390.8014182625	9	1|2|3|4|5|7|8|9|10	138221.9999426958	133585.4329071417	4636.5670355539	0.0000000000	45.6122486203	0.0000000000	Optimal	true	0.000000000
1	1.70	3	REALIZED	1292.3634913728	5	4|5|7|8|9	106771.6963752271	63128.7069474376	40109.3158289720	3533.6735988175	227.0877915730	157.7025314241	Optimal	true	0.000000000
1	1.70	3	CONDITIONAL_MEAN	1591.8214963140	6	2|3|4|5|8|9	86692.8794768479	83113.3368545779	3579.5426222699	0.0000000000	44.5254460794	0.0000000000	Optimal	true	0.000000000
1	1.70	4	REALIZED	1861.8071150180	8	1|2|3|4|5|6|8|9	105620.2664369160	96424.2473676283	7586.3249649717	1609.6941043159	52.9732817817	61.5819078986	Optimal	true	0.000000000
1	1.70	4	CONDITIONAL_MEAN	1663.6590493040	6	2|3|4|5|8|9	91158.0948452613	86513.1449555123	4644.9498897490	0.0000000000	58.1743612983	0.0000000000	Optimal	true	0.000000000
1	1.70	5	REALIZED	1729.0567843884	7	1|2|3|4|5|8|9	92186.4889980932	91797.2668313979	389.2221666953	0.0000000000	2.5121925439	0.0000000000	Optimal	true	0.000000000
1	1.70	5	CONDITIONAL_MEAN	1604.2921915804	6	2|3|4|5|8|9	88044.5795669321	85003.7844221511	3040.7951447810	0.0000000000	40.7862925804	0.0000000000	Optimal	true	0.000000000
1	1.70	6	REALIZED	2453.1620321485	9	1|2|3|4|5|6|7|8|10	147962.9556382606	139957.5432180405	8005.4124202201	0.0000000000	72.9752871683	0.0000000000	Optimal	true	0.000000000
1	1.70	6	CONDITIONAL_MEAN	2372.1237269450	9	1|2|3|4|5|7|8|9|10	137267.9413502443	132093.1303365263	5174.8110137180	0.0000000000	51.0335967870	0.0000000000	Optimal	true	0.000000000
1	1.70	7	REALIZED	1938.0415281479	7	2|3|4|5|7|8|9	105888.1053279760	97048.8909558701	8839.2143721060	0.0000000000	121.3441045352	0.0000000000	Optimal	true	0.000000000
1	1.70	7	CONDITIONAL_MEAN	1750.9853987465	7	2|3|4|5|8|9|10	96820.8189498618	95829.0583088260	991.7606410359	0.0000000000	9.8929607954	0.0000000000	Optimal	true	0.000000000
1	1.70	8	REALIZED	3819.3341150748	9	1|2|3|4|5|7|8|10|11	267764.9943292549	174361.0590226635	93403.9353065916	0.0000000000	860.8504914968	0.0000000000	Optimal	true	0.000000000
1	1.70	8	CONDITIONAL_MEAN	2251.0143180681	9	1|2|3|4|5|7|8|9|10	129049.8336673897	127620.9125461785	1428.9211212111	0.0000000000	16.5598902231	0.0000000000	Optimal	true	0.000000000
1	1.70	9	REALIZED	863.8541100234	4	4|5|8|9	50478.6971184978	44992.5365378227	4122.7328774902	1363.4277031848	43.7879084366	53.6256556292	Optimal	true	0.000000000
1	1.70	9	CONDITIONAL_MEAN	1633.3600494286	6	2|3|4|5|8|9	89923.1255899155	86777.1263297895	3145.9992601260	0.0000000000	40.3032684433	0.0000000000	Optimal	true	0.000000000
1	1.70	10	REALIZED	1607.8202584230	6	2|3|4|5|8|9	90408.6822028686	83311.7474482090	7096.9347546596	0.0000000000	111.3561178598	0.0000000000	Optimal	true	0.000000000
1	1.70	10	CONDITIONAL_MEAN	1665.2267905051	6	2|3|4|5|8|9	91743.1460859584	87537.8067575018	4205.3393284566	0.0000000000	54.3461175994	0.0000000000	Optimal	true	0.000000000
1	1.70	11	REALIZED	2501.6064703922	9	2|3|4|5|6|7|8|9|11	158874.3569246339	146067.8460413351	12806.5108832987	0.0000000000	107.4645730702	0.0000000000	Optimal	true	0.000000000
1	1.70	11	CONDITIONAL_MEAN	1769.2584285267	7	2|3|4|5|8|9|10	98700.2901856351	97956.6767329272	743.6134527079	0.0000000000	6.9176891771	0.0000000000	Optimal	true	0.000000000
1	1.70	12	REALIZED	1249.7141774261	5	4|7|8|9|11	97188.8177677260	77297.5105790689	14444.0589253200	5447.2482633372	114.2540877138	218.7779683500	Optimal	true	0.000000000
1	1.70	12	CONDITIONAL_MEAN	1225.0929657499	5	2|3|4|5|9	65505.5666279874	63583.8811489266	1669.0788159420	252.6066631188	13.7298384811	13.0600584237	Optimal	true	0.000000000
1	1.70	13	REALIZED	2272.2858537530	8	2|3|4|5|6|7|8|9	129049.2493163542	124160.0583332541	4889.1909831000	0.0000000000	32.9507531185	0.0000000000	Optimal	true	0.000000000
1	1.70	13	CONDITIONAL_MEAN	1712.3421353822	6	2|3|4|5|8|9	94247.2700466622	89675.8826753567	4571.3873713055	0.0000000000	55.3481549118	0.0000000000	Optimal	true	0.000000000
1	1.70	14	REALIZED	1832.1078845486	7	2|3|4|5|8|9|11	124425.5901921580	103740.3830552377	19779.8058082333	905.4013286870	140.4418150668	35.4137727906	Optimal	true	0.000000000
1	1.70	14	CONDITIONAL_MEAN	2261.9065569278	9	1|2|3|4|5|7|8|9|10	129197.7622766508	128154.0003776027	1043.7618990482	0.0000000000	11.6682712982	0.0000000000	Optimal	true	0.000000000
1	1.70	15	REALIZED	2681.9749266000	9	1|2|3|4|5|7|8|9|11	194109.8281316137	144924.0563029750	49185.7718286386	0.0000000000	327.5473009205	0.0000000000	Optimal	true	0.000000000
1	1.70	15	CONDITIONAL_MEAN	2107.0767832190	8	1|2|3|4|5|8|9|10	119622.8510205125	116662.4216083901	2960.4294121223	0.0000000000	19.8151583524	0.0000000000	Optimal	true	0.000000000
1	1.70	16	REALIZED	2418.8968734589	9	1|2|3|4|5|7|8|9|10	140244.1556009763	133464.2362520082	6779.9193489681	0.0000000000	69.1756527750	0.0000000000	Optimal	true	0.000000000
1	1.70	16	CONDITIONAL_MEAN	2007.5584959798	8	1|2|3|4|5|8|9|10	112380.2082395791	110700.7268460516	1679.4813935275	0.0000000000	12.2632068213	0.0000000000	Optimal	true	0.000000000
1	1.70	17	REALIZED	1520.3091891578	7	1|2|3|4|5|8|10	85753.2049417028	76513.7107471863	5368.8532479843	3870.6409465323	60.8907633819	166.5410572916	Optimal	true	0.000000000
1	1.70	17	CONDITIONAL_MEAN	1770.4797921796	7	2|3|4|5|8|9|10	99004.2755256985	98410.5608259992	593.7146996993	0.0000000000	4.9437376828	0.0000000000	Optimal	true	0.000000000
1	1.70	18	REALIZED	1095.6195685336	5	2|3|4|5|9	60455.7992790614	51084.7614551382	5119.9886929072	4251.0491310159	80.0053921949	208.8090093538	Optimal	true	0.000000000
1	1.70	18	CONDITIONAL_MEAN	1599.8681065620	6	2|3|4|5|8|9	87774.8985849435	83822.0156636942	3952.8829212494	0.0000000000	52.6925286358	0.0000000000	Optimal	true	0.000000000
1	1.70	19	REALIZED	1583.4463620207	6	3|4|5|7|8|9	93894.8253565782	89701.3358042540	2982.3143526093	1211.1751997148	22.0547005584	55.1747009149	Optimal	true	0.000000000
1	1.70	19	CONDITIONAL_MEAN	1630.5847985441	6	2|3|4|5|8|9	88821.5966841739	85592.3906438344	3229.2060403395	0.0000000000	36.7241293155	0.0000000000	Optimal	true	0.000000000
1	1.70	20	REALIZED	1643.9659284496	7	2|3|4|5|8|9|10	93192.6745276656	92074.9500913426	1117.7244363231	0.0000000000	7.4726728677	0.0000000000	Optimal	true	0.000000000
1	1.70	20	CONDITIONAL_MEAN	1325.0824544591	5	2|3|4|5|9	72574.5792064946	68086.8690182140	4487.7101882806	0.0000000000	34.1731361578	0.0000000000	Optimal	true	0.000000000
1	1.70	21	REALIZED	1487.9131928489	6	3|4|5|6|8|9	92475.3072457312	84162.9734811490	6958.0489427457	1354.2848218365	54.4750079212	48.9523951142	Optimal	true	0.000000000
1	1.70	21	CONDITIONAL_MEAN	1650.0359551520	6	2|3|4|5|8|9	91217.2652279051	86903.6364638022	4313.6287641029	0.0000000000	58.3144452961	0.0000000000	Optimal	true	0.000000000
1	1.70	22	REALIZED	989.8640550717	4	2|3|8|9	60049.7592520506	54573.0862752839	4468.9886296671	1007.6843470996	32.5952615396	48.0429746420	Optimal	true	0.000000000
1	1.70	22	CONDITIONAL_MEAN	1494.9897532972	6	2|3|4|5|8|9	81229.7369061452	78784.5510099766	2445.1858961686	0.0000000000	32.0913695645	0.0000000000	Optimal	true	0.000000000
1	1.70	23	REALIZED	1419.4034194106	6	2|4|5|7|8|9	87023.6468325178	81720.0770017733	4887.7886242877	415.7812064568	32.4212846444	18.9407805887	Optimal	true	0.000000000
1	1.70	23	CONDITIONAL_MEAN	1927.7650375500	7	2|3|4|5|8|9|10	107864.6928997360	105717.7348658619	2146.9580338741	0.0000000000	17.8256324998	0.0000000000	Optimal	true	0.000000000
1	1.70	24	REALIZED	1824.1701666380	7	2|3|4|5|7|8|9	116289.8444982086	100728.5187787058	14224.2751718641	1337.0505476387	90.3091462102	60.9089123452	Optimal	true	0.000000000
1	1.70	24	CONDITIONAL_MEAN	1379.1446329805	6	2|3|4|5|8|9	75874.0976934178	72962.7995923744	1086.8384273209	1824.4596737225	11.4813314218	77.8202572065	Optimal	true	0.000000000
1	1.70	25	REALIZED	1066.0279374644	5	2|4|5|7|9	63188.3728764984	56583.1614483961	3169.8894720623	3435.3219560400	43.8700028408	157.9634939235	Optimal	true	0.000000000
1	1.70	25	CONDITIONAL_MEAN	1662.2378270932	6	2|3|4|5|8|9	91899.3094421731	88268.0355688728	3631.2738733003	0.0000000000	47.3663023502	0.0000000000	Optimal	true	0.000000000
1	1.70	26	REALIZED	2075.1964516509	8	1|2|3|4|5|8|9|10	121934.2997917934	105305.8563573989	16628.4434343945	0.0000000000	182.7247909587	0.0000000000	Optimal	true	0.000000000
1	1.70	26	CONDITIONAL_MEAN	1876.3073385211	7	2|3|4|5|8|9|10	104648.8120679865	102788.6630456144	1860.1490223721	0.0000000000	17.7824805073	0.0000000000	Optimal	true	0.000000000
1	1.70	27	REALIZED	2236.3083497296	8	0|2|4|5|7|8|9|11	143246.8613974836	121250.5134428333	21857.9088922949	138.4390623553	245.7114861613	6.3065474443	Optimal	true	0.000000000
1	1.70	27	CONDITIONAL_MEAN	2527.2937573474	9	1|2|3|4|5|8|9|10|11	148185.7127496614	145064.5147929349	3121.1979567264	0.0000000000	45.7956387214	0.0000000000	Optimal	true	0.000000000
1	1.70	28	REALIZED	2786.9602365250	9	2|3|4|5|7|8|9|10|11	186156.8477117737	141775.0445833484	44381.8031284253	0.0000000000	414.7236737302	0.0000000000	Optimal	true	0.000000000
1	1.70	28	CONDITIONAL_MEAN	2046.0751316619	8	1|2|3|4|5|8|9|10	117255.1223503190	112651.8034612287	4603.3188890904	0.0000000000	30.3780675497	0.0000000000	Optimal	true	0.000000000
1	1.70	29	REALIZED	1337.2495197967	6	2|3|4|5|9|10	73420.5289766132	63559.5801283572	6173.7646430574	3687.1842051985	89.1566774714	159.4443705249	Optimal	true	0.000000000
1	1.70	29	CONDITIONAL_MEAN	1964.8819054933	8	1|2|3|4|5|8|9|10	108903.5537595934	108813.2435635198	90.3101960736	0.0000000000	1.3322811032	0.0000000000	Optimal	true	0.000000000
1	1.70	30	REALIZED	2169.2100393711	8	2|3|4|5|6|8|9|10	121018.7816486199	112041.7835921632	8976.9980564566	0.0000000000	81.8892477933	0.0000000000	Optimal	true	0.000000000
1	1.70	30	CONDITIONAL_MEAN	2378.0444191841	9	1|2|3|4|5|7|8|9|10	138286.2406405429	132918.8638661084	5367.3767744345	0.0000000000	49.1977901575	0.0000000000	Optimal	true	0.000000000
1	1.70	31	REALIZED	1736.3269008995	6	2|3|4|5|8|9	94647.6919523938	88442.0216991097	6205.6702532841	0.0000000000	76.4865136533	0.0000000000	Optimal	true	0.000000000
1	1.70	31	CONDITIONAL_MEAN	1871.5800839193	8	1|2|3|4|5|8|9|10	104546.0475141902	103676.6318597471	869.4156544431	0.0000000000	4.8080088994	0.0000000000	Optimal	true	0.000000000
1	1.70	32	REALIZED	1359.9925251895	5	2|3|4|5|8	77179.3171381032	65693.9341064879	11485.3830316153	0.0000000000	118.5803447895	0.0000000000	Optimal	true	0.000000000
1	1.70	32	CONDITIONAL_MEAN	2092.2012547781	8	1|2|3|4|5|8|9|10	118634.9580198385	116001.4531175375	2633.5049023009	0.0000000000	19.7990369181	0.0000000000	Optimal	true	0.000000000
1	1.70	33	REALIZED	1792.6637626402	7	2|4|5|7|8|9|11	111445.3623249789	106724.9097912172	4720.4525337617	0.0000000000	66.3796110077	0.0000000000	Optimal	true	0.000000000
1	1.70	33	CONDITIONAL_MEAN	1475.2200780778	6	2|3|4|5|8|9	79463.2785197684	77810.8254115818	1652.4531081865	0.0000000000	19.0097585495	0.0000000000	Optimal	true	0.000000000
1	1.70	34	REALIZED	1653.6973816804	7	1|2|3|4|5|8|9	106875.2589062460	87321.4365123661	17189.9112597268	2363.9111341531	113.2010422359	114.8088100178	Optimal	true	0.000000000
1	1.70	34	CONDITIONAL_MEAN	2099.3026518231	8	1|2|3|4|5|8|9|10	119852.3579682867	115932.6446532639	3919.7133150229	0.0000000000	26.7688450560	0.0000000000	Optimal	true	0.000000000
1	1.70	35	REALIZED	1956.5766298067	8	1|2|3|4|5|8|9|10	111242.6074127605	102617.5338475569	8625.0735652036	0.0000000000	72.1076707716	0.0000000000	Optimal	true	0.000000000
1	1.70	35	CONDITIONAL_MEAN	2294.9100693130	9	1|2|3|4|5|7|8|9|10	131946.1596134835	130456.4132925645	1489.7463209189	0.0000000000	16.8600018906	0.0000000000	Optimal	true	0.000000000
1	1.70	36	REALIZED	1417.0504258808	6	2|3|5|8|9|10	80977.1186575020	75451.4526760125	5525.6659814895	0.0000000000	54.3313412336	0.0000000000	Optimal	true	0.000000000
1	1.70	36	CONDITIONAL_MEAN	1615.0019120544	6	2|3|4|5|8|9	88198.8464726128	84880.7749722151	3318.0715003977	0.0000000000	40.3036660760	0.0000000000	Optimal	true	0.000000000
1	1.70	37	REALIZED	2065.2495836559	8	1|2|3|4|5|6|8|9	115905.1480143239	110604.2705867026	5300.8774276212	0.0000000000	64.9067574701	0.0000000000	Optimal	true	0.000000000
1	1.70	37	CONDITIONAL_MEAN	1948.2740366423	8	1|2|3|4|5|8|9|10	108465.8961913365	108465.8961913366	0.0000000000	0.0000000000	0.0000000000	0.0000000000	Optimal	true	0.000000000
1	1.70	38	REALIZED	1515.5244407139	6	2|3|4|5|8|9	84091.3366932157	74094.6909452515	8487.2345472850	1509.4112006792	143.6573949287	73.6165129799	Optimal	true	0.000000000
1	1.70	38	CONDITIONAL_MEAN	1934.4690513959	8	1|2|3|4|5|8|9|10	108228.9878196209	107924.3093391498	304.6784804711	0.0000000000	1.6849211744	0.0000000000	Optimal	true	0.000000000
1	1.70	39	REALIZED	1960.3983006294	8	1|2|3|4|5|8|9|10	112328.6805058646	97629.2717413917	13080.5548978888	1618.8538665841	178.7046852043	56.7255611949	Optimal	true	0.000000000
1	1.70	39	CONDITIONAL_MEAN	2158.4641577469	8	1|2|3|4|5|7|8|9	123320.9430874983	116304.1877630265	7016.7553244717	0.0000000000	66.2787288101	0.0000000000	Optimal	true	0.000000000
1	1.70	40	REALIZED	3358.8400326192	9	1|2|3|4|5|7|8|9|11	214124.0750504757	178719.0789376134	35404.9961128622	0.0000000000	351.8638996662	0.0000000000	Optimal	true	0.000000000
1	1.70	40	CONDITIONAL_MEAN	2058.0717004808	8	1|2|3|4|5|8|9|10	116078.3526578382	114300.5026041070	1777.8500537312	0.0000000000	10.8975508783	0.0000000000	Optimal	true	0.000000000
1	1.70	41	REALIZED	2314.5287887408	9	0|2|3|4|5|7|8|9|10	138315.8849554178	128483.9163752450	9831.9685801728	0.0000000000	77.3030741082	0.0000000000	Optimal	true	0.000000000
1	1.70	41	CONDITIONAL_MEAN	2008.8184423164	8	1|2|3|4|5|8|9|10	112621.0481807686	112128.1832938089	492.8648869598	0.0000000000	5.5653323034	0.0000000000	Optimal	true	0.000000000
1	1.70	42	REALIZED	2179.3122628090	9	0|1|2|4|5|7|8|9|11	144028.9425692589	133137.0962246502	10432.4574464262	459.3888981825	85.0618152546	20.9273151125	Optimal	true	0.000000000
1	1.70	42	CONDITIONAL_MEAN	2067.2902822891	8	1|2|3|4|5|8|9|10	116682.1261388854	114932.3249634581	1749.8011754274	0.0000000000	15.4988451906	0.0000000000	Optimal	true	0.000000000
1	1.70	43	REALIZED	2020.9660718379	7	1|2|3|4|6|7|8	153873.8820048100	105255.8636880777	44059.9290608681	4558.0892558640	372.0507793750	207.9906724586	Optimal	true	0.000000000
1	1.70	43	CONDITIONAL_MEAN	1851.5838295057	7	2|3|4|5|8|9|10	103282.4079841780	102359.8068844929	922.6010996852	0.0000000000	8.5873670308	0.0000000000	Optimal	true	0.000000000
1	1.70	44	REALIZED	1504.6382730331	6	2|3|4|5|8|9	83976.3774959199	66428.2608416230	13892.0922929050	3656.0243613918	222.7734605554	163.6187462875	Optimal	true	0.000000000
1	1.70	44	CONDITIONAL_MEAN	1950.0550481859	7	2|3|4|5|8|9|10	110029.1055224138	106162.4995083537	3866.6060140601	0.0000000000	28.2926288986	0.0000000000	Optimal	true	0.000000000
1	1.70	45	REALIZED	1337.3583522282	6	2|3|4|5|8|9	74668.5150698773	71162.4874984100	766.3337051084	2739.6938663589	8.6344772879	116.7596838248	Optimal	true	0.000000000
1	1.70	45	CONDITIONAL_MEAN	1614.2690173162	6	2|3|4|5|8|9	87390.4028447881	84714.2613197656	2676.1415250225	0.0000000000	27.1439364826	0.0000000000	Optimal	true	0.000000000
1	1.70	46	REALIZED	1901.2639534825	8	2|4|5|7|8|9|10|11	121126.4461821018	118866.4143709974	2260.0318111045	0.0000000000	27.3274555733	0.0000000000	Optimal	true	0.000000000
1	1.70	46	CONDITIONAL_MEAN	1889.2690897606	7	2|3|4|5|8|9|10	105242.7277526116	103830.8980322352	1411.8297203764	0.0000000000	13.9384670495	0.0000000000	Optimal	true	0.000000000
1	1.70	47	REALIZED	2003.1203516105	8	2|3|4|5|7|8|9|11	145458.3127484668	114080.4317620871	25896.2364833003	5481.6445030794	162.4078898181	235.6537544880	Optimal	true	0.000000000
1	1.70	47	CONDITIONAL_MEAN	2300.6242732980	9	1|2|3|4|5|7|8|9|10	132485.6483773517	130368.8783038754	2116.7700734762	0.0000000000	23.3660477269	0.0000000000	Optimal	true	0.000000000
1	1.70	48	REALIZED	1578.5885019964	7	2|4|5|7|8|9|10	95657.2639882920	92705.9880904553	1689.0724289975	1262.2034688393	15.2919829371	43.8035544473	Optimal	true	0.000000000
1	1.70	48	CONDITIONAL_MEAN	1992.7556723381	8	1|2|3|4|5|8|9|10	112512.2845948461	110433.3623674062	2078.9222274399	0.0000000000	13.9942625925	0.0000000000	Optimal	true	0.000000000
1	1.70	49	REALIZED	2914.8067891298	9	0|1|2|3|4|5|7|8|9	169585.9101457376	156950.5195290196	12635.3906167180	0.0000000000	132.9575454911	0.0000000000	Optimal	true	0.000000000
1	1.70	49	CONDITIONAL_MEAN	2052.5280758736	8	1|2|3|4|5|8|9|10	115671.4959208794	112444.0536381429	3227.4422827366	0.0000000000	18.6846732238	0.0000000000	Optimal	true	0.000000000
1	1.70	50	REALIZED	1206.4118505530	5	2|3|4|5|6	76890.8871464950	64610.8918921868	9684.7111739773	2595.2840803309	79.3492360972	100.0114693568	Optimal	true	0.000000000
1	1.70	50	CONDITIONAL_MEAN	1302.9942922309	5	2|3|4|5|9	69896.0073532987	67199.8640171473	2696.1433361515	0.0000000000	24.1314620340	0.0000000000	Optimal	true	0.000000000
1	1.70	51	REALIZED	1892.0639310019	7	2|3|4|5|8|9|10	108501.1477578152	94139.4469256336	14361.7008321816	0.0000000000	138.0993790891	0.0000000000	Optimal	true	0.000000000
1	1.70	51	CONDITIONAL_MEAN	1902.0641462537	8	1|2|3|4|5|8|9|10	105488.5471290642	105488.5471290642	0.0000000000	0.0000000000	0.0000000000	0.0000000000	Optimal	true	0.000000000
1	1.70	52	REALIZED	2103.0304090620	7	2|3|4|5|7|8|9	126979.8431812913	98688.2925843358	28291.5505969555	0.0000000000	277.0677483283	0.0000000000	Optimal	true	0.000000000
1	1.70	52	CONDITIONAL_MEAN	2103.1933452551	8	1|2|3|4|5|8|9|10	119064.4149925849	114903.9670376767	4160.4479549083	0.0000000000	26.9569628591	0.0000000000	Optimal	true	0.000000000
1	1.70	53	REALIZED	1712.1910516202	7	2|3|4|5|8|9|10	97440.0557009605	95368.8336365260	2071.2220644345	0.0000000000	23.4680370646	0.0000000000	Optimal	true	0.000000000
1	1.70	53	CONDITIONAL_MEAN	1709.7383004605	6	2|3|4|5|8|9	93836.1604187140	88294.9390459983	5541.2213727158	0.0000000000	65.2253656718	0.0000000000	Optimal	true	0.000000000
1	1.70	54	REALIZED	2111.1558260507	8	2|3|4|5|7|8|9|10	119551.2207208225	113093.5636078158	6457.6571130067	0.0000000000	47.4741517468	0.0000000000	Optimal	true	0.000000000
1	1.70	54	CONDITIONAL_MEAN	2186.7219667879	8	1|2|3|4|5|7|8|9	125816.9529315349	117990.1520419824	7826.8008895525	0.0000000000	74.5630371059	0.0000000000	Optimal	true	0.000000000
1	1.70	55	REALIZED	2261.9084604577	8	2|3|4|5|7|8|9|11	158157.5934839003	117485.0535799275	38658.6683885186	2013.8715154543	277.2835203960	91.7412762187	Optimal	true	0.000000000
1	1.70	55	CONDITIONAL_MEAN	1919.8852899403	8	1|2|3|4|5|8|9|10	106000.8481174891	105962.0067928015	38.8413246877	0.0000000000	0.2147987948	0.0000000000	Optimal	true	0.000000000
1	1.70	56	REALIZED	1843.0766930689	7	2|3|4|5|8|9|10	100892.9904464617	95287.7016053731	5578.5512154318	26.7376256569	66.1827339488	1.0458126910	Optimal	true	0.000000000
1	1.70	56	CONDITIONAL_MEAN	1781.4425964069	7	2|3|4|5|8|9|10	98514.7067784941	97140.4160950674	1374.2906834268	0.0000000000	14.2860808675	0.0000000000	Optimal	true	0.000000000
1	1.70	57	REALIZED	2209.4823879578	9	1|2|3|4|5|8|9|10|11	133604.6981707770	126083.3302320341	7521.3679387429	0.0000000000	62.1413777626	0.0000000000	Optimal	true	0.000000000
1	1.70	57	CONDITIONAL_MEAN	2305.1303373494	9	1|2|3|4|5|7|8|9|10	132781.3893433458	130541.8789175514	2239.5104257944	0.0000000000	22.5805783869	0.0000000000	Optimal	true	0.000000000
1	1.70	58	REALIZED	2470.8536154467	9	1|2|3|4|5|7|8|9|10	142919.2855625151	139799.5716509892	3119.7139115258	0.0000000000	25.0170819706	0.0000000000	Optimal	true	0.000000000
1	1.70	58	CONDITIONAL_MEAN	2056.6425098321	8	1|2|3|4|5|8|9|10	117639.2125940808	113304.1023815993	4335.1102124815	0.0000000000	27.7405130243	0.0000000000	Optimal	true	0.000000000
1	1.70	59	REALIZED	2596.4205580216	9	2|3|4|5|6|7|8|9|10	144695.9588842867	132387.9914316660	12307.9674526208	0.0000000000	98.4244705468	0.0000000000	Optimal	true	0.000000000
1	1.70	59	CONDITIONAL_MEAN	2032.7147439874	8	1|2|3|4|5|8|9|10	114140.3181757434	112761.2598287839	1379.0583469596	0.0000000000	13.4653307443	0.0000000000	Optimal	true	0.000000000
1	1.75	0	REALIZED	2294.5609342973	8	2|3|4|5|7|8|9|11	156044.5429230338	138322.0656371837	17722.4772858501	0.0000000000	131.8422541720	0.0000000000	Optimal	true	0.000000000
1	1.75	0	CONDITIONAL_MEAN	2302.3516806904	9	1|2|3|4|5|7|8|9|10	132932.8076924413	131484.1328958381	1448.6747966032	0.0000000000	16.0394739790	0.0000000000	Optimal	true	0.000000000
1	1.75	1	REALIZED	1235.6231319459	5	1|2|3|4|5	68275.9547490360	62835.6471440392	3827.6869359929	1612.6206690038	56.1350664600	78.2318727289	Optimal	true	0.000000000
1	1.75	1	CONDITIONAL_MEAN	1637.1150058755	6	2|3|4|5|8|9	89500.0550637445	85540.0173405758	3960.0377231687	0.0000000000	48.7528152668	0.0000000000	Optimal	true	0.000000000
1	1.75	2	REALIZED	2083.6705462960	8	1|2|3|4|5|8|9|11	121804.2391528663	110580.5081706331	10798.8771658416	424.8538163916	100.2821505613	10.4807264399	Optimal	true	0.000000000
1	1.75	2	CONDITIONAL_MEAN	2390.8014182625	9	1|2|3|4|5|7|8|9|10	138702.8377281522	134066.2706925982	4636.5670355539	0.0000000000	45.6122486203	0.0000000000	Optimal	true	0.000000000
1	1.75	3	REALIZED	1292.3634913728	5	4|5|7|8|9	107502.9510160195	63033.8613194251	40109.3158289720	4359.7738676225	227.0877915730	193.6724794013	Optimal	true	0.000000000
1	1.75	3	CONDITIONAL_MEAN	1591.8214963140	6	2|3|4|5|8|9	86875.8352357119	83296.2926134420	3579.5426222699	0.0000000000	44.5254460794	0.0000000000	Optimal	true	0.000000000
1	1.75	4	REALIZED	1861.8071150180	7	1|2|3|5|6|8|9	106398.6024403110	98808.8304455550	7589.7719947560	0.0000000000	53.0097772586	0.0000000000	Optimal	true	0.000000000
1	1.75	4	CONDITIONAL_MEAN	1663.6590493040	6	2|3|4|5|8|9	91279.7427920436	86634.7929022946	4644.9498897490	0.0000000000	58.1743612983	0.0000000000	Optimal	true	0.000000000
1	1.75	5	REALIZED	1729.0567843884	7	1|2|3|4|5|8|9	92646.8627254346	92257.6405587393	389.2221666953	0.0000000000	2.5121925439	0.0000000000	Optimal	true	0.000000000
1	1.75	5	CONDITIONAL_MEAN	1604.2921915804	6	2|3|4|5|8|9	88213.2843389588	85172.4891941778	3040.7951447810	0.0000000000	40.7862925804	0.0000000000	Optimal	true	0.000000000
1	1.75	6	REALIZED	2453.1620321485	9	1|2|3|4|5|6|7|8|10	148444.6666359394	140439.2542157193	8005.4124202201	0.0000000000	72.9752871683	0.0000000000	Optimal	true	0.000000000
1	1.75	6	CONDITIONAL_MEAN	2372.1237269450	9	1|2|3|4|5|7|8|9|10	137760.8227044258	132586.0116907078	5174.8110137180	0.0000000000	51.0335967870	0.0000000000	Optimal	true	0.000000000
1	1.75	7	REALIZED	1938.0415281479	7	2|3|4|5|7|8|9	106550.9161619251	97034.2772341913	8839.2143721060	677.4245556278	121.3441045352	30.8598601243	Optimal	true	0.000000000
1	1.75	7	CONDITIONAL_MEAN	1750.9853987465	7	2|3|4|5|8|9|10	97157.7051595635	96165.9445185276	991.7606410359	0.0000000000	9.8929607954	0.0000000000	Optimal	true	0.000000000
1	1.75	8	REALIZED	3819.3341150748	9	1|2|3|4|5|7|8|10|11	267764.9943292549	174361.0590226635	93403.9353065916	0.0000000000	860.8504914968	0.0000000000	Optimal	true	0.000000000
1	1.75	8	CONDITIONAL_MEAN	2251.0143180681	9	1|2|3|4|5|7|8|9|10	129805.3128267493	127884.8154926146	1428.9211212111	491.5762129236	16.5598902231	17.5954036838	Optimal	true	0.000000000
1	1.75	9	REALIZED	863.8541100234	4	2|4|5|9	51117.2372681418	41008.5391229084	8209.7278897064	1898.9702555270	84.6109824638	84.9754924292	Optimal	true	0.000000000
1	1.75	9	CONDITIONAL_MEAN	1633.3600494286	6	2|3|4|5|8|9	90074.1030326087	86928.1037724828	3145.9992601260	0.0000000000	40.3032684433	0.0000000000	Optimal	true	0.000000000
1	1.75	10	REALIZED	1607.8202584230	6	2|3|4|5|8|9	90716.8339653355	83326.3833591036	7096.9347546596	293.5158515723	111.3561178598	11.4805482924	Optimal	true	0.000000000
1	1.75	10	CONDITIONAL_MEAN	1665.2267905051	6	2|3|4|5|8|9	91854.4543074959	87649.1149790393	4205.3393284566	0.0000000000	54.3461175994	0.0000000000	Optimal	true	0.000000000
1	1.75	11	REALIZED	2501.6064703922	9	2|3|4|5|6|7|8|9|11	159382.3998425487	146575.8889592500	12806.5108832987	0.0000000000	107.4645730702	0.0000000000	Optimal	true	0.000000000
1	1.75	11	CONDITIONAL_MEAN	1769.2584285267	7	2|3|4|5|8|9|10	99012.4364265666	98268.8229738588	743.6134527079	0.0000000000	6.9176891771	0.0000000000	Optimal	true	0.000000000
1	1.75	12	REALIZED	1249.7141774261	5	4|7|8|9|11	98213.8589561130	76992.4275997030	14444.0589253200	6777.3724310900	114.2540877138	258.6084994695	Optimal	true	0.000000000
1	1.75	12	CONDITIONAL_MEAN	1225.0929657499	5	2|3|4|5|9	66140.1819365293	63521.9464359567	1669.0788159420	949.1566846305	13.7298384811	49.0725050617	Optimal	true	0.000000000
1	1.75	13	REALIZED	2272.2858537530	8	2|3|4|5|6|7|8|9	129459.0352340955	124569.8442509955	4889.1909831000	0.0000000000	32.9507531185	0.0000000000	Optimal	true	0.000000000
1	1.75	13	CONDITIONAL_MEAN	1712.3421353822	6	2|3|4|5|8|9	94304.7301547560	89733.3427834505	4571.3873713055	0.0000000000	55.3481549118	0.0000000000	Optimal	true	0.000000000
1	1.75	14	REALIZED	1832.1078845486	7	2|3|4|5|8|9|11	125511.4342669408	103173.4244831040	19779.8058082333	2558.2039756034	140.4418150668	86.2102387398	Optimal	true	0.000000000
1	1.75	14	CONDITIONAL_MEAN	2261.9065569278	9	1|2|3|4|5|7|8|9|10	129865.7865893222	128438.3711945863	1043.7618990482	383.6534956877	11.6682712982	13.4213450554	Optimal	true	0.000000000
1	1.75	15	REALIZED	2681.9749266000	9	1|2|3|4|5|7|8|9|11	194770.8804238395	145585.1085952010	49185.7718286386	0.0000000000	327.5473009205	0.0000000000	Optimal	true	0.000000000
1	1.75	15	CONDITIONAL_MEAN	2107.0767832190	8	1|2|3|4|5|8|9|10	119860.3659912926	116899.9365791703	2960.4294121223	0.0000000000	19.8151583524	0.0000000000	Optimal	true	0.000000000
1	1.75	16	REALIZED	2418.8968734589	9	1|2|3|4|5|7|8|9|10	140738.3524109529	133958.4330619848	6779.9193489681	0.0000000000	69.1756527750	0.0000000000	Optimal	true	0.000000000
1	1.75	16	CONDITIONAL_MEAN	2007.5584959798	8	1|2|3|4|5|8|9|10	112741.1351516857	111061.6537581583	1679.4813935275	0.0000000000	12.2632068213	0.0000000000	Optimal	true	0.000000000
1	1.75	17	REALIZED	1520.3091891578	7	1|2|3|4|5|8|10	86676.2361326737	76364.8072948512	5368.8532479843	4942.5755898382	60.8907633819	214.3633950289	Optimal	true	0.000000000
1	1.75	17	CONDITIONAL_MEAN	1770.4797921796	7	2|3|4|5|8|9|10	99310.8600248349	98717.1453251357	593.7146996993	0.0000000000	4.9437376828	0.0000000000	Optimal	true	0.000000000
1	1.75	18	REALIZED	1095.6195685336	5	2|3|4|5|9	61187.0218168745	51044.3787342365	5119.9886929072	5022.6543897308	80.0053921949	244.8214559918	Optimal	true	0.000000000
1	1.75	18	CONDITIONAL_MEAN	1599.8681065620	6	2|3|4|5|8|9	87961.2669328981	84008.3840116488	3952.8829212494	0.0000000000	52.6925286358	0.0000000000	Optimal	true	0.000000000
1	1.75	19	REALIZED	1583.4463620207	6	3|4|5|7|8|9	94739.5445306807	89502.3407534449	2982.3143526093	2254.8894246264	22.0547005584	102.7207703966	Optimal	true	0.000000000
1	1.75	19	CONDITIONAL_MEAN	1630.5847985441	6	2|3|4|5|8|9	88968.6913649927	85739.4853246532	3229.2060403395	0.0000000000	36.7241293155	0.0000000000	Optimal	true	0.000000000
1	1.75	20	REALIZED	1643.9659284496	7	1|2|4|5|8|9|10	93526.1767964513	93189.4434357686	336.7333606827	0.0000000000	4.2196075103	0.0000000000	Optimal	true	0.000000000
1	1.75	20	CONDITIONAL_MEAN	1325.0824544591	5	2|3|4|5|9	72700.5479777325	68212.8377894519	4487.7101882806	0.0000000000	34.1731361578	0.0000000000	Optimal	true	0.000000000
1	1.75	21	REALIZED	1487.9131928489	6	3|4|5|6|8|9	93253.6789044206	83752.8497878616	6958.0489427457	2542.7801738134	54.4750079212	92.5521180566	Optimal	true	0.000000000
1	1.75	21	CONDITIONAL_MEAN	1650.0359551520	6	2|3|4|5|8|9	91338.2856409749	87024.6568768719	4313.6287641029	0.0000000000	58.3144452961	0.0000000000	Optimal	true	0.000000000
1	1.75	22	REALIZED	989.8640550717	4	2|3|8|9	60641.3245616183	54553.8543403841	4468.9886296671	1618.4815915671	32.5952615396	77.6109678236	Optimal	true	0.000000000
1	1.75	22	CONDITIONAL_MEAN	1494.9897532972	6	2|3|4|5|8|9	81756.7494150449	78685.5729841001	2445.1858961686	625.9905347763	32.0913695645	25.0993973490	Optimal	true	0.000000000
1	1.75	23	REALIZED	1419.4034194106	6	2|4|5|7|8|9	87609.0929023680	81497.9316791058	4887.7886242877	1223.3725989745	32.4212846444	55.7303495579	Optimal	true	0.000000000
1	1.75	23	CONDITIONAL_MEAN	1927.7650375500	7	2|3|4|5|8|9|10	108017.2643256336	105870.3062917596	2146.9580338741	0.0000000000	17.8256324998	0.0000000000	Optimal	true	0.000000000
1	1.75	24	REALIZED	1824.1701666380	7	2|3|4|5|7|8|9	117159.8195756453	100439.7249043228	14224.2751718641	2495.8194994584	90.3091462102	113.6962633091	Optimal	true	0.000000000
1	1.75	24	CONDITIONAL_MEAN	1379.1446329805	6	2|3|4|5|8|9	76676.7387117856	72904.2383806555	1086.8384273209	2685.6619038091	11.4813314218	120.3344795231	Optimal	true	0.000000000
1	1.75	25	REALIZED	1066.0279374644	5	2|4|5|7|9	63930.4559162968	56557.1132681829	3169.8894720623	4203.4531760517	43.8700028408	192.6729477043	Optimal	true	0.000000000
1	1.75	25	CONDITIONAL_MEAN	1662.2378270932	6	2|3|4|5|8|9	92036.4112648317	88405.1373915315	3631.2738733003	0.0000000000	47.3663023502	0.0000000000	Optimal	true	0.000000000
1	1.75	26	REALIZED	2075.1964516509	8	1|2|3|4|5|8|9|10	122579.5514560530	105347.7789567302	16628.4434343945	603.3290649283	182.7247909587	21.6406050036	Optimal	true	0.000000000
1	1.75	26	CONDITIONAL_MEAN	1876.3073385211	7	2|3|4|5|8|9|10	104887.7877306392	103027.6387082671	1860.1490223721	0.0000000000	17.7824805073	0.0000000000	Optimal	true	0.000000000
1	1.75	27	REALIZED	2236.3083497296	8	0|2|4|5|7|8|9|11	143956.1528237808	121257.4515425028	21857.9088922949	840.7923889830	245.7114861613	38.3020298010	Optimal	true	0.000000000
1	1.75	27	CONDITIONAL_MEAN	2527.2937573474	9	1|2|3|4|5|8|9|10|11	148496.8996231775	145375.7016664510	3121.1979567264	0.0000000000	45.7956387214	0.0000000000	Optimal	true	0.000000000
1	1.75	28	REALIZED	2786.9602365250	9	2|3|4|5|7|8|9|10|11	187211.3673513849	142829.5642229597	44381.8031284253	0.0000000000	414.7236737302	0.0000000000	Optimal	true	0.000000000
1	1.75	28	CONDITIONAL_MEAN	2046.0751316619	8	1|2|3|4|5|8|9|10	117557.3830926155	112954.0642035251	4603.3188890904	0.0000000000	30.3780675497	0.0000000000	Optimal	true	0.000000000
1	1.75	29	REALIZED	1337.2495197967	5	2|4|5|8|9	74247.7276331181	59055.7994824841	15191.9281506340	0.0000000000	239.7540609671	0.0000000000	Optimal	true	0.000000000
1	1.75	29	CONDITIONAL_MEAN	1964.8819054933	8	1|2|3|4|5|8|9|10	109280.4587254676	109190.1485293941	90.3101960736	0.0000000000	1.3322811032	0.0000000000	Optimal	true	0.000000000
1	1.75	30	REALIZED	2169.2100393711	8	2|3|4|5|6|8|9|10	121348.2487570693	112371.2507006127	8976.9980564566	0.0000000000	81.8892477933	0.0000000000	Optimal	true	0.000000000
1	1.75	30	CONDITIONAL_MEAN	2378.0444191841	9	1|2|3|4|5|7|8|9|10	138772.7484054355	133405.3716310010	5367.3767744345	0.0000000000	49.1977901575	0.0000000000	Optimal	true	0.000000000
1	1.75	31	REALIZED	1736.3269008995	6	2|3|4|5|8|9	94788.6408716841	88582.9706184000	6205.6702532841	0.0000000000	76.4865136533	0.0000000000	Optimal	true	0.000000000
1	1.75	31	CONDITIONAL_MEAN	1871.5800839193	7	2|3|4|5|8|9|10	104819.6835818758	101768.7867556030	3050.8968262729	0.0000000000	26.7494853170	0.0000000000	Optimal	true	0.000000000
1	1.75	32	REALIZED	1359.9925251895	5	2|3|4|5|8	77716.0956958084	65691.5160454651	11485.3830316153	539.1966187280	118.5803447895	27.8770926131	Optimal	true	0.000000000
1	1.75	32	CONDITIONAL_MEAN	2092.2012547781	8	1|2|3|4|5|8|9|10	118877.5655027827	116244.0606004818	2633.5049023009	0.0000000000	19.7990369181	0.0000000000	Optimal	true	0.000000000
1	1.75	33	REALIZED	1792.6637626402	7	2|4|5|7|8|9|11	112030.5742502160	107178.6883194825	4720.4525337617	131.4333969719	66.3796110077	5.9874065865	Optimal	true	0.000000000
1	1.75	33	CONDITIONAL_MEAN	1475.2200780778	6	2|3|4|5|8|9	80073.1841778145	77636.1473699543	1652.4531081865	784.5836996736	19.0097585495	31.7874615534	Optimal	true	0.000000000
1	1.75	34	REALIZED	1653.6973816804	6	1|3|4|5|8|9	107657.0721825437	88670.0684563820	18987.0037261618	0.0000000000	123.7074209213	0.0000000000	Optimal	true	0.000000000
1	1.75	34	CONDITIONAL_MEAN	2099.3026518231	8	1|2|3|4|5|8|9|10	120086.8069155868	116167.0936005640	3919.7133150229	0.0000000000	26.7688450560	0.0000000000	Optimal	true	0.000000000
1	1.75	35	REALIZED	1956.5766298067	8	1|2|3|4|5|8|9|10	111874.7943350049	102155.0185131941	8625.0735652036	1094.7022566071	72.1076707716	38.0940945259	Optimal	true	0.000000000
1	1.75	35	CONDITIONAL_MEAN	2294.9100693130	9	1|2|3|4|5|7|8|9|10	132465.6033036010	130975.8569826821	1489.7463209189	0.0000000000	16.8600018906	0.0000000000	Optimal	true	0.000000000
1	1.75	36	REALIZED	1417.0504258808	6	2|3|5|8|9|10	81455.8613527174	75310.2940149259	5525.6659814895	619.9013563020	54.3313412336	19.4636765180	Optimal	true	0.000000000
1	1.75	36	CONDITIONAL_MEAN	1615.0019120544	6	2|3|4|5|8|9	88350.8292514366	85032.7577510389	3318.0715003977	0.0000000000	40.3036660760	0.0000000000	Optimal	true	0.000000000
1	1.75	37	REALIZED	2065.2495836559	8	1|2|3|4|5|6|8|9	116222.0315704638	110921.1541428426	5300.8774276212	0.0000000000	64.9067574701	0.0000000000	Optimal	true	0.000000000
1	1.75	37	CONDITIONAL_MEAN	1948.2740366423	8	1|2|3|4|5|8|9|10	108837.6656607967	108837.6656607967	0.0000000000	0.0000000000	0.0000000000	0.0000000000	Optimal	true	0.000000000
1	1.75	38	REALIZED	1515.5244407139	6	2|3|4|5|8|9	84934.5749889338	74000.0972327626	8487.2345472850	2447.2432088862	143.6573949287	116.1307352965	Optimal	true	0.000000000
1	1.75	38	CONDITIONAL_MEAN	1934.4690513959	7	2|3|4|5|8|9|10	108461.6401620503	106500.5855077928	1961.0546542576	0.0000000000	17.8020606644	0.0000000000	Optimal	true	0.000000000
1	1.75	39	REALIZED	1960.3983006294	7	2|3|4|5|8|9|10	112679.7143680263	96174.0994368966	16505.6149311297	0.0000000000	209.6359327237	0.0000000000	Optimal	true	0.000000000
1	1.75	39	CONDITIONAL_MEAN	2158.4641577469	8	1|2|3|4|5|7|8|9	123771.1638208818	116754.4084964100	7016.7553244717	0.0000000000	66.2787288101	0.0000000000	Optimal	true	0.000000000
1	1.75	40	REALIZED	3358.8400326192	9	1|2|3|4|5|7|8|9|11	214173.1989297838	178768.2028169216	35404.9961128622	0.0000000000	351.8638996662	0.0000000000	Optimal	true	0.000000000
1	1.75	40	CONDITIONAL_MEAN	2058.0717004808	8	1|2|3|4|5|8|9|10	116357.1726196689	114579.3225659377	1777.8500537312	0.0000000000	10.8975508783	0.0000000000	Optimal	true	0.000000000
1	1.75	41	REALIZED	2314.5287887408	9	0|2|3|4|5|7|8|9|10	139297.9571272925	128718.3434743734	9831.9685801728	747.6450727463	77.3030741082	34.0587334425	Optimal	true	0.000000000
1	1.75	41	CONDITIONAL_MEAN	2008.8184423164	8	1|2|3|4|5|8|9|10	112978.5231388509	112485.6582518912	492.8648869598	0.0000000000	5.5653323034	0.0000000000	Optimal	true	0.000000000
1	1.75	42	REALIZED	2179.3122628090	8	0|2|4|5|7|8|9|11	145075.3619386671	131106.7704046754	13968.5915339918	0.0000000000	117.4834914395	0.0000000000	Optimal	true	0.000000000
1	1.75	42	CONDITIONAL_MEAN	2067.2902822891	8	1|2|3|4|5|8|9|10	116928.5319068847	115178.7307314573	1749.8011754274	0.0000000000	15.4988451906	0.0000000000	Optimal	true	0.000000000
1	1.75	43	REALIZED	2020.9660718379	7	1|2|3|4|6|7|8	154912.5549967647	105103.7321240202	44059.9290608681	5748.8938118764	372.0507793750	262.6055537798	Optimal	true	0.000000000
1	1.75	43	CONDITIONAL_MEAN	1851.5838295057	7	2|3|4|5|8|9|10	103497.6326261526	102575.0315264674	922.6010996852	0.0000000000	8.5873670308	0.0000000000	Optimal	true	0.000000000
1	1.75	44	REALIZED	1504.6382730331	6	2|3|4|5|8|9	84826.1680709646	66380.6893040985	13892.0922929050	4553.3864739610	222.7734605554	206.1329686041	Optimal	true	0.000000000
1	1.75	44	CONDITIONAL_MEAN	1950.0550481859	7	2|3|4|5|8|9|10	110195.9379926551	106329.3319785951	3866.6060140601	0.0000000000	28.2926288986	0.0000000000	Optimal	true	0.000000000
1	1.75	45	REALIZED	1337.3583522282	6	2|3|4|5|8|9	75497.5713955966	71130.3415940427	766.3337051084	3600.8960964455	8.6344772879	159.2739061414	Optimal	true	0.000000000
1	1.75	45	CONDITIONAL_MEAN	1614.2690173162	6	2|3|4|5|8|9	87533.8389264408	84857.6974014184	2676.1415250225	0.0000000000	27.1439364826	0.0000000000	Optimal	true	0.000000000
1	1.75	46	REALIZED	1901.2639534825	8	2|4|5|7|8|9|10|11	122060.9820496396	118488.6387314072	2260.0318111045	1312.3115071280	27.3274555733	46.8347941486	Optimal	true	0.000000000
1	1.75	46	CONDITIONAL_MEAN	1889.2690897606	7	2|3|4|5|8|9|10	105424.6570538492	104012.8273334728	1411.8297203764	0.0000000000	13.9384670495	0.0000000000	Optimal	true	0.000000000
1	1.75	47	REALIZED	2003.1203516105	8	2|4|5|6|7|8|9|11	146569.6580753587	118932.0265123830	25151.9710369747	2485.6605260011	156.0639135876	106.6524939767	Optimal	true	0.000000000
1	1.75	47	CONDITIONAL_MEAN	2300.6242732980	9	1|2|3|4|5|7|8|9|10	133005.8367208838	130889.0666474077	2116.7700734762	0.0000000000	23.3660477269	0.0000000000	Optimal	true	0.000000000
1	1.75	48	REALIZED	1578.5885019964	6	2|4|5|7|8|9	96186.6999938319	87869.3865446130	8317.3134492189	0.0000000000	104.4723312781	0.0000000000	Optimal	true	0.000000000
1	1.75	48	CONDITIONAL_MEAN	1992.7556723381	8	1|2|3|4|5|8|9|10	112871.7612962665	110792.8390688267	2078.9222274399	0.0000000000	13.9942625925	0.0000000000	Optimal	true	0.000000000
1	1.75	49	REALIZED	2914.8067891298	9	0|1|2|3|4|5|7|8|9	169712.0059500253	157076.6153333072	12635.3906167180	0.0000000000	132.9575454911	0.0000000000	Optimal	true	0.000000000
1	1.75	49	CONDITIONAL_MEAN	2052.5280758736	8	1|2|3|4|5|8|9|10	115981.1136358892	112753.6713531527	3227.4422827366	0.0000000000	18.6846732238	0.0000000000	Optimal	true	0.000000000
1	1.75	50	REALIZED	1206.4118505530	5	2|3|4|5|6	77646.3448913628	64585.7997566836	9684.7111739773	3375.8339607018	79.3492360972	136.1018835866	Optimal	true	0.000000000
1	1.75	50	CONDITIONAL_MEAN	1302.9942922309	5	2|3|4|5|9	70028.1292725571	67331.9859364057	2696.1433361515	0.0000000000	24.1314620340	0.0000000000	Optimal	true	0.000000000
1	1.75	51	REALIZED	1892.0639310019	7	2|3|4|5|8|9|10	109002.1367601857	94640.4359280041	14361.7008321816	0.0000000000	138.0993790891	0.0000000000	Optimal	true	0.000000000
1	1.75	51	CONDITIONAL_MEAN	1902.0641462537	7	2|3|4|5|8|9|10	105764.8255116840	103773.2905227945	1991.5349888895	0.0000000000	20.1548994044	0.0000000000	Optimal	true	0.000000000
1	1.75	52	REALIZED	2103.0304090620	7	2|3|4|5|7|8|9	127668.9288609186	98736.5731111593	28291.5505969555	640.8051528037	277.0677483283	29.1916748783	Optimal	true	0.000000000
1	1.75	52	CONDITIONAL_MEAN	2103.1933452551	8	1|2|3|4|5|8|9|10	119308.3865434085	115147.9385885001	4160.4479549083	0.0000000000	26.9569628591	0.0000000000	Optimal	true	0.000000000
1	1.75	53	REALIZED	1712.1910516202	7	2|3|4|5|8|9|10	97830.1873855413	95758.9653211068	2071.2220644345	0.0000000000	23.4680370646	0.0000000000	Optimal	true	0.000000000
1	1.75	53	CONDITIONAL_MEAN	1709.7383004605	6	2|3|4|5|8|9	93913.1302259858	88371.9088532701	5541.2213727158	0.0000000000	65.2253656718	0.0000000000	Optimal	true	0.000000000
1	1.75	54	REALIZED	2111.1558260507	8	2|3|4|5|7|8|9|10	120118.4836527190	113660.8265397123	6457.6571130067	0.0000000000	47.4741517468	0.0000000000	Optimal	true	0.000000000
1	1.75	54	CONDITIONAL_MEAN	2186.7219667879	8	1|2|3|4|5|8|9|10	126145.5163591539	119556.8092438968	6588.7071152570	0.0000000000	44.4049170423	0.0000000000	Optimal	true	0.000000000
1	1.75	55	REALIZED	2261.9084604577	7	2|4|5|7|8|9|11	159367.9557986613	116013.9732291352	43353.9825695260	0.0000000000	333.1991600630	0.0000000000	Optimal	true	0.000000000
1	1.75	55	CONDITIONAL_MEAN	1919.8852899403	8	1|2|3|4|5|8|9|10	106391.2023634179	106352.3610387303	38.8413246877	0.0000000000	0.2147987948	0.0000000000	Optimal	true	0.000000000
1	1.75	56	REALIZED	1843.0766930689	7	2|3|4|5|8|9|10	101475.7040166187	95505.3138104627	5578.5512154318	391.8389907241	66.1827339488	15.8191958520	Optimal	true	0.000000000
1	1.75	56	CONDITIONAL_MEAN	1781.4425964069	7	2|3|4|5|8|9|10	98839.9738586592	97465.6831752325	1374.2906834268	0.0000000000	14.2860808675	0.0000000000	Optimal	true	0.000000000
1	1.75	57	REALIZED	2209.4823879578	8	0|2|3|4|5|7|8|9	134383.9272103485	119121.4928005928	15262.4344097558	0.0000000000	131.0502120555	0.0000000000	Optimal	true	0.000000000
1	1.75	57	CONDITIONAL_MEAN	2305.1303373494	9	1|2|3|4|5|7|8|9|10	133303.0019486828	131063.4915228885	2239.5104257944	0.0000000000	22.5805783869	0.0000000000	Optimal	true	0.000000000
1	1.75	58	REALIZED	2470.8536154467	9	1|2|3|4|5|7|8|9|10	143271.5136057716	140151.7996942456	3119.7139115258	0.0000000000	25.0170819706	0.0000000000	Optimal	true	0.000000000
1	1.75	58	CONDITIONAL_MEAN	2056.6425098321	8	1|2|3|4|5|8|9|10	117933.7274435206	113598.6172310391	4335.1102124815	0.0000000000	27.7405130243	0.0000000000	Optimal	true	0.000000000
1	1.75	59	REALIZED	2596.4205580216	9	1|2|3|4|5|6|8|9|10	145165.6925695385	129054.9762791206	16110.7162904180	0.0000000000	174.1201557090	0.0000000000	Optimal	true	0.000000000
1	1.75	59	CONDITIONAL_MEAN	2032.7147439874	8	1|2|3|4|5|8|9|10	114484.0344570369	113104.9761100774	1379.0583469596	0.0000000000	13.4653307443	0.0000000000	Optimal	true	0.000000000
2	1.50	0	REALIZED	3611.4939999280	9	0|2|3|4|5|6|7|8|11	274245.3295398837	194287.1573727820	79958.1721671019	0.0000000000	622.1624427323	0.0000000000	Optimal	true	0.000000000
2	1.50	0	CONDITIONAL_MEAN	2397.2324023671	9	0|3|4|5|7|8|9|10|11	146723.7326136312	142122.7529308107	4600.9796828206	0.0000000000	35.7824724893	0.0000000000	Optimal	true	0.000000000
2	1.50	1	REALIZED	2430.9316954605	9	2|3|4|5|6|7|8|10|11	152614.2016058582	144803.0728168270	7811.1287890313	0.0000000000	91.0235402367	0.0000000000	Optimal	true	0.000000000
2	1.50	1	CONDITIONAL_MEAN	1753.4834065132	7	0|3|4|5|7|8|10	102233.4994733750	101917.9687091475	315.5307642275	0.0000000000	3.6536318217	0.0000000000	Optimal	true	0.000000000
2	1.50	2	REALIZED	1357.6808819725	6	4|5|7|8|10|11	84752.4279573887	75595.5431837630	9156.8847736257	0.0000000000	85.4640569671	0.0000000000	Optimal	true	0.000000000
2	1.50	2	CONDITIONAL_MEAN	1665.0129352126	7	0|3|4|5|7|8|10	98400.5627729960	98400.5627729960	0.0000000000	0.0000000000	0.0000000000	0.0000000000	Optimal	true	0.000000000
2	1.50	3	REALIZED	1461.1830748516	7	1|3|4|7|8|10|11	87726.1073260431	80079.5282843784	6726.0741907806	920.5048508842	77.8833682314	46.2712911929	Optimal	true	0.000000000
2	1.50	3	CONDITIONAL_MEAN	1609.8972953246	6	0|3|4|7|8|10	95319.8064089020	92584.2143373868	2735.5920715152	0.0000000000	17.6334658239	0.0000000000	Optimal	true	0.000000000
2	1.50	4	REALIZED	1211.1578021565	6	1|3|4|7|8|10	72107.6886395993	70091.8607761052	733.6581219792	1282.1697415148	5.2867011106	64.4512078468	Optimal	true	0.000000000
2	1.50	4	CONDITIONAL_MEAN	1978.4115490021	7	3|4|6|7|8|10|11	118743.8635125973	116326.2365131150	2417.6269994821	0.0000000000	28.8293515851	0.0000000000	Optimal	true	0.000000000
2	1.50	5	REALIZED	1380.7286660329	6	3|4|5|7|8|10	80720.3649395822	79057.2843708384	1601.5451083866	61.5354603571	23.8885405825	2.9130245611	Optimal	true	0.000000000
2	1.50	5	CONDITIONAL_MEAN	1711.0664814597	7	0|3|4|7|8|10|11	99289.4857460185	98669.4484342891	620.0373117294	0.0000000000	3.2541154864	0.0000000000	Optimal	true	0.000000000
2	1.50	6	REALIZED	1393.3336785859	7	1|3|4|7|8|10|11	78952.1716347787	74437.2288604411	2797.8265022332	1717.1162721044	43.3299097256	86.3147944982	Optimal	true	0.000000000
2	1.50	6	CONDITIONAL_MEAN	1999.5227622628	8	0|3|4|5|7|8|10|11	118672.3296790247	116021.1827456191	2651.1469334056	0.0000000000	23.0208164187	0.0000000000	Optimal	true	0.000000000
2	1.50	7	REALIZED	1768.1126194092	8	0|3|4|5|6|7|8|11	111136.7239913868	107117.6206833509	4019.1033080359	0.0000000000	47.0775173818	0.0000000000	Optimal	true	0.000000000
2	1.50	7	CONDITIONAL_MEAN	1735.5713863043	7	0|3|4|7|8|10|11	101073.6665514042	99809.8030695652	1263.8634818390	0.0000000000	10.6102819398	0.0000000000	Optimal	true	0.000000000
2	1.50	8	REALIZED	1557.5809244778	7	0|3|4|7|8|10|11	94992.9572387080	93821.5072875735	1171.4499511345	0.0000000000	13.2704873412	0.0000000000	Optimal	true	0.000000000
2	1.50	8	CONDITIONAL_MEAN	1832.4156359977	7	0|3|4|5|7|8|10	108041.3521268012	107333.8142613409	707.5378654603	0.0000000000	6.5664216808	0.0000000000	Optimal	true	0.000000000
2	1.50	9	REALIZED	1508.9068379517	6	3|4|7|8|10|11	87062.2246315306	83593.4576508978	3468.7669806328	0.0000000000	26.5798335683	0.0000000000	Optimal	true	0.000000000
2	1.50	9	CONDITIONAL_MEAN	1720.5719540843	7	0|3|4|7|8|10|11	100984.8577485373	99042.1527435357	1942.7050050016	0.0000000000	14.2895772725	0.0000000000	Optimal	true	0.000000000
2	1.50	10	REALIZED	3189.5584792715	9	0|2|3|4|5|6|7|8|11	232990.6521311629	158749.4635259435	74241.1886052195	0.0000000000	583.4567590395	0.0000000000	Optimal	true	0.000000000
2	1.50	10	CONDITIONAL_MEAN	2120.2368784613	8	2|3|4|5|7|8|10|11	126872.3278695693	124060.6484747222	2811.6793948470	0.0000000000	34.2324425333	0.0000000000	Optimal	true	0.000000000
2	1.50	11	REALIZED	2222.8476104776	9	0|1|3|4|5|7|8|10|11	145687.4058743923	137217.2579595904	8101.6436693531	368.5042454488	83.3214433801	18.5237125373	Optimal	true	0.000000000
2	1.50	11	CONDITIONAL_MEAN	2067.5742603648	7	3|4|6|7|8|10|11	124728.3078612073	121134.5877454844	3593.7201157228	0.0000000000	40.4399158494	0.0000000000	Optimal	true	0.000000000
2	1.50	12	REALIZED	2506.7455976523	9	1|2|3|4|6|7|8|10|11	165368.3901734288	159972.1193384049	5396.2708350239	0.0000000000	54.4893375093	0.0000000000	Optimal	true	0.000000000
2	1.50	12	CONDITIONAL_MEAN	1807.6070244230	7	0|3|4|5|7|8|10	107012.6144064567	105612.6027822183	1400.0116242384	0.0000000000	16.2111831904	0.0000000000	Optimal	true	0.000000000
2	1.50	13	REALIZED	1705.5710863517	7	3|4|5|7|8|10|11	97342.9139716145	95259.1495653889	1804.8190350355	278.9453711901	17.2059450246	13.2049831554	Optimal	true	0.000000000
2	1.50	13	CONDITIONAL_MEAN	1696.0164395336	7	0|3|4|7|8|10|11	98479.4466078315	97833.7204438942	645.7261639373	0.0000000000	4.4044595520	0.0000000000	Optimal	true	0.000000000
2	1.50	14	REALIZED	2284.1181305583	9	0|1|2|3|4|6|7|8|10	144286.7283627874	137686.4968233674	6167.4952112719	432.7363281481	61.4502256409	21.7524857476	Optimal	true	0.000000000
2	1.50	14	CONDITIONAL_MEAN	2196.9743086883	8	2|3|4|5|7|8|10|11	133864.1393846577	128386.7386699847	5477.4007146729	0.0000000000	51.5767751945	0.0000000000	Optimal	true	0.000000000
2	1.50	15	REALIZED	1499.9946564360	6	2|3|4|7|8|11	83590.6570158284	75770.8835948776	7432.2813604323	387.4920605185	72.4876478821	21.9334624782	Optimal	true	0.000000000
2	1.50	15	CONDITIONAL_MEAN	2074.6969175190	8	2|3|4|5|7|8|10|11	123397.6117908828	120965.2993180912	2432.3124727916	0.0000000000	28.2570890314	0.0000000000	Optimal	true	0.000000000
2	1.50	16	REALIZED	2335.5925011205	9	0|1|3|4|7|8|9|10|11	145652.8305588141	132544.6122774276	12745.9552589378	362.2630224486	140.1988935668	17.8575095521	Optimal	true	0.000000000
2	1.50	16	CONDITIONAL_MEAN	1725.4516870397	7	0|3|4|5|7|8|10	102341.0536349828	101346.0731262808	994.9805087020	0.0000000000	11.5211981231	0.0000000000	Optimal	true	0.000000000
2	1.50	17	REALIZED	2535.0317996299	9	2|3|4|5|6|7|8|10|11	174707.9965315337	140797.7508054455	32668.3635338490	1241.8821922391	254.9253445605	70.2950569604	Optimal	true	0.000000000
2	1.50	17	CONDITIONAL_MEAN	2043.7776374596	8	0|3|4|5|7|8|10|11	120986.0503341989	118309.1339226690	2676.9164115299	0.0000000000	26.4688727879	0.0000000000	Optimal	true	0.000000000
2	1.50	18	REALIZED	2519.7751965447	9	0|2|3|5|6|7|8|9|10	168662.4740134519	162834.1884773856	5828.2855360664	0.0000000000	49.7262522023	0.0000000000	Optimal	true	0.000000000
2	1.50	18	CONDITIONAL_MEAN	1948.2095125789	8	0|3|4|5|7|8|10|11	116097.6431581315	114218.9457304078	1878.6974277238	0.0000000000	21.4699304503	0.0000000000	Optimal	true	0.000000000
2	1.50	19	REALIZED	1131.9831960341	5	2|3|4|7|8	66034.1700985015	52232.1792773033	12187.6535660527	1614.3372551454	101.2772806000	91.3773705854	Optimal	true	0.000000000
2	1.50	19	CONDITIONAL_MEAN	2037.4973454505	7	2|3|4|5|7|8|10	121647.6839578764	118352.3341430062	3295.3498148702	0.0000000000	31.3881031602	0.0000000000	Optimal	true	0.000000000
2	1.50	20	REALIZED	1487.3921506763	6	3|4|5|7|8|10	85629.7333855044	83143.3169096346	2486.4164758697	0.0000000000	39.0495946884	0.0000000000	Optimal	true	0.000000000
2	1.50	20	CONDITIONAL_MEAN	2060.7192039568	8	0|3|4|5|7|8|10|11	122351.0272339516	119389.4508613050	2961.5763726466	0.0000000000	30.9364424530	0.0000000000	Optimal	true	0.000000000
2	1.50	21	REALIZED	1747.9215919418	7	2|3|4|5|7|8|11	106625.9050651647	97967.6014259154	8584.8418577231	73.4617815263	82.7381945475	4.1582044972	Optimal	true	0.000000000
2	1.50	21	CONDITIONAL_MEAN	1820.9507378082	7	0|3|4|5|7|8|10	108784.9278138324	106819.4370805870	1965.4907332454	0.0000000000	22.5695973063	0.0000000000	Optimal	true	0.000000000
2	1.50	22	REALIZED	1581.5041227212	7	0|3|4|6|7|8|11	93280.3008769068	91243.6233259050	2036.6775510018	0.0000000000	22.2221883185	0.0000000000	Optimal	true	0.000000000
2	1.50	22	CONDITIONAL_MEAN	2007.2111951425	8	0|3|4|5|7|8|10|11	120403.2897220845	117636.8499930668	2766.4397290177	0.0000000000	29.6971415198	0.0000000000	Optimal	true	0.000000000
2	1.50	23	REALIZED	3057.4007287996	9	0|2|3|4|6|7|8|9|10	237360.7519087866	156636.4651123914	80724.2867963951	0.0000000000	541.4912610846	0.0000000000	Optimal	true	0.000000000
2	1.50	23	CONDITIONAL_MEAN	1882.5371009968	7	3|4|6|7|8|10|11	111866.9821712064	110358.2276467921	1508.7545244143	0.0000000000	19.4131908142	0.0000000000	Optimal	true	0.000000000
2	1.50	24	REALIZED	2296.6923545127	9	1|2|3|4|5|6|7|8|11	153010.4363687596	127383.7421300754	24158.3762124408	1468.3180262434	183.1385138368	73.8083790551	Optimal	true	0.000000000
2	1.50	24	CONDITIONAL_MEAN	2233.3920477079	8	2|3|4|5|7|8|10|11	135099.9334527830	129707.2433355374	5392.6901172456	0.0000000000	49.4981668765	0.0000000000	Optimal	true	0.000000000
2	1.50	25	REALIZED	1377.7913031333	5	2|3|4|7|8	76138.3238016993	71920.0156156506	4218.3081860487	0.0000000000	53.0411958495	0.0000000000	Optimal	true	0.000000000
2	1.50	25	CONDITIONAL_MEAN	1490.1854711008	6	0|3|4|7|8|10	87240.8138748700	86021.7760256772	1219.0378491929	0.0000000000	6.3978245640	0.0000000000	Optimal	true	0.000000000
2	1.50	26	REALIZED	1646.6809086155	7	3|4|6|7|8|10|11	99387.4773079109	92552.1206421842	6835.3566657268	0.0000000000	74.9812842965	0.0000000000	Optimal	true	0.000000000
2	1.50	26	CONDITIONAL_MEAN	1894.0612794603	7	0|3|4|5|7|8|10	111925.3526533790	110443.6915281267	1481.6611252523	0.0000000000	17.1652865317	0.0000000000	Optimal	true	0.000000000
2	1.50	27	REALIZED	2443.8948877520	9	0|3|4|5|7|8|9|10|11	159416.4237940726	138588.0758354426	20828.3479586300	0.0000000000	186.9806108090	0.0000000000	Optimal	true	0.000000000
2	1.50	27	CONDITIONAL_MEAN	1957.2379987707	8	0|3|4|5|7|8|10|11	115523.7192573859	113632.8456479595	1890.8736094265	0.0000000000	21.8950313994	0.0000000000	Optimal	true	0.000000000
2	1.50	28	REALIZED	1467.2059596445	7	0|1|3|4|7|8|11	94767.9945696261	86608.1724619065	7818.3775957404	341.4445119792	79.2626753004	17.1634928646	Optimal	true	0.000000000
2	1.50	28	CONDITIONAL_MEAN	1700.3559044631	7	0|3|4|5|7|8|10	100853.2862332525	100097.8569054114	755.4293278411	0.0000000000	8.7473582426	0.0000000000	Optimal	true	0.000000000
2	1.50	29	REALIZED	1310.0646998038	6	0|3|4|7|8|11	78184.8200165433	74759.5858264613	3425.2341900820	0.0000000000	39.9469395576	0.0000000000	Optimal	true	0.000000000
2	1.50	29	CONDITIONAL_MEAN	1719.4371656879	7	0|3|4|5|7|8|10	101993.7720860335	101667.7145654780	326.0575205556	0.0000000000	3.7755245062	0.0000000000	Optimal	true	0.000000000
2	1.50	30	REALIZED	1475.5871976126	6	3|4|7|8|10|11	84156.6332039930	80815.8689370087	3340.7642669842	0.0000000000	27.8901598542	0.0000000000	Optimal	true	0.000000000
2	1.50	30	CONDITIONAL_MEAN	1554.8591224181	6	0|3|4|7|8|10	90714.4383424749	89452.1426950653	1262.2956474096	0.0000000000	7.2846704816	0.0000000000	Optimal	true	0.000000000
2	1.50	31	REALIZED	1979.2644113775	8	0|3|4|6|7|8|10|11	117551.2539771269	113653.4140836865	3897.8398934404	0.0000000000	45.1601985839	0.0000000000	Optimal	true	0.000000000
2	1.50	31	CONDITIONAL_MEAN	2103.5048144647	8	2|3|4|5|7|8|10|11	125526.0497211869	122755.6693741691	2770.3803470177	0.0000000000	31.3453097207	0.0000000000	Optimal	true	0.000000000
2	1.50	32	REALIZED	1743.1323514605	7	1|2|3|4|7|8|11	98223.5599351690	89242.5441706971	8044.7313099540	936.2844545179	93.3464277354	48.9974592018	Optimal	true	0.000000000
2	1.50	32	CONDITIONAL_MEAN	2133.8006131115	8	2|3|4|5|7|8|10|11	126645.3262620930	123678.5997698003	2966.7264922926	0.0000000000	34.7574616717	0.0000000000	Optimal	true	0.000000000
2	1.50	33	REALIZED	3036.7886453890	9	0|2|3|4|6|7|8|9|10	220524.5363936906	175791.4059630974	44733.1304305932	0.0000000000	312.1364457880	0.0000000000	Optimal	true	0.000000000
2	1.50	33	CONDITIONAL_MEAN	2506.7899980638	9	0|2|3|4|5|7|8|10|11	153824.1901247021	146420.5776704442	7403.6124542579	0.0000000000	65.2148548400	0.0000000000	Optimal	true	0.000000000
2	1.50	34	REALIZED	1965.8712483054	8	0|2|3|4|5|7|8|11	119442.6946132492	109987.3671971001	9455.3274161490	0.0000000000	106.3822719004	0.0000000000	Optimal	true	0.000000000
2	1.50	34	CONDITIONAL_MEAN	1819.6315023850	7	0|3|4|5|7|8|10	107716.5002653333	105713.8490303580	2002.6512349753	0.0000000000	22.9002988716	0.0000000000	Optimal	true	0.000000000
2	1.50	35	REALIZED	1806.0337180011	7	1|2|3|4|7|8|11	111778.8115823707	94415.6448659970	16390.4856432432	972.6810731305	134.8946156133	48.8940488792	Optimal	true	0.000000000
2	1.50	35	CONDITIONAL_MEAN	1813.2070550759	7	0|3|4|5|7|8|10	108840.0769902166	106799.2749558104	2040.8020344062	0.0000000000	21.8924697278	0.0000000000	Optimal	true	0.000000000
2	1.50	36	REALIZED	2163.2664117188	8	0|2|3|4|5|7|8|11	130075.1526948365	123971.5253860696	6034.2822845769	69.3450241899	69.9952490802	3.9251810323	Optimal	true	0.000000000
2	1.50	36	CONDITIONAL_MEAN	2042.9585363271	7	3|4|6|7|8|10|11	123303.3998537036	120052.8961370428	3250.5037166608	0.0000000000	37.0766618575	0.0000000000	Optimal	true	0.000000000
2	1.50	37	REALIZED	1710.7230881786	9	0|1|3|4|5|7|8|10|11	116831.3688512560	114782.9891173485	1102.7606898453	945.6190440622	9.9870226535	47.5337138130	Optimal	true	0.000000000
2	1.50	37	CONDITIONAL_MEAN	2259.3453133837	8	2|3|4|5|7|8|10|11	137583.3250016346	131532.8022241445	6050.5227774901	0.0000000000	57.3146525275	0.0000000000	Optimal	true	0.000000000
2	1.50	38	REALIZED	2665.2967339649	9	2|3|4|5|7|8|9|10|11	167892.3690823315	135358.0785969300	32534.2904854015	0.0000000000	369.1274065694	0.0000000000	Optimal	true	0.000000000
2	1.50	38	CONDITIONAL_MEAN	2405.5904957311	9	0|3|4|5|6|7|8|10|11	148358.8401537913	142709.6117404922	5649.2284132991	0.0000000000	57.9065255317	0.0000000000	Optimal	true	0.000000000
2	1.50	39	REALIZED	1197.9759276256	5	3|4|7|8|10	67454.5235500903	63519.0550565468	3935.4684935436	0.0000000000	42.0794624388	0.0000000000	Optimal	true	0.000000000
2	1.50	39	CONDITIONAL_MEAN	2004.2647975987	8	0|3|4|5|7|8|10|11	119783.9358783123	117165.8297103599	2618.1061679524	0.0000000000	29.4931679951	0.0000000000	Optimal	true	0.000000000
2	1.50	40	REALIZED	1406.1750953206	6	0|3|4|7|8|10	83177.5490571126	81616.8101187470	1560.7389383656	0.0000000000	11.8078044943	0.0000000000	Optimal	true	0.000000000
2	1.50	40	CONDITIONAL_MEAN	1785.0538088317	7	0|3|4|5|7|8|10	105179.5333005718	104727.8082894355	451.7250111363	0.0000000000	5.2306686462	0.0000000000	Optimal	true	0.000000000
2	1.50	41	REALIZED	1874.5537212120	7	2|3|4|5|7|8|11	118294.4850241039	115609.1365222365	2685.3485018674	0.0000000000	17.4581591694	0.0000000000	Optimal	true	0.000000000
2	1.50	41	CONDITIONAL_MEAN	1928.5781161004	7	3|4|6|7|8|10|11	115481.7859762764	113520.0783717237	1961.7076045527	0.0000000000	23.1099074320	0.0000000000	Optimal	true	0.000000000
2	1.50	42	REALIZED	1908.0222897924	8	1|3|4|5|6|7|8|10	125645.1574491696	107789.3137328644	16832.3895251785	1023.4541911268	170.2032115707	51.4462763067	Optimal	true	0.000000000
2	1.50	42	CONDITIONAL_MEAN	1662.2632740700	7	0|3|4|5|7|8|10	99250.6432515598	98801.8190360024	448.8242155575	0.0000000000	5.1970794047	0.0000000000	Optimal	true	0.000000000
2	1.50	43	REALIZED	1707.5304240840	7	0|2|3|4|5|7|8	101255.3080865492	99331.0320656696	1924.2760208796	0.0000000000	22.3031378516	0.0000000000	Optimal	true	0.000000000
2	1.50	43	CONDITIONAL_MEAN	2010.5815037082	7	3|4|6|7|8|10|11	120926.4770401745	117924.8811874883	3001.5958526861	0.0000000000	35.6751660500	0.0000000000	Optimal	true	0.000000000
2	1.50	44	REALIZED	1284.6084529969	5	0|3|4|7|8	78111.7999994336	59004.5615668838	19107.2384325498	0.0000000000	208.7785284643	0.0000000000	Optimal	true	0.000000000
2	1.50	44	CONDITIONAL_MEAN	1770.9228636390	7	0|3|4|5|7|8|10	103548.6992443841	102656.7942937121	891.9049506720	0.0000000000	10.3276532090	0.0000000000	Optimal	true	0.000000000
2	1.50	45	REALIZED	2476.0813569468	9	0|2|3|4|6|7|8|9|10	180226.8569735782	148016.2876814920	32210.5692920864	0.0000000000	187.0640992737	0.0000000000	Optimal	true	0.000000000
2	1.50	45	CONDITIONAL_MEAN	2262.1411189482	8	2|3|4|5|7|8|10|11	137831.5675012857	131740.8936547232	6090.6738465624	0.0000000000	58.2289759063	0.0000000000	Optimal	true	0.000000000
2	1.50	46	REALIZED	2600.8449274074	9	0|2|3|4|6|7|8|10|11	172462.3787687417	147603.3207089453	24859.0580597965	0.0000000000	227.3645905006	0.0000000000	Optimal	true	0.000000000
2	1.50	46	CONDITIONAL_MEAN	2284.7074524902	8	2|3|4|5|7|8|10|11	138196.4689002255	132282.1206916064	5914.3482086191	0.0000000000	57.4749540123	0.0000000000	Optimal	true	0.000000000
2	1.50	47	REALIZED	2835.1511296850	9	0|2|3|4|6|7|8|9|10	200935.8218081863	152171.8119843308	48764.0098238553	0.0000000000	390.4726551094	0.0000000000	Optimal	true	0.000000000
2	1.50	47	CONDITIONAL_MEAN	2445.3584835907	9	0|2|3|4|5|7|8|10|11	150644.8524849927	143088.9490777177	7555.9034072750	0.0000000000	64.7422722582	0.0000000000	Optimal	true	0.000000000
2	1.50	48	REALIZED	2213.9640633720	9	0|2|3|4|6|7|8|9|10	147843.2450046277	137785.6310767055	9435.0419325548	622.5719953672	73.9394471715	30.1938730542	Optimal	true	0.000000000
2	1.50	48	CONDITIONAL_MEAN	2290.0091279619	8	2|3|4|5|7|8|10|11	140425.9178987145	132834.3812033503	7591.5366953641	0.0000000000	67.6321542537	0.0000000000	Optimal	true	0.000000000
2	1.50	49	REALIZED	1517.8431830953	6	3|4|7|8|10|11	90928.5909367077	85499.9673678553	5428.6235688524	0.0000000000	57.5793715701	0.0000000000	Optimal	true	0.000000000
2	1.50	49	CONDITIONAL_MEAN	1980.5206644930	7	3|4|6|7|8|10|11	119325.4302823058	116262.1535303885	3063.2767519172	0.0000000000	36.7226180437	0.0000000000	Optimal	true	0.000000000
2	1.50	50	REALIZED	2355.0781502131	9	1|2|3|4|5|6|7|8|11	147926.4700484740	130374.0843687073	16600.0780999597	952.3075798070	184.2113413381	47.8699284291	Optimal	true	0.000000000
2	1.50	50	CONDITIONAL_MEAN	2226.3936275310	9	0|1|3|4|7|8|9|10|11	136766.4011286281	135285.9413039194	703.2391879090	777.2206367996	3.6907803591	39.0687809759	Optimal	true	0.000000000
2	1.50	51	REALIZED	1791.0619356045	6	2|3|4|7|8|11	104258.8079094765	86994.2611497851	17264.5467596914	0.0000000000	191.6222298001	0.0000000000	Optimal	true	0.000000000
2	1.50	51	CONDITIONAL_MEAN	2356.3919921652	9	0|3|4|5|7|8|9|10|11	144748.9968814094	140060.2113234770	4688.7855579324	0.0000000000	35.5227779842	0.0000000000	Optimal	true	0.000000000
2	1.50	52	REALIZED	1502.5483073052	6	0|3|4|7|8|11	87411.8121128264	80797.4028284724	6614.4092843539	0.0000000000	63.6266749370	0.0000000000	Optimal	true	0.000000000
2	1.50	52	CONDITIONAL_MEAN	2104.5070827904	7	3|4|6|7|8|10|11	127079.7952494669	123548.1130386313	3531.6822108356	0.0000000000	43.2467504857	0.0000000000	Optimal	true	0.000000000
2	1.50	53	REALIZED	1682.4584537135	7	3|4|5|6|7|8|11	104933.5808523291	98921.0534071529	5962.0468430881	50.4806020881	49.3940292883	1.8825792920	Optimal	true	0.000000000
2	1.50	53	CONDITIONAL_MEAN	1782.9974709849	7	0|3|4|5|7|8|10	105507.2204546175	104249.9434644949	1257.2769901225	0.0000000000	14.2007871186	0.0000000000	Optimal	true	0.000000000
2	1.50	54	REALIZED	2455.0607486338	9	1|2|3|4|5|6|7|8|11	166431.1672807333	131761.3544787534	33601.9840272307	1067.8287747492	237.9031975307	53.6768667032	Optimal	true	0.000000000
2	1.50	54	CONDITIONAL_MEAN	2192.9328673309	8	2|3|4|5|7|8|10|11	132732.2927105298	128066.4496869685	4665.8430235612	0.0000000000	47.5348822526	0.0000000000	Optimal	true	0.000000000
2	1.50	55	REALIZED	1660.5183922833	7	0|3|4|5|7|8|10	101473.7434724510	99600.3204734712	1873.4229989797	0.0000000000	36.4531064745	0.0000000000	Optimal	true	0.000000000
2	1.50	55	CONDITIONAL_MEAN	1328.7154174018	6	0|3|4|7|8|11	76050.5859529452	73957.1619468308	2093.4240061144	0.0000000000	23.8221753422	0.0000000000	Optimal	true	0.000000000
2	1.50	56	REALIZED	936.5501392785	5	4|7|8|10|11	55576.0027627707	53160.1785499920	1205.3109513198	1210.5132614589	10.9276001759	38.6668603924	Optimal	true	0.000000000
2	1.50	56	CONDITIONAL_MEAN	1373.4778382175	6	3|4|7|8|10|11	78066.5541779207	78011.7101196300	54.8440582908	0.0000000000	0.4016749637	0.0000000000	Optimal	true	0.000000000
2	1.50	57	REALIZED	1090.6596361857	5	4|7|8|10|11	60295.1248774039	56038.2197888207	3616.4481364883	640.4569520949	37.2564258280	20.4578176402	Optimal	true	0.000000000
2	1.50	57	CONDITIONAL_MEAN	1856.9046882025	7	0|3|4|5|7|8|10	110140.1774051910	109326.5031879412	813.6742172498	0.0000000000	9.2620600842	0.0000000000	Optimal	true	0.000000000
2	1.50	58	REALIZED	2223.8696323038	9	0|2|3|4|6|7|8|9|11	143324.2653256816	137059.0457764677	5907.4670085646	357.7525406494	38.0989883394	17.3504990227	Optimal	true	0.000000000
2	1.50	58	CONDITIONAL_MEAN	1745.3639841550	7	0|3|4|5|7|8|10	102714.5566664943	102584.0235510262	130.5331154680	0.0000000000	0.8418463678	0.0000000000	Optimal	true	0.000000000
2	1.50	59	REALIZED	1575.9758680858	7	3|4|5|7|8|10|11	91020.1608162174	89408.3699700758	1194.6022943997	417.1885517419	14.2194566015	19.7492712457	Optimal	true	0.000000000
2	1.50	59	CONDITIONAL_MEAN	2199.7162539036	8	2|3|4|5|7|8|10|11	133782.1750159136	128361.5130487245	5420.6619671890	0.0000000000	48.6805360408	0.0000000000	Optimal	true	0.000000000
2	1.60	0	REALIZED	3611.4939999280	9	0|2|3|4|5|6|7|8|11	274245.3295398837	194287.1573727820	79958.1721671019	0.0000000000	622.1624427323	0.0000000000	Optimal	true	0.000000000
2	1.60	0	CONDITIONAL_MEAN	2397.2324023671	9	0|3|4|5|7|8|9|10|11	147682.6807453704	142963.9137169770	4600.9796828206	117.7873455728	35.7824724893	5.7125219028	Optimal	true	0.000000000
2	1.60	1	REALIZED	2430.9316954605	8	2|3|4|5|6|7|8|10	153375.9017626820	145559.9514930428	7815.9502696392	0.0000000000	91.0572750439	0.0000000000	Optimal	true	0.000000000
2	1.60	1	CONDITIONAL_MEAN	1753.4834065132	7	0|3|4|7|8|10|11	102738.4898742405	101464.1480831853	1274.3417910552	0.0000000000	8.6857190073	0.0000000000	Optimal	true	0.000000000
2	1.60	2	REALIZED	1357.6808819725	6	4|5|7|8|10|11	85748.0139587648	75741.5267202165	9156.8847736257	849.6024649226	85.4640569671	40.2192952340	Optimal	true	0.000000000
2	1.60	2	CONDITIONAL_MEAN	1665.0129352126	6	0|3|4|7|8|10	98870.1533181527	95733.9057477480	3136.2475704047	0.0000000000	19.7579933463	0.0000000000	Optimal	true	0.000000000
2	1.60	3	REALIZED	1461.1830748516	7	1|3|4|7|8|10|11	88609.5937685804	80716.3945063467	6726.0741907806	1167.1250714531	77.8833682314	58.6682231906	Optimal	true	0.000000000
2	1.60	3	CONDITIONAL_MEAN	1609.8972953246	6	0|3|4|7|8|10	95636.7231097927	92901.1310382775	2735.5920715152	0.0000000000	17.6334658239	0.0000000000	Optimal	true	0.000000000
2	1.60	4	REALIZED	1211.1578021565	6	1|3|4|7|8|10	72790.7037497369	70504.0576378897	733.6581219792	1552.9879898679	5.2867011106	78.0645093062	Optimal	true	0.000000000
2	1.60	4	CONDITIONAL_MEAN	1978.4115490021	7	3|4|6|7|8|10|11	119183.9243999610	116766.2974004788	2417.6269994821	0.0000000000	28.8293515851	0.0000000000	Optimal	true	0.000000000
2	1.60	5	REALIZED	1380.7286660329	6	3|4|5|7|8|10	81408.5219621279	79296.2662397383	1601.5451083866	510.7106140029	23.8885405825	24.1765082045	Optimal	true	0.000000000
2	1.60	5	CONDITIONAL_MEAN	1711.0664814597	7	0|3|4|7|8|10|11	99844.2903550154	99224.2530432861	620.0373117294	0.0000000000	3.2541154864	0.0000000000	Optimal	true	0.000000000
2	1.60	6	REALIZED	1393.3336785859	7	1|3|4|7|8|10|11	79941.8736693424	75218.3663837507	2797.8265022332	1925.6807833586	43.3299097256	96.7987688341	Optimal	true	0.000000000
2	1.60	6	CONDITIONAL_MEAN	1999.5227622628	8	0|3|4|5|7|8|10|11	119333.8504519616	116682.7035185559	2651.1469334056	0.0000000000	23.0208164187	0.0000000000	Optimal	true	0.000000000
2	1.60	7	REALIZED	1768.1126194092	8	0|1|3|4|6|7|8|11	112142.7446319720	108000.4542295416	3122.0761466317	1020.2142557987	35.7004746444	51.2834135137	Optimal	true	0.000000000
2	1.60	7	CONDITIONAL_MEAN	1735.5713863043	7	0|3|4|7|8|10|11	101589.0604005577	100325.1969187187	1263.8634818390	0.0000000000	10.6102819398	0.0000000000	Optimal	true	0.000000000
2	1.60	8	REALIZED	1557.5809244778	7	0|3|4|7|8|10|11	95796.8671668737	94625.4172157393	1171.4499511345	0.0000000000	13.2704873412	0.0000000000	Optimal	true	0.000000000
2	1.60	8	CONDITIONAL_MEAN	1832.4156359977	7	0|3|4|5|7|8|10	108354.3891243049	107646.8512588446	707.5378654603	0.0000000000	6.5664216808	0.0000000000	Optimal	true	0.000000000
2	1.60	9	REALIZED	1508.9068379517	6	3|4|7|8|10|11	87473.2450208784	84004.4780402456	3468.7669806328	0.0000000000	26.5798335683	0.0000000000	Optimal	true	0.000000000
2	1.60	9	CONDITIONAL_MEAN	1720.5719540843	7	0|3|4|7|8|10|11	101530.8063471714	99588.1013421698	1942.7050050016	0.0000000000	14.2895772725	0.0000000000	Optimal	true	0.000000000
2	1.60	10	REALIZED	3189.5584792715	9	0|2|3|4|5|6|7|8|11	233265.8193977879	159024.6307925684	74241.1886052195	0.0000000000	583.4567590395	0.0000000000	Optimal	true	0.000000000
2	1.60	10	CONDITIONAL_MEAN	2120.2368784613	7	2|3|4|5|7|8|10	127642.5124841566	123444.5042197608	4198.0082643958	0.0000000000	44.8993770520	0.0000000000	Optimal	true	0.000000000
2	1.60	11	REALIZED	2222.8476104776	9	0|1|3|4|5|7|8|10|11	146573.8736182626	137592.7892243349	8101.6436693531	879.4407245745	83.3214433801	44.2071085390	Optimal	true	0.000000000
2	1.60	11	CONDITIONAL_MEAN	2067.5742603648	7	3|4|6|7|8|10|11	124952.9454458757	121359.2253301527	3593.7201157228	0.0000000000	40.4399158494	0.0000000000	Optimal	true	0.000000000
2	1.60	12	REALIZED	2506.7455976523	9	1|2|3|4|6|7|8|10|11	165656.0858681971	160259.8150331732	5396.2708350239	0.0000000000	54.4893375093	0.0000000000	Optimal	true	0.000000000
2	1.60	12	CONDITIONAL_MEAN	1807.6070244230	7	0|3|4|5|7|8|10	107562.0466573039	106162.0350330655	1400.0116242384	0.0000000000	16.2111831904	0.0000000000	Optimal	true	0.000000000
2	1.60	13	REALIZED	1705.5710863517	7	3|4|5|7|8|10|11	98072.4473765600	95614.2050541609	1804.8190350355	653.4232873635	17.2059450246	30.9323774263	Optimal	true	0.000000000
2	1.60	13	CONDITIONAL_MEAN	1696.0164395336	7	0|3|4|7|8|10|11	99047.0982902339	98401.3721262966	645.7261639373	0.0000000000	4.4044595520	0.0000000000	Optimal	true	0.000000000
2	1.60	14	REALIZED	2284.1181305583	9	0|1|2|3|4|6|7|8|10	145276.8470473361	137981.6286418317	6167.4952112719	1127.7231942324	61.4502256409	56.6875973062	Optimal	true	0.000000000
2	1.60	14	CONDITIONAL_MEAN	2196.9743086883	8	2|3|4|5|7|8|10|11	134658.6503781024	129181.2496634295	5477.4007146729	0.0000000000	51.5767751945	0.0000000000	Optimal	true	0.000000000
2	1.60	15	REALIZED	1499.9946564360	6	2|3|4|7|8|11	84143.4267036702	75990.1339775856	7432.2813604323	721.0113656523	72.4876478821	40.8118703484	Optimal	true	0.000000000
2	1.60	15	CONDITIONAL_MEAN	2074.6969175190	7	2|3|4|5|7|8|10	124122.0423463368	120250.0557071249	3871.9866392118	0.0000000000	39.3833686796	0.0000000000	Optimal	true	0.000000000
2	1.60	16	REALIZED	2335.5925011205	9	0|1|3|4|7|8|9|10|11	146814.8621702818	132855.9428290711	12745.9552589378	1212.9640822728	140.1988935668	59.4842104727	Optimal	true	0.000000000
2	1.60	16	CONDITIONAL_MEAN	1725.4516870397	7	0|3|4|5|7|8|10	103035.4595552308	102040.4790465288	994.9805087020	0.0000000000	11.5211981231	0.0000000000	Optimal	true	0.000000000
2	1.60	17	REALIZED	2535.0317996299	8	3|4|5|6|7|8|10|11	175513.4235773952	137364.9316107069	38148.4919666882	0.0000000000	301.6867654389	0.0000000000	Optimal	true	0.000000000
2	1.60	17	CONDITIONAL_MEAN	2043.7776374596	8	0|3|4|5|7|8|10|11	121586.9953218545	118910.0789103247	2676.9164115299	0.0000000000	26.4688727879	0.0000000000	Optimal	true	0.000000000
2	1.60	18	REALIZED	2519.7751965447	9	0|2|3|5|6|7|8|9|10	169378.2791209027	163246.9607455771	5828.2855360664	303.0328392593	49.7262522023	14.6966698598	Optimal	true	0.000000000
2	1.60	18	CONDITIONAL_MEAN	1948.2095125789	8	0|3|4|5|7|8|10|11	116839.2428644085	114960.5454366847	1878.6974277238	0.0000000000	21.4699304503	0.0000000000	Optimal	true	0.000000000
2	1.60	19	REALIZED	1131.9831960341	5	2|3|4|7|8	66594.4957784920	52233.7052690396	12187.6535660527	2173.1369433997	101.2772806000	123.0074689641	Optimal	true	0.000000000
2	1.60	19	CONDITIONAL_MEAN	2037.4973454505	7	2|3|4|5|7|8|10	122096.8862758522	118801.5364609821	3295.3498148702	0.0000000000	31.3881031602	0.0000000000	Optimal	true	0.000000000
2	1.60	20	REALIZED	1487.3921506763	6	3|4|5|7|8|10	86220.2000276701	83733.7835518004	2486.4164758697	0.0000000000	39.0495946884	0.0000000000	Optimal	true	0.000000000
2	1.60	20	CONDITIONAL_MEAN	2060.7192039568	8	0|3|4|5|7|8|10|11	122954.5122939832	119992.9359213365	2961.5763726466	0.0000000000	30.9364424530	0.0000000000	Optimal	true	0.000000000
2	1.60	21	REALIZED	1747.9215919418	7	2|3|4|5|7|8|11	107484.4793501547	98492.6564057715	8584.8418577231	406.9810866600	82.7381945475	23.0366123674	Optimal	true	0.000000000
2	1.60	21	CONDITIONAL_MEAN	1820.9507378082	7	0|3|4|5|7|8|10	109317.8357897913	107352.3450565459	1965.4907332454	0.0000000000	22.5695973063	0.0000000000	Optimal	true	0.000000000
2	1.60	22	REALIZED	1581.5041227212	7	0|3|4|6|7|8|11	94037.2627812904	92000.5852302885	2036.6775510018	0.0000000000	22.2221883185	0.0000000000	Optimal	true	0.000000000
2	1.60	22	CONDITIONAL_MEAN	2007.2111951425	7	3|4|6|7|8|10|11	120962.3038805577	117963.1831645022	2999.1207160554	0.0000000000	36.8393403012	0.0000000000	Optimal	true	0.000000000
2	1.60	23	REALIZED	3057.4007287996	9	0|2|3|4|6|7|8|10|11	237972.5661303690	151679.3268915863	86293.2392387826	0.0000000000	594.2934888335	0.0000000000	Optimal	true	0.000000000
2	1.60	23	CONDITIONAL_MEAN	1882.5371009968	7	3|4|6|7|8|10|11	112471.9011601396	110963.1466357252	1508.7545244143	0.0000000000	19.4131908142	0.0000000000	Optimal	true	0.000000000
2	1.60	24	REALIZED	2296.6923545127	8	2|3|4|5|6|7|8|11	154216.3398084850	124089.2512250910	30055.3926907444	71.6958926495	215.7760040850	3.3940088366	Optimal	true	0.000000000
2	1.60	24	CONDITIONAL_MEAN	2233.3920477079	8	2|3|4|5|7|8|10|11	135831.3124093077	130438.6222920620	5392.6901172456	0.0000000000	49.4981668765	0.0000000000	Optimal	true	0.000000000
2	1.60	25	REALIZED	1377.7913031333	5	2|3|4|7|8	76335.9784930140	72117.6703069652	4218.3081860487	0.0000000000	53.0411958495	0.0000000000	Optimal	true	0.000000000
2	1.60	25	CONDITIONAL_MEAN	1490.1854711008	6	0|3|4|7|8|10	87701.9840788372	86482.9462296443	1219.0378491929	0.0000000000	6.3978245640	0.0000000000	Optimal	true	0.000000000
2	1.60	26	REALIZED	1646.6809086155	7	3|4|6|7|8|10|11	100465.8134367845	92786.2131423707	6835.3566657268	844.2436286870	74.9812842965	31.4844813063	Optimal	true	0.000000000
2	1.60	26	CONDITIONAL_MEAN	1894.0612794603	7	0|3|4|5|7|8|10	112219.5024040707	110737.8412788184	1481.6611252523	0.0000000000	17.1652865317	0.0000000000	Optimal	true	0.000000000
2	1.60	27	REALIZED	2443.8948877520	9	0|3|4|5|7|8|9|10|11	160155.4203875627	139318.2960293147	20828.3479586300	8.7763996181	186.9806108090	0.4256431351	Optimal	true	0.000000000
2	1.60	27	CONDITIONAL_MEAN	1957.2379987707	8	0|3|4|5|7|8|10|11	116259.5797596566	114368.7061502301	1890.8736094265	0.0000000000	21.8950313994	0.0000000000	Optimal	true	0.000000000
2	1.60	28	REALIZED	1467.2059596445	7	0|1|3|4|7|8|11	95505.9670846699	87137.5804656962	7818.3775957404	550.0090232334	79.2626753004	27.6474672005	Optimal	true	0.000000000
2	1.60	28	CONDITIONAL_MEAN	1700.3559044631	7	0|3|4|5|7|8|10	101561.5620784860	100806.1327506448	755.4293278411	0.0000000000	8.7473582426	0.0000000000	Optimal	true	0.000000000
2	1.60	29	REALIZED	1310.0646998038	6	0|3|4|7|8|11	78760.2025951020	75334.9684050201	3425.2341900820	0.0000000000	39.9469395576	0.0000000000	Optimal	true	0.000000000
2	1.60	29	CONDITIONAL_MEAN	1719.4371656879	7	0|3|4|5|7|8|10	102688.4954326470	102362.4379120914	326.0575205556	0.0000000000	3.7755245062	0.0000000000	Optimal	true	0.000000000
2	1.60	30	REALIZED	1475.5871976126	6	3|4|7|8|10|11	84460.2062431438	81119.4419761595	3340.7642669842	0.0000000000	27.8901598542	0.0000000000	Optimal	true	0.000000000
2	1.60	30	CONDITIONAL_MEAN	1554.8591224181	6	0|3|4|7|8|10	91098.2148866235	89835.9192392139	1262.2956474096	0.0000000000	7.2846704816	0.0000000000	Optimal	true	0.000000000
2	1.60	31	REALIZED	1979.2644113775	7	0|2|3|4|7|8|11	118261.8792093933	108939.9385057977	9321.9407035956	0.0000000000	97.3077152739	0.0000000000	Optimal	true	0.000000000
2	1.60	31	CONDITIONAL_MEAN	2103.5048144647	7	2|3|4|5|7|8|10	126286.5598645860	122142.7711825846	4143.7886820013	0.0000000000	41.9532793640	0.0000000000	Optimal	true	0.000000000
2	1.60	32	REALIZED	1743.1323514605	7	1|2|3|4|7|8|11	98932.0057061804	89132.1272705838	8044.7313099540	1755.1471256426	93.3464277354	92.2727664416	Optimal	true	0.000000000
2	1.60	32	CONDITIONAL_MEAN	2133.8006131115	8	2|3|4|5|7|8|10|11	127462.7146013397	124495.9881090471	2966.7264922926	0.0000000000	34.7574616717	0.0000000000	Optimal	true	0.000000000
2	1.60	33	REALIZED	3036.7886453890	9	0|2|3|4|6|7|8|9|10	220671.1698540429	175938.0394234496	44733.1304305932	0.0000000000	312.1364457880	0.0000000000	Optimal	true	0.000000000
2	1.60	33	CONDITIONAL_MEAN	2506.7899980638	9	0|2|3|4|5|7|8|10|11	154611.0448649446	147207.4324106867	7403.6124542579	0.0000000000	65.2148548400	0.0000000000	Optimal	true	0.000000000
2	1.60	34	REALIZED	1965.8712483054	8	0|2|3|4|5|7|8|11	120195.1675617101	110739.8401455610	9455.3274161490	0.0000000000	106.3822719004	0.0000000000	Optimal	true	0.000000000
2	1.60	34	CONDITIONAL_MEAN	1819.6315023850	7	0|3|4|5|7|8|10	108241.9417218037	106239.2904868285	2002.6512349753	0.0000000000	22.9002988716	0.0000000000	Optimal	true	0.000000000
2	1.60	35	REALIZED	1806.0337180011	7	1|2|3|4|7|8|11	112431.0158664109	94453.9372005326	16390.4856432432	1586.5930226351	134.8946156133	79.7537434859	Optimal	true	0.000000000
2	1.60	35	CONDITIONAL_MEAN	1813.2070550759	7	0|3|4|5|7|8|10	109391.3983461006	107350.5963116945	2040.8020344062	0.0000000000	21.8924697278	0.0000000000	Optimal	true	0.000000000
2	1.60	36	REALIZED	2163.2664117188	7	2|3|4|5|7|8|11	130849.1822271879	121022.9052382507	9826.2769889372	0.0000000000	99.3343383548	0.0000000000	Optimal	true	0.000000000
2	1.60	36	CONDITIONAL_MEAN	2042.9585363271	7	3|4|6|7|8|10|11	123589.4642472418	120338.9605305809	3250.5037166608	0.0000000000	37.0766618575	0.0000000000	Optimal	true	0.000000000
2	1.60	37	REALIZED	1710.7230881786	9	0|1|3|4|5|7|8|10|11	118480.0353189967	114727.6714681222	1102.7606898453	2649.6031610293	9.9870226535	131.4058976511	Optimal	true	0.000000000
2	1.60	37	CONDITIONAL_MEAN	2259.3453133837	8	2|3|4|5|7|8|10|11	138317.5553435059	132267.0325660157	6050.5227774901	0.0000000000	57.3146525275	0.0000000000	Optimal	true	0.000000000
2	1.60	38	REALIZED	2665.2967339649	8	2|3|4|6|7|8|10|11	168818.9673984320	132755.1036368185	36063.8637616134	0.0000000000	409.5695583136	0.0000000000	Optimal	true	0.000000000
2	1.60	38	CONDITIONAL_MEAN	2405.5904957311	8	0|2|3|4|5|7|8|10	149019.8647209439	141219.5528363270	7800.3118846169	0.0000000000	65.9994734736	0.0000000000	Optimal	true	0.000000000
2	1.60	39	REALIZED	1197.9759276256	5	3|4|7|8|10	67859.1280627989	63923.6595692554	3935.4684935436	0.0000000000	42.0794624388	0.0000000000	Optimal	true	0.000000000
2	1.60	39	CONDITIONAL_MEAN	2004.2647975987	7	3|4|6|7|8|10|11	120435.0126573290	117542.7095107522	2892.3031465768	0.0000000000	35.3925137151	0.0000000000	Optimal	true	0.000000000
2	1.60	40	REALIZED	1406.1750953206	6	0|3|4|7|8|10	83407.8925979744	81847.1536596088	1560.7389383656	0.0000000000	11.8078044943	0.0000000000	Optimal	true	0.000000000
2	1.60	40	CONDITIONAL_MEAN	1785.0538088317	7	0|3|4|5|7|8|10	105767.9688262071	105316.2438150709	451.7250111363	0.0000000000	5.2306686462	0.0000000000	Optimal	true	0.000000000
2	1.60	41	REALIZED	1874.5537212120	7	2|3|4|5|7|8|11	118660.8305097021	115975.4820078346	2685.3485018674	0.0000000000	17.4581591694	0.0000000000	Optimal	true	0.000000000
2	1.60	41	CONDITIONAL_MEAN	1928.5781161004	7	3|4|6|7|8|10|11	116028.6628141491	114066.9552095963	1961.7076045527	0.0000000000	23.1099074320	0.0000000000	Optimal	true	0.000000000
2	1.60	42	REALIZED	1908.0222897924	7	1|3|4|6|7|8|10	126394.0176787921	105061.1803648575	20628.0402968845	704.7970170501	201.3992663339	35.4282413357	Optimal	true	0.000000000
2	1.60	42	CONDITIONAL_MEAN	1662.2632740700	6	0|3|4|7|8|10	99807.1057902108	95866.8343959610	3940.2713942498	0.0000000000	23.5416566974	0.0000000000	Optimal	true	0.000000000
2	1.60	43	REALIZED	1707.5304240840	7	0|3|4|6|7|8|11	102059.4432832813	99290.7087444558	2768.7345388256	0.0000000000	32.4436788360	0.0000000000	Optimal	true	0.000000000
2	1.60	43	CONDITIONAL_MEAN	2010.5815037082	7	3|4|6|7|8|10|11	121389.9924332438	118388.3965805578	3001.5958526861	0.0000000000	35.6751660500	0.0000000000	Optimal	true	0.000000000
2	1.60	44	REALIZED	1284.6084529969	5	0|3|4|7|8	78528.4092012826	59241.0119022192	19107.2384325498	180.1588665136	208.7785284643	7.8927583073	Optimal	true	0.000000000
2	1.60	44	CONDITIONAL_MEAN	1770.9228636390	7	0|3|4|7|8|10|11	104018.5410628732	102194.4048529383	1824.1362099349	0.0000000000	15.2202429296	0.0000000000	Optimal	true	0.000000000
2	1.60	45	REALIZED	2476.0813569468	9	0|2|3|4|6|7|8|9|10	181253.6116283839	149018.2794107649	32210.5692920864	24.7629255328	187.0640992737	1.2009673348	Optimal	true	0.000000000
2	1.60	45	CONDITIONAL_MEAN	2262.1411189482	8	2|3|4|5|7|8|10|11	138546.8502769881	132456.1764304256	6090.6738465624	0.0000000000	58.2289759063	0.0000000000	Optimal	true	0.000000000
2	1.60	46	REALIZED	2600.8449274074	9	0|2|3|4|6|7|8|10|11	172692.0784759992	147833.0204162028	24859.0580597965	0.0000000000	227.3645905006	0.0000000000	Optimal	true	0.000000000
2	1.60	46	CONDITIONAL_MEAN	2284.7074524902	8	2|3|4|5|7|8|10|11	138859.9732289662	132945.6250203470	5914.3482086191	0.0000000000	57.4749540123	0.0000000000	Optimal	true	0.000000000
2	1.60	47	REALIZED	2835.1511296850	9	0|2|3|4|6|7|8|9|10	201428.2669285296	152664.2571046742	48764.0098238553	0.0000000000	390.4726551094	0.0000000000	Optimal	true	0.000000000
2	1.60	47	CONDITIONAL_MEAN	2445.3584835907	9	0|2|3|4|5|7|8|10|11	151561.2896951191	144005.3862878440	7555.9034072750	0.0000000000	64.7422722582	0.0000000000	Optimal	true	0.000000000
2	1.60	48	REALIZED	2213.9640633720	9	0|2|3|4|6|7|8|9|10	149474.9412834287	138085.2077380642	9435.0419325548	1954.6916128096	73.9394471715	101.2104850834	Optimal	true	0.000000000
2	1.60	48	CONDITIONAL_MEAN	2290.0091279619	8	2|3|4|5|7|8|10|11	141122.5774958170	133531.0408004528	7591.5366953641	0.0000000000	67.6321542537	0.0000000000	Optimal	true	0.000000000
2	1.60	49	REALIZED	1517.8431830953	6	3|4|7|8|10|11	91445.8254463388	86017.2018774865	5428.6235688524	0.0000000000	57.5793715701	0.0000000000	Optimal	true	0.000000000
2	1.60	49	CONDITIONAL_MEAN	1980.5206644930	7	3|4|6|7|8|10|11	119827.0257486996	116763.7489967823	3063.2767519172	0.0000000000	36.7226180437	0.0000000000	Optimal	true	0.000000000
2	1.60	50	REALIZED	2355.0781502131	8	1|2|3|4|6|7|8|11	148743.7509646198	128323.4731941748	20188.1263588560	232.1514115890	203.0423426093	11.6696240722	Optimal	true	0.000000000
2	1.60	50	CONDITIONAL_MEAN	2226.3936275310	8	1|2|3|4|7|8|10|11	137395.6761373319	132123.1521335105	4301.5689931416	970.9550106798	40.8205410413	48.8072843845	Optimal	true	0.000000000
2	1.60	51	REALIZED	1791.0619356045	6	2|3|4|7|8|11	104406.8872190944	87142.3404594030	17264.5467596914	0.0000000000	191.6222298001	0.0000000000	Optimal	true	0.000000000
2	1.60	51	CONDITIONAL_MEAN	2356.3919921652	8	0|2|3|4|5|7|8|10	145518.6329870643	138262.3689058035	7256.2640812609	0.0000000000	63.0030832282	0.0000000000	Optimal	true	0.000000000
2	1.60	52	REALIZED	1502.5483073052	6	0|3|4|7|8|11	87639.9262760225	81025.5169916686	6614.4092843539	0.0000000000	63.6266749370	0.0000000000	Optimal	true	0.000000000
2	1.60	52	CONDITIONAL_MEAN	2104.5070827904	7	3|4|6|7|8|10|11	127113.3774547090	123581.6952438735	3531.6822108356	0.0000000000	43.2467504857	0.0000000000	Optimal	true	0.000000000
2	1.60	53	REALIZED	1682.4584537135	7	3|4|5|6|7|8|11	106040.1424637751	98622.9988991717	5962.0468430881	1455.0967215154	49.3940292883	60.3607292816	Optimal	true	0.000000000
2	1.60	53	CONDITIONAL_MEAN	1782.9974709849	7	0|3|4|5|7|8|10	106140.6606213216	104883.3836311991	1257.2769901225	0.0000000000	14.2007871186	0.0000000000	Optimal	true	0.000000000
2	1.60	54	REALIZED	2455.0607486338	8	1|2|3|4|5|7|8|11	167385.5943487223	128472.0521809097	38708.9445545448	204.5976132677	264.7058415428	10.2845690947	Optimal	true	0.000000000
2	1.60	54	CONDITIONAL_MEAN	2192.9328673309	8	2|3|4|5|7|8|10|11	133527.1951009939	128861.3520774327	4665.8430235612	0.0000000000	47.5348822526	0.0000000000	Optimal	true	0.000000000
2	1.60	55	REALIZED	1660.5183922833	7	0|3|4|5|7|8|10	102259.5171125428	100386.0941135630	1873.4229989797	0.0000000000	36.4531064745	0.0000000000	Optimal	true	0.000000000
2	1.60	55	CONDITIONAL_MEAN	1328.7154174018	6	0|3|4|7|8|11	76473.7804715177	74380.3564654033	2093.4240061144	0.0000000000	23.8221753422	0.0000000000	Optimal	true	0.000000000
2	1.60	56	REALIZED	936.5501392785	5	4|7|8|10|11	56261.1857788682	53245.0415526649	1205.3109513198	1810.8332748835	10.9276001759	57.8426025250	Optimal	true	0.000000000
2	1.60	56	CONDITIONAL_MEAN	1373.4778382175	6	3|4|7|8|10|11	78606.8271068812	78551.9830485905	54.8440582908	0.0000000000	0.4016749637	0.0000000000	Optimal	true	0.000000000
2	1.60	57	REALIZED	1090.6596361857	5	4|7|8|10|11	60933.4796994636	56239.7053984466	3616.4481364883	1077.3261645288	37.2564258280	34.4125270885	Optimal	true	0.000000000
2	1.60	57	CONDITIONAL_MEAN	1856.9046882025	7	0|3|4|5|7|8|10	110433.3951739007	109619.7209566509	813.6742172498	0.0000000000	9.2620600842	0.0000000000	Optimal	true	0.000000000
2	1.60	58	REALIZED	2223.8696323038	8	0|2|3|4|6|7|8|11	143800.0440712037	132845.3061627423	10954.7379084614	0.0000000000	86.9999474975	0.0000000000	Optimal	true	0.000000000
2	1.60	58	CONDITIONAL_MEAN	1745.3639841550	7	0|3|4|5|7|8|10	103406.3529293591	103275.8198138910	130.5331154680	0.0000000000	0.8418463678	0.0000000000	Optimal	true	0.000000000
2	1.60	59	REALIZED	1575.9758680858	6	3|4|7|8|10|11	91265.3875981254	88911.3966244952	2353.9909736302	0.0000000000	23.4756775958	0.0000000000	Optimal	true	0.000000000
2	1.60	59	CONDITIONAL_MEAN	2199.7162539036	8	1|2|3|4|7|8|10|11	134487.7379503820	130827.8054021780	2660.0468309739	999.8857172301	31.8098189729	50.2615528176	Optimal	true	0.000000000
2	1.70	0	REALIZED	3611.4939999280	9	0|2|3|4|5|6|7|8|11	274255.3513885491	194297.1792214476	79958.1721671019	0.0000000000	622.1624427323	0.0000000000	Optimal	true	0.000000000
2	1.70	0	CONDITIONAL_MEAN	2397.2324023671	8	0|3|4|6|7|8|10|11	148387.2165542521	142232.2698471644	6154.9467070878	0.0000000000	59.4057473357	0.0000000000	Optimal	true	0.000000000
2	1.70	1	REALIZED	2430.9316954605	8	2|3|4|5|6|7|8|10	153718.8665397436	145902.9162701044	7815.9502696392	0.0000000000	91.0572750439	0.0000000000	Optimal	true	0.000000000
2	1.70	1	CONDITIONAL_MEAN	1753.4834065132	7	0|3|4|7|8|10|11	103317.7395789846	102043.3977879293	1274.3417910552	0.0000000000	8.6857190073	0.0000000000	Optimal	true	0.000000000
2	1.70	2	REALIZED	1357.6808819725	5	4|7|8|10|11	86252.9139142556	70602.3150270277	15650.5988872279	0.0000000000	143.6018805326	0.0000000000	Optimal	true	0.000000000
2	1.70	2	CONDITIONAL_MEAN	1665.0129352126	6	0|3|4|7|8|10	99147.3577174931	96011.1101470885	3136.2475704047	0.0000000000	19.7579933463	0.0000000000	Optimal	true	0.000000000
2	1.70	3	REALIZED	1461.1830748516	6	0|3|4|5|7|8	89435.2374666365	76887.3293685359	12537.5427140245	10.3653840760	138.5203644982	0.4906864794	Optimal	true	0.000000000
2	1.70	3	CONDITIONAL_MEAN	1609.8972953246	6	0|3|4|7|8|10	96024.2252098594	93288.6331383443	2735.5920715152	0.0000000000	17.6334658239	0.0000000000	Optimal	true	0.000000000
2	1.70	4	REALIZED	1211.1578021565	6	1|3|4|7|8|10	73498.1185437173	71002.9079206160	733.6581219792	1761.5525011221	5.2867011106	88.5484836421	Optimal	true	0.000000000
2	1.70	4	CONDITIONAL_MEAN	1978.4115490021	7	3|4|6|7|8|10|11	119775.5455670387	117357.9185675565	2417.6269994821	0.0000000000	28.8293515851	0.0000000000	Optimal	true	0.000000000
2	1.70	5	REALIZED	1380.7286660329	6	3|4|7|8|10|11	82422.4779284491	78349.2560167671	4073.2219116821	0.0000000000	37.0663098230	0.0000000000	Optimal	true	0.000000000
2	1.70	5	CONDITIONAL_MEAN	1711.0664814597	7	0|3|4|7|8|10|11	100428.7713837272	99808.7340719978	620.0373117294	0.0000000000	3.2541154864	0.0000000000	Optimal	true	0.000000000
2	1.70	6	REALIZED	1393.3336785859	6	1|4|7|8|10|11	80786.0317234998	75299.1883127280	4020.1170381211	1466.7263726507	57.9450653207	73.7283709304	Optimal	true	0.000000000
2	1.70	6	CONDITIONAL_MEAN	1999.5227622628	7	3|4|6|7|8|10|11	119929.2262408312	117039.6984050269	2889.5278358043	0.0000000000	32.5484813631	0.0000000000	Optimal	true	0.000000000
2	1.70	7	REALIZED	1768.1126194092	8	0|1|3|4|6|7|8|11	113028.6491414109	108291.7336398995	3122.0761466317	1614.8393548797	35.7004746444	81.1736102723	Optimal	true	0.000000000
2	1.70	7	CONDITIONAL_MEAN	1735.5713863043	7	0|3|4|7|8|10|11	102160.9711628394	100897.1076810003	1263.8634818390	0.0000000000	10.6102819398	0.0000000000	Optimal	true	0.000000000
2	1.70	8	REALIZED	1557.5809244778	7	0|3|4|7|8|10|11	96785.0373814541	95613.5874303196	1171.4499511345	0.0000000000	13.2704873412	0.0000000000	Optimal	true	0.000000000
2	1.70	8	CONDITIONAL_MEAN	1832.4156359977	7	0|3|4|5|7|8|10	108949.6270349386	108242.0891694783	707.5378654603	0.0000000000	6.5664216808	0.0000000000	Optimal	true	0.000000000
2	1.70	9	REALIZED	1508.9068379517	6	0|3|4|7|8|11	87809.8741635112	81358.2854619420	6451.5887015693	0.0000000000	68.1324340827	0.0000000000	Optimal	true	0.000000000
2	1.70	9	CONDITIONAL_MEAN	1720.5719540843	7	0|3|4|7|8|10|11	102113.2079618615	100170.5029568598	1942.7050050016	0.0000000000	14.2895772725	0.0000000000	Optimal	true	0.000000000
2	1.70	10	REALIZED	3189.5584792715	9	0|2|3|4|5|6|7|8|11	233967.7673256054	159726.5787203859	74241.1886052195	0.0000000000	583.4567590395	0.0000000000	Optimal	true	0.000000000
2	1.70	10	CONDITIONAL_MEAN	2120.2368784613	7	3|4|6|7|8|10|11	127968.8008590362	124424.8434274336	3543.9574316025	0.0000000000	43.2298318083	0.0000000000	Optimal	true	0.000000000
2	1.70	11	REALIZED	2222.8476104776	9	0|1|3|4|5|7|8|10|11	147536.8579328390	138250.3357520765	8101.6436693531	1184.8785114093	83.3214433801	59.5606406386	Optimal	true	0.000000000
2	1.70	11	CONDITIONAL_MEAN	2067.5742603648	7	3|4|6|7|8|10|11	125406.9262002707	121813.2060845479	3593.7201157228	0.0000000000	40.4399158494	0.0000000000	Optimal	true	0.000000000
2	1.70	12	REALIZED	2506.7455976523	9	1|2|3|4|6|7|8|10|11	166184.3873890260	160788.1165540022	5396.2708350239	0.0000000000	54.4893375093	0.0000000000	Optimal	true	0.000000000
2	1.70	12	CONDITIONAL_MEAN	1807.6070244230	7	0|3|4|5|7|8|10	108259.4146394847	106859.4030152463	1400.0116242384	0.0000000000	16.2111831904	0.0000000000	Optimal	true	0.000000000
2	1.70	13	REALIZED	1705.5710863517	7	3|4|5|7|8|10|11	99114.0204455003	96217.3042666338	1804.8190350355	1091.8971438310	17.2059450246	51.6892728141	Optimal	true	0.000000000
2	1.70	13	CONDITIONAL_MEAN	1696.0164395336	7	0|3|4|7|8|10|11	99638.3049380444	98992.5787741071	645.7261639373	0.0000000000	4.4044595520	0.0000000000	Optimal	true	0.000000000
2	1.70	14	REALIZED	2284.1181305583	9	0|1|2|3|4|6|7|8|10	146445.8075335797	138626.5029649617	6167.4952112719	1651.8093573460	61.4502256409	83.0319923849	Optimal	true	0.000000000
2	1.70	14	CONDITIONAL_MEAN	2196.9743086883	7	3|4|6|7|8|10|11	135204.8052600290	128733.5524176323	6471.2528423967	0.0000000000	62.3371998072	0.0000000000	Optimal	true	0.000000000
2	1.70	15	REALIZED	1499.9946564360	6	2|3|4|7|8|11	84720.8309482509	76234.0189170326	7432.2813604323	1054.5306707860	72.4876478821	59.6902782185	Optimal	true	0.000000000
2	1.70	15	CONDITIONAL_MEAN	2074.6969175190	7	3|4|6|7|8|10|11	124290.5790874588	121086.8348408934	3203.7442465654	0.0000000000	37.7355543401	0.0000000000	Optimal	true	0.000000000
2	1.70	16	REALIZED	2335.5925011205	8	0|1|3|4|7|8|10|11	147623.0305622486	125257.9701331798	21839.4643447637	525.5960843050	243.5281484545	26.4202947365	Optimal	true	0.000000000
2	1.70	16	CONDITIONAL_MEAN	1725.4516870397	7	0|3|4|5|7|8|10	103818.3840427974	102823.4035340955	994.9805087020	0.0000000000	11.5211981231	0.0000000000	Optimal	true	0.000000000
2	1.70	17	REALIZED	2535.0317996299	8	3|4|5|6|7|8|10|11	176393.9433077530	138245.4513410648	38148.4919666882	0.0000000000	301.6867654389	0.0000000000	Optimal	true	0.000000000
2	1.70	17	CONDITIONAL_MEAN	2043.7776374596	7	3|4|6|7|8|10|11	122200.1783922140	119324.9245775165	2875.2538146974	0.0000000000	35.6948192809	0.0000000000	Optimal	true	0.000000000
2	1.70	18	REALIZED	2519.7751965447	9	0|2|3|5|6|7|8|9|10	170794.3586712640	163736.8631622065	5828.2855360664	1229.2099729911	49.7262522023	60.1401408851	Optimal	true	0.000000000
2	1.70	18	CONDITIONAL_MEAN	1948.2095125789	7	0|3|4|5|7|8|10	117353.5690773307	114280.4779137194	3073.0911636112	0.0000000000	35.3367960324	0.0000000000	Optimal	true	0.000000000
2	1.70	19	REALIZED	1131.9831960341	5	2|3|4|7|8	67193.7605016704	52082.4169252007	12187.6535660527	2923.6900104170	101.2772806000	165.4915072469	Optimal	true	0.000000000
2	1.70	19	CONDITIONAL_MEAN	2037.4973454505	7	3|4|6|7|8|10|11	122452.3711085236	119422.0898938731	3030.2812146505	0.0000000000	32.9540187034	0.0000000000	Optimal	true	0.000000000
2	1.70	20	REALIZED	1487.3921506763	6	3|4|5|7|8|10	87070.9133280949	84400.9470791918	2486.4164758697	183.5497730334	39.0495946884	8.6890549599	Optimal	true	0.000000000
2	1.70	20	CONDITIONAL_MEAN	2060.7192039568	7	3|4|6|7|8|10|11	123591.6978803864	120413.5679580584	3178.1299223279	0.0000000000	39.4402156544	0.0000000000	Optimal	true	0.000000000
2	1.70	21	REALIZED	1747.9215919418	7	2|3|4|5|7|8|11	108608.4260404271	98756.5577553161	8584.8418577231	1267.0264273878	82.7381945475	68.8279105403	Optimal	true	0.000000000
2	1.70	21	CONDITIONAL_MEAN	1820.9507378082	7	0|3|4|5|7|8|10	110011.6047308666	108046.1139976211	1965.4907332454	0.0000000000	22.5695973063	0.0000000000	Optimal	true	0.000000000
2	1.70	22	REALIZED	1581.5041227212	6	0|3|4|6|7|8	94882.0527336203	89526.2669491139	5355.7857845064	0.0000000000	55.1089210972	0.0000000000	Optimal	true	0.000000000
2	1.70	22	CONDITIONAL_MEAN	2007.2111951425	7	3|4|6|7|8|10|11	121554.1101142698	118554.9893982143	2999.1207160554	0.0000000000	36.8393403012	0.0000000000	Optimal	true	0.000000000
2	1.70	23	REALIZED	3057.4007287996	9	0|2|3|4|6|7|8|10|11	238640.1870480771	152346.9478092945	86293.2392387826	0.0000000000	594.2934888335	0.0000000000	Optimal	true	0.000000000
2	1.70	23	CONDITIONAL_MEAN	1882.5371009968	7	3|4|6|7|8|10|11	113079.2168748368	111570.4623504224	1508.7545244143	0.0000000000	19.4131908142	0.0000000000	Optimal	true	0.000000000
2	1.70	24	REALIZED	2296.6923545127	8	0|2|3|4|5|7|8|11	155616.8354016735	119871.4281351976	34566.2161229924	1179.1911434835	230.3705920113	60.9513629262	Optimal	true	0.000000000
2	1.70	24	CONDITIONAL_MEAN	2233.3920477079	7	2|3|4|5|7|8|10	136468.7352294449	129762.7191763965	6706.0160530483	0.0000000000	59.5728373948	0.0000000000	Optimal	true	0.000000000
2	1.70	25	REALIZED	1377.7913031333	5	2|3|4|7|8	76660.7506396478	72301.6235264935	4218.3081860487	140.8189271056	53.0411958495	7.9708643572	Optimal	true	0.000000000
2	1.70	25	CONDITIONAL_MEAN	1490.1854711008	6	0|3|4|7|8|10	88228.9634401359	87009.9255909431	1219.0378491929	0.0000000000	6.3978245640	0.0000000000	Optimal	true	0.000000000
2	1.70	26	REALIZED	1646.6809086155	7	3|4|6|7|8|10|11	101594.0310336799	93047.7787588469	6835.3566657268	1710.8956091062	74.9812842965	61.6047861667	Optimal	true	0.000000000
2	1.70	26	CONDITIONAL_MEAN	1894.0612794603	7	0|3|4|5|7|8|10	112560.7365965826	111079.0754713303	1481.6611252523	0.0000000000	17.1652865317	0.0000000000	Optimal	true	0.000000000
2	1.70	27	REALIZED	2443.8948877520	9	0|3|4|5|7|8|9|10|11	161087.6859327579	139206.1418607138	20828.3479586300	1053.1961134140	186.9806108090	51.0785418975	Optimal	true	0.000000000
2	1.70	27	CONDITIONAL_MEAN	1957.2379987707	7	0|3|4|7|8|10|11	116911.1431668575	113126.6900706279	3784.4530962296	0.0000000000	31.8330241883	0.0000000000	Optimal	true	0.000000000
2	1.70	28	REALIZED	1467.2059596445	7	0|1|3|4|7|8|11	96347.1664299017	87528.8919055063	7818.3775957404	999.8969286550	79.2626753004	49.9874775787	Optimal	true	0.000000000
2	1.70	28	CONDITIONAL_MEAN	1700.3559044631	7	0|3|4|5|7|8|10	102383.2117091373	101627.7823812963	755.4293278411	0.0000000000	8.7473582426	0.0000000000	Optimal	true	0.000000000
2	1.70	29	REALIZED	1310.0646998038	6	0|3|4|7|8|11	79523.1408996561	75652.8574349434	3425.2341900820	445.0492746307	39.9469395576	19.4976046835	Optimal	true	0.000000000
2	1.70	29	CONDITIONAL_MEAN	1719.4371656879	6	0|3|4|7|8|10	103432.2451135928	99092.4418944363	4339.8032191565	0.0000000000	28.0381425861	0.0000000000	Optimal	true	0.000000000
2	1.70	30	REALIZED	1475.5871976126	6	3|4|7|8|10|11	84907.9051126130	81567.1408456287	3340.7642669842	0.0000000000	27.8901598542	0.0000000000	Optimal	true	0.000000000
2	1.70	30	CONDITIONAL_MEAN	1554.8591224181	6	0|3|4|7|8|10	91552.5969123633	90290.3012649538	1262.2956474096	0.0000000000	7.2846704816	0.0000000000	Optimal	true	0.000000000
2	1.70	31	REALIZED	1979.2644113775	7	0|2|3|4|7|8|11	118520.6468526050	109198.7061490093	9321.9407035956	0.0000000000	97.3077152739	0.0000000000	Optimal	true	0.000000000
2	1.70	31	CONDITIONAL_MEAN	2103.5048144647	7	3|4|6|7|8|10|11	126510.5944705903	122968.7823497987	3541.8121207915	0.0000000000	40.8237750295	0.0000000000	Optimal	true	0.000000000
2	1.70	32	REALIZED	1743.1323514605	7	1|2|3|4|7|8|11	99663.3638725086	89114.6239143542	8044.7313099540	2504.0086482004	93.3464277354	132.0293051208	Optimal	true	0.000000000
2	1.70	32	CONDITIONAL_MEAN	2133.8006131115	7	3|4|6|7|8|10|11	128032.7240867509	124294.5658206844	3738.1582660664	0.0000000000	44.2359269805	0.0000000000	Optimal	true	0.000000000
2	1.70	33	REALIZED	3036.7886453890	9	0|2|3|4|6|7|8|10|11	220980.0486218459	174257.6227016697	46722.4259201763	0.0000000000	325.6003490169	0.0000000000	Optimal	true	0.000000000
2	1.70	33	CONDITIONAL_MEAN	2506.7899980638	9	0|2|3|4|5|7|8|10|11	155560.6386962314	148157.0262419736	7403.6124542579	0.0000000000	65.2148548400	0.0000000000	Optimal	true	0.000000000
2	1.70	34	REALIZED	1965.8712483054	8	0|2|3|4|5|7|8|11	121377.9308529256	111348.4576692108	9455.3274161490	574.1457675658	106.3822719004	31.9288596735	Optimal	true	0.000000000
2	1.70	34	CONDITIONAL_MEAN	1819.6315023850	7	0|3|4|5|7|8|10	108958.6273794057	106955.9761444305	2002.6512349753	0.0000000000	22.9002988716	0.0000000000	Optimal	true	0.000000000
2	1.70	35	REALIZED	1806.0337180011	7	1|2|3|4|7|8|11	113273.6370322954	94741.4477802991	16390.4856432432	2141.7036087531	134.8946156133	109.6911691308	Optimal	true	0.000000000
2	1.70	35	CONDITIONAL_MEAN	1813.2070550759	7	0|3|4|5|7|8|10	110092.6396239049	108051.8375894988	2040.8020344062	0.0000000000	21.8924697278	0.0000000000	Optimal	true	0.000000000
2	1.70	36	REALIZED	2163.2664117188	7	2|3|4|5|7|8|11	131396.9584939010	121570.6815049638	9826.2769889372	0.0000000000	99.3343383548	0.0000000000	Optimal	true	0.000000000
2	1.70	36	CONDITIONAL_MEAN	2042.9585363271	7	3|4|6|7|8|10|11	124050.3235339909	120799.8198173302	3250.5037166608	0.0000000000	37.0766618575	0.0000000000	Optimal	true	0.000000000
2	1.70	37	REALIZED	1710.7230881786	9	0|1|3|4|5|7|8|10|11	120370.1543776548	113843.2742419091	1102.7606898453	5424.1194459003	9.9870226535	245.9147703496	Optimal	true	0.000000000
2	1.70	37	CONDITIONAL_MEAN	2259.3453133837	8	2|3|4|5|7|8|10|11	139141.3994821354	133090.8767046453	6050.5227774901	0.0000000000	57.3146525275	0.0000000000	Optimal	true	0.000000000
2	1.70	38	REALIZED	2665.2967339649	8	2|3|4|6|7|8|10|11	169606.2154170660	133542.3516554525	36063.8637616134	0.0000000000	409.5695583136	0.0000000000	Optimal	true	0.000000000
2	1.70	38	CONDITIONAL_MEAN	2405.5904957311	8	0|2|3|4|5|7|8|10	149650.9409518556	141850.6290672386	7800.3118846169	0.0000000000	65.9994734736	0.0000000000	Optimal	true	0.000000000
2	1.70	39	REALIZED	1197.9759276256	5	3|4|7|8|10	68303.7303823381	64368.2618887945	3935.4684935436	0.0000000000	42.0794624388	0.0000000000	Optimal	true	0.000000000
2	1.70	39	CONDITIONAL_MEAN	2004.2647975987	7	3|4|6|7|8|10|11	120982.4306261075	118090.1274795306	2892.3031465768	0.0000000000	35.3925137151	0.0000000000	Optimal	true	0.000000000
2	1.70	40	REALIZED	1406.1750953206	6	0|3|4|7|8|10	83746.7867365685	82186.0477982030	1560.7389383656	0.0000000000	11.8078044943	0.0000000000	Optimal	true	0.000000000
2	1.70	40	CONDITIONAL_MEAN	1785.0538088317	7	0|3|4|5|7|8|10	106477.4470945669	106025.7220834307	451.7250111363	0.0000000000	5.2306686462	0.0000000000	Optimal	true	0.000000000
2	1.70	41	REALIZED	1874.5537212120	7	2|3|4|5|7|8|11	119291.6785123872	116606.3300105199	2685.3485018674	0.0000000000	17.4581591694	0.0000000000	Optimal	true	0.000000000
2	1.70	41	CONDITIONAL_MEAN	1928.5781161004	7	3|4|6|7|8|10|11	116633.8783754805	114672.1707709278	1961.7076045527	0.0000000000	23.1099074320	0.0000000000	Optimal	true	0.000000000
2	1.70	42	REALIZED	1908.0222897924	7	1|3|4|6|7|8|10	127129.4262075391	105389.3583896834	20628.0402968845	1112.0275209712	201.3992663339	55.8986182289	Optimal	true	0.000000000
2	1.70	42	CONDITIONAL_MEAN	1662.2632740700	6	0|3|4|7|8|10	100145.0586123368	96204.7872180870	3940.2713942498	0.0000000000	23.5416566974	0.0000000000	Optimal	true	0.000000000
2	1.70	43	REALIZED	1707.5304240840	7	0|3|4|6|7|8|11	102863.5632450966	99605.5237159285	2768.7345388256	489.3049903425	32.4436788360	18.2477110849	Optimal	true	0.000000000
2	1.70	43	CONDITIONAL_MEAN	2010.5815037082	7	3|4|6|7|8|10|11	121976.3327912018	118974.7369385157	3001.5958526861	0.0000000000	35.6751660500	0.0000000000	Optimal	true	0.000000000
2	1.70	44	REALIZED	1284.6084529969	5	0|3|4|7|8	78962.2413250594	59413.0453053212	19107.2384325498	441.9575871883	208.7785284643	19.3621578847	Optimal	true	0.000000000
2	1.70	44	CONDITIONAL_MEAN	1770.9228636390	7	0|3|4|7|8|10|11	104583.3269582436	102759.1907483088	1824.1362099349	0.0000000000	15.2202429296	0.0000000000	Optimal	true	0.000000000
2	1.70	45	REALIZED	2476.0813569468	9	0|2|3|4|6|7|8|9|10	182771.5570128805	149633.8647516610	32210.5692920864	927.1229691333	187.0640992737	47.8787009909	Optimal	true	0.000000000
2	1.70	45	CONDITIONAL_MEAN	2262.1411189482	8	2|3|4|5|7|8|10|11	139364.4841738972	133273.8103273347	6090.6738465624	0.0000000000	58.2289759063	0.0000000000	Optimal	true	0.000000000
2	1.70	46	REALIZED	2600.8449274074	9	0|2|3|4|6|7|8|10|11	173251.8293071611	148392.7712473645	24859.0580597965	0.0000000000	227.3645905006	0.0000000000	Optimal	true	0.000000000
2	1.70	46	CONDITIONAL_MEAN	2284.7074524902	8	2|3|4|5|7|8|10|11	139667.3508337023	133753.0026250832	5914.3482086191	0.0000000000	57.4749540123	0.0000000000	Optimal	true	0.000000000
2	1.70	47	REALIZED	2835.1511296850	9	0|2|3|4|6|7|8|9|10	202419.3016789883	153124.9107052652	48764.0098238553	530.3811498677	390.4726551094	25.7227456882	Optimal	true	0.000000000
2	1.70	47	CONDITIONAL_MEAN	2445.3584835907	9	0|2|3|4|5|7|8|10|11	152575.8714906858	145019.9680834108	7555.9034072750	0.0000000000	64.7422722582	0.0000000000	Optimal	true	0.000000000
2	1.70	48	REALIZED	2213.9640633720	9	0|2|3|4|6|7|8|9|10	151336.7406622437	138166.0312550810	9435.0419325548	3735.6674746079	73.9394471715	181.0544309123	Optimal	true	0.000000000
2	1.70	48	CONDITIONAL_MEAN	2290.0091279619	8	0|3|4|6|7|8|10|11	141694.6993478361	136151.3306217585	5543.3687260776	0.0000000000	50.9232822372	0.0000000000	Optimal	true	0.000000000
2	1.70	49	REALIZED	1517.8431830953	6	3|4|7|8|10|11	91982.4594887963	86553.8359199438	5428.6235688524	0.0000000000	57.5793715701	0.0000000000	Optimal	true	0.000000000
2	1.70	49	CONDITIONAL_MEAN	1980.5206644930	7	3|4|6|7|8|10|11	120431.9588332632	117368.6820813460	3063.2767519172	0.0000000000	36.7226180437	0.0000000000	Optimal	true	0.000000000
2	1.70	50	REALIZED	2355.0781502131	8	1|2|3|4|6|7|8|11	149527.4871975136	128082.5349459237	20188.1263588560	1256.8258927338	203.0423426093	63.1772410603	Optimal	true	0.000000000
2	1.70	50	CONDITIONAL_MEAN	2226.3936275310	8	1|2|3|4|7|8|10|11	137934.6282393998	132453.5397243241	4301.5689931416	1179.5195219340	40.8205410413	59.2912587204	Optimal	true	0.000000000
2	1.70	51	REALIZED	1791.0619356045	6	2|3|4|7|8|11	104796.5619642647	87532.0152045733	17264.5467596914	0.0000000000	191.6222298001	0.0000000000	Optimal	true	0.000000000
2	1.70	51	CONDITIONAL_MEAN	2356.3919921652	8	0|3|4|6|7|8|10|11	145913.5909018469	139869.9065505599	6043.6843512870	0.0000000000	56.7001316423	0.0000000000	Optimal	true	0.000000000
2	1.70	52	REALIZED	1502.5483073052	6	0|3|4|7|8|11	87879.0084170825	81264.5991327285	6614.4092843539	0.0000000000	63.6266749370	0.0000000000	Optimal	true	0.000000000
2	1.70	52	CONDITIONAL_MEAN	2104.5070827904	7	3|4|6|7|8|10|11	127416.0973021089	123884.4150912733	3531.6822108356	0.0000000000	43.2467504857	0.0000000000	Optimal	true	0.000000000
2	1.70	53	REALIZED	1682.4584537135	6	4|5|6|7|8|11	106747.3615699681	100785.3147268800	5962.0468430881	0.0000000000	49.3940292883	0.0000000000	Optimal	true	0.000000000
2	1.70	53	CONDITIONAL_MEAN	1782.9974709849	7	0|3|4|5|7|8|10	106869.0388151517	105611.7618250292	1257.2769901225	0.0000000000	14.2007871186	0.0000000000	Optimal	true	0.000000000
2	1.70	54	REALIZED	2455.0607486338	8	1|2|3|4|5|7|8|11	167854.9929476289	128732.8862685621	38708.9445545448	413.1621245218	264.7058415428	20.7685434306	Optimal	true	0.000000000
2	1.70	54	CONDITIONAL_MEAN	2192.9328673309	7	3|4|6|7|8|10|11	133909.3229160461	128699.5012450698	5209.8216709764	0.0000000000	55.9325771913	0.0000000000	Optimal	true	0.000000000
2	1.70	55	REALIZED	1660.5183922833	7	0|3|4|5|7|8|10	103243.5831536056	101084.1313104847	1873.4229989797	286.0288441411	36.4531064745	13.5403073825	Optimal	true	0.000000000
2	1.70	55	CONDITIONAL_MEAN	1328.7154174018	6	0|3|4|7|8|11	76913.8455402030	74820.4215340885	2093.4240061144	0.0000000000	23.8221753422	0.0000000000	Optimal	true	0.000000000
2	1.70	56	REALIZED	936.5501392785	4	4|7|10|11	57130.7135782110	55900.0875905211	1205.3109513198	25.3150363700	10.9276001759	1.4906259118	Optimal	true	0.000000000
2	1.70	56	CONDITIONAL_MEAN	1373.4778382175	6	0|3|4|7|8|11	79108.8059411533	76282.8691642121	2825.9367769413	0.0000000000	31.2458220382	0.0000000000	Optimal	true	0.000000000
2	1.70	57	REALIZED	1090.6596361857	5	2|3|4|7|8	61524.9752210157	50838.4729928191	7769.4825589405	2917.0196692561	80.8357991100	165.1139416334	Optimal	true	0.000000000
2	1.70	57	CONDITIONAL_MEAN	1856.9046882025	7	0|3|4|5|7|8|10	110959.6924414284	110146.0182241786	813.6742172498	0.0000000000	9.2620600842	0.0000000000	Optimal	true	0.000000000
2	1.70	58	REALIZED	2223.8696323038	8	0|2|3|4|6|7|8|11	144363.3299982571	133408.5920897958	10954.7379084614	0.0000000000	86.9999474975	0.0000000000	Optimal	true	0.000000000
2	1.70	58	CONDITIONAL_MEAN	1745.3639841550	7	0|3|4|7|8|10|11	104135.0862589285	101748.1806236186	2386.9056353099	0.0000000000	12.6838704220	0.0000000000	Optimal	true	0.000000000
2	1.70	59	REALIZED	1575.9758680858	6	3|4|7|8|10|11	91554.5864480927	89200.5954744625	2353.9909736302	0.0000000000	23.4756775958	0.0000000000	Optimal	true	0.000000000
2	1.70	59	CONDITIONAL_MEAN	2199.7162539036	8	1|2|3|4|7|8|10|11	135061.1181319385	131192.6210724803	2660.0468309739	1208.4502284843	31.8098189729	60.7455271535	Optimal	true	0.000000000
2	1.75	0	REALIZED	3611.4939999280	9	0|2|3|4|5|6|7|8|11	274262.4170837646	194304.2449166630	79958.1721671019	0.0000000000	622.1624427323	0.0000000000	Optimal	true	0.000000000
2	1.75	0	CONDITIONAL_MEAN	2397.2324023671	8	0|3|4|6|7|8|10|11	148479.8512978857	142324.9045907979	6154.9467070878	0.0000000000	59.4057473357	0.0000000000	Optimal	true	0.000000000
2	1.75	1	REALIZED	2430.9316954605	8	2|3|4|5|6|7|8|10	154010.6751498670	146194.7248802278	7815.9502696392	0.0000000000	91.0572750439	0.0000000000	Optimal	true	0.000000000
2	1.75	1	CONDITIONAL_MEAN	1753.4834065132	7	0|3|4|7|8|10|11	103618.6300264248	102344.2882353696	1274.3417910552	0.0000000000	8.6857190073	0.0000000000	Optimal	true	0.000000000
2	1.75	2	REALIZED	1357.6808819725	5	4|7|8|10|11	86514.8408223316	70864.2419351036	15650.5988872279	0.0000000000	143.6018805326	0.0000000000	Optimal	true	0.000000000
2	1.75	2	CONDITIONAL_MEAN	1665.0129352126	6	0|3|4|7|8|10	99320.5013090288	96184.2537386242	3136.2475704047	0.0000000000	19.7579933463	0.0000000000	Optimal	true	0.000000000
2	1.75	3	REALIZED	1461.1830748516	6	0|3|4|5|7|8	89904.6481116693	76625.3928598392	12537.5427140245	741.7125378055	138.5203644982	34.2215761469	Optimal	true	0.000000000
2	1.75	3	CONDITIONAL_MEAN	1609.8972953246	6	0|3|4|7|8|10	96227.8003424042	93492.2082708890	2735.5920715152	0.0000000000	17.6334658239	0.0000000000	Optimal	true	0.000000000
2	1.75	4	REALIZED	1211.1578021565	6	1|3|4|7|8|10	73927.1837855916	71149.6893620432	733.6581219792	2043.8363015692	5.2867011106	102.7381274196	Optimal	true	0.000000000
2	1.75	4	CONDITIONAL_MEAN	1978.4115490021	7	3|4|6|7|8|10|11	120078.0631662497	117660.4361667676	2417.6269994821	0.0000000000	28.8293515851	0.0000000000	Optimal	true	0.000000000
2	1.75	5	REALIZED	1380.7286660329	6	3|4|7|8|10|11	82862.5836580335	78789.3617463514	4073.2219116821	0.0000000000	37.0663098230	0.0000000000	Optimal	true	0.000000000
2	1.75	5	CONDITIONAL_MEAN	1711.0664814597	7	0|3|4|7|8|10|11	100733.0816580136	100113.0443462842	620.0373117294	0.0000000000	3.2541154864	0.0000000000	Optimal	true	0.000000000
2	1.75	6	REALIZED	1393.3336785859	6	1|4|7|8|10|11	81171.3928551061	75294.4538578265	4020.1170381211	1856.8219591586	57.9450653207	90.3950879572	Optimal	true	0.000000000
2	1.75	6	CONDITIONAL_MEAN	1999.5227622628	7	3|4|6|7|8|10|11	120229.5166695259	117339.9888337216	2889.5278358043	0.0000000000	32.5484813631	0.0000000000	Optimal	true	0.000000000
2	1.75	7	REALIZED	1768.1126194092	8	0|1|3|4|6|7|8|11	113542.6058818402	108202.2088915228	3122.0761466317	2218.3208436856	35.7004746444	106.8277843477	Optimal	true	0.000000000
2	1.75	7	CONDITIONAL_MEAN	1735.5713863043	7	0|3|4|7|8|10|11	102464.9159342493	101201.0524524103	1263.8634818390	0.0000000000	10.6102819398	0.0000000000	Optimal	true	0.000000000
2	1.75	8	REALIZED	1557.5809244778	7	0|3|4|7|8|10|11	97382.9282401330	95910.1242847470	1171.4499511345	301.3540042515	13.2704873412	14.8052945642	Optimal	true	0.000000000
2	1.75	8	CONDITIONAL_MEAN	1832.4156359977	7	0|3|4|5|7|8|10	109332.8613626943	108625.3234972341	707.5378654603	0.0000000000	6.5664216808	0.0000000000	Optimal	true	0.000000000
2	1.75	9	REALIZED	1508.9068379517	6	0|3|4|7|8|11	87983.3699596366	81531.7812580674	6451.5887015693	0.0000000000	68.1324340827	0.0000000000	Optimal	true	0.000000000
2	1.75	9	CONDITIONAL_MEAN	1720.5719540843	7	0|3|4|7|8|10|11	102421.7036388044	100478.9986338029	1942.7050050016	0.0000000000	14.2895772725	0.0000000000	Optimal	true	0.000000000
2	1.75	10	REALIZED	3189.5584792715	9	0|2|3|4|5|6|7|8|11	234458.7537475428	160217.5651423233	74241.1886052195	0.0000000000	583.4567590395	0.0000000000	Optimal	true	0.000000000
2	1.75	10	CONDITIONAL_MEAN	2120.2368784613	7	3|4|6|7|8|10|11	128047.8445248246	124503.8870932221	3543.9574316025	0.0000000000	43.2298318083	0.0000000000	Optimal	true	0.000000000
2	1.75	11	REALIZED	2222.8476104776	9	0|1|3|4|5|7|8|10|11	148082.6264540071	138684.6791958562	8101.6436693531	1296.3035887976	83.3214433801	65.1616781531	Optimal	true	0.000000000
2	1.75	11	CONDITIONAL_MEAN	2067.5742603648	7	3|4|6|7|8|10|11	125689.5929911179	122095.8728753951	3593.7201157228	0.0000000000	40.4399158494	0.0000000000	Optimal	true	0.000000000
2	1.75	12	REALIZED	2506.7455976523	9	1|2|3|4|6|7|8|10|11	166565.5270126743	161169.2561776504	5396.2708350239	0.0000000000	54.4893375093	0.0000000000	Optimal	true	0.000000000
2	1.75	12	CONDITIONAL_MEAN	1807.6070244230	7	0|3|4|5|7|8|10	108647.8996659685	107247.8880417301	1400.0116242384	0.0000000000	16.2111831904	0.0000000000	Optimal	true	0.000000000
2	1.75	13	REALIZED	1705.5710863517	7	3|4|5|7|8|10|11	99739.5823482983	96544.0504808090	1804.8190350355	1390.7128324538	17.2059450246	65.8348960879	Optimal	true	0.000000000
2	1.75	13	CONDITIONAL_MEAN	1696.0164395336	7	0|3|4|7|8|10|11	99951.7979760188	99306.0718120815	645.7261639373	0.0000000000	4.4044595520	0.0000000000	Optimal	true	0.000000000
2	1.75	14	REALIZED	2284.1181305583	9	0|1|2|3|4|6|7|8|10	147105.9308154498	138905.4683324732	6167.4952112719	2032.9672717046	61.4502256409	103.2411705926	Optimal	true	0.000000000
2	1.75	14	CONDITIONAL_MEAN	2196.9743086883	7	3|4|6|7|8|10|11	135227.8394540571	128756.5866116604	6471.2528423967	0.0000000000	62.3371998072	0.0000000000	Optimal	true	0.000000000
2	1.75	15	REALIZED	1499.9946564360	6	2|3|4|7|8|11	85064.1210878094	76156.9286657623	7432.2813604323	1474.9110616149	72.4876478821	83.4853400231	Optimal	true	0.000000000
2	1.75	15	CONDITIONAL_MEAN	2074.6969175190	7	3|4|6|7|8|10|11	124472.1405889453	121268.3963423798	3203.7442465654	0.0000000000	37.7355543401	0.0000000000	Optimal	true	0.000000000
2	1.75	16	REALIZED	2335.5925011205	8	0|1|3|4|7|8|10|11	147976.6631135180	125507.3204288221	21839.4643447637	629.8783399321	243.5281484545	31.6622819044	Optimal	true	0.000000000
2	1.75	16	CONDITIONAL_MEAN	1725.4516870397	6	0|3|4|7|8|10	104172.6054437921	98574.4567118577	5598.1487319345	0.0000000000	42.4998688019	0.0000000000	Optimal	true	0.000000000
2	1.75	17	REALIZED	2535.0317996299	8	3|4|5|6|7|8|10|11	176901.6708210883	138753.1788544000	38148.4919666882	0.0000000000	301.6867654389	0.0000000000	Optimal	true	0.000000000
2	1.75	17	CONDITIONAL_MEAN	2043.7776374596	7	3|4|6|7|8|10|11	122470.1456766827	119594.8918619853	2875.2538146974	0.0000000000	35.6948192809	0.0000000000	Optimal	true	0.000000000
2	1.75	18	REALIZED	2519.7751965447	9	0|2|3|5|6|7|8|9|10	171609.8849604643	164179.7512974234	5828.2855360664	1601.8481269745	49.7262522023	79.5641648612	Optimal	true	0.000000000
2	1.75	18	CONDITIONAL_MEAN	1948.2095125789	7	0|3|4|5|7|8|10	117521.4443642698	114448.3532006586	3073.0911636112	0.0000000000	35.3367960324	0.0000000000	Optimal	true	0.000000000
2	1.75	19	REALIZED	1131.9831960341	5	2|3|4|7|8	67577.2303228867	52277.7760524175	12187.6535660527	3111.8007044165	101.2772806000	176.3610024662	Optimal	true	0.000000000
2	1.75	19	CONDITIONAL_MEAN	2037.4973454505	7	3|4|6|7|8|10|11	122687.5045331318	119657.2233184813	3030.2812146505	0.0000000000	32.9540187034	0.0000000000	Optimal	true	0.000000000
2	1.75	20	REALIZED	1487.3921506763	6	3|4|6|7|8|11	87372.8501459259	83326.1619053740	4046.6882405519	0.0000000000	61.7965801850	0.0000000000	Optimal	true	0.000000000
2	1.75	20	CONDITIONAL_MEAN	2060.7192039568	7	3|4|6|7|8|10|11	123821.9961068665	120643.8661845386	3178.1299223279	0.0000000000	39.4402156544	0.0000000000	Optimal	true	0.000000000
2	1.75	21	REALIZED	1747.9215919418	7	2|3|4|5|7|8|11	109176.3714110990	98625.0568890822	8584.8418577231	1966.4726642937	82.7381945475	104.0165578542	Optimal	true	0.000000000
2	1.75	21	CONDITIONAL_MEAN	1820.9507378082	7	0|3|4|5|7|8|10	110391.0617414613	108425.5710082159	1965.4907332454	0.0000000000	22.5695973063	0.0000000000	Optimal	true	0.000000000
2	1.75	22	REALIZED	1581.5041227212	6	0|3|4|6|7|8	95154.6493975511	89798.8636130447	5355.7857845064	0.0000000000	55.1089210972	0.0000000000	Optimal	true	0.000000000
2	1.75	22	CONDITIONAL_MEAN	2007.2111951425	7	3|4|6|7|8|10|11	121856.5766565516	118857.4559404962	2999.1207160554	0.0000000000	36.8393403012	0.0000000000	Optimal	true	0.000000000
2	1.75	23	REALIZED	3057.4007287996	9	0|2|3|4|6|7|8|10|11	239058.2747270866	152765.0354883038	86293.2392387826	0.0000000000	594.2934888335	0.0000000000	Optimal	true	0.000000000
2	1.75	23	CONDITIONAL_MEAN	1882.5371009968	7	3|4|6|7|8|10|11	113400.9785870196	111892.2240626053	1508.7545244143	0.0000000000	19.4131908142	0.0000000000	Optimal	true	0.000000000
2	1.75	24	REALIZED	2296.6923545127	8	1|2|3|4|5|7|8|11	156178.0225647673	122851.1309532769	31736.8771805910	1590.0144308994	225.9409760429	79.9257284330	Optimal	true	0.000000000
2	1.75	24	CONDITIONAL_MEAN	2233.3920477079	7	2|3|4|5|7|8|10	136685.5925264341	129979.5764733856	6706.0160530483	0.0000000000	59.5728373948	0.0000000000	Optimal	true	0.000000000
2	1.75	25	REALIZED	1377.7913031333	5	2|3|4|7|8	76884.3350378884	72358.4482721672	4218.3081860487	307.5785796724	53.0411958495	17.4100682923	Optimal	true	0.000000000
2	1.75	25	CONDITIONAL_MEAN	1490.1854711008	6	0|3|4|7|8|10	88531.6618988859	87312.6240496930	1219.0378491929	0.0000000000	6.3978245640	0.0000000000	Optimal	true	0.000000000
2	1.75	26	REALIZED	1646.6809086155	7	3|4|6|7|8|10|11	102171.4080892628	93210.5079359267	6835.3566657268	2125.5434876093	74.9812842965	75.8995465465	Optimal	true	0.000000000
2	1.75	26	CONDITIONAL_MEAN	1894.0612794603	7	0|3|4|5|7|8|10	112840.4944126775	111358.8332874252	1481.6611252523	0.0000000000	17.1652865317	0.0000000000	Optimal	true	0.000000000
2	1.75	27	REALIZED	2443.8948877520	9	0|3|4|5|7|8|9|10|11	161639.8102898704	139520.6833431631	20828.3479586300	1290.7789880773	186.9806108090	62.6009798016	Optimal	true	0.000000000
2	1.75	27	CONDITIONAL_MEAN	1957.2379987707	7	0|3|4|7|8|10|11	117048.3438787320	113263.8907825024	3784.4530962296	0.0000000000	31.8330241883	0.0000000000	Optimal	true	0.000000000
2	1.75	28	REALIZED	1467.2059596445	7	0|1|3|4|7|8|11	96877.3985717603	87201.9781031870	7818.3775957404	1857.0428728329	79.2626753004	92.2795588117	Optimal	true	0.000000000
2	1.75	28	CONDITIONAL_MEAN	1700.3559044631	7	0|3|4|5|7|8|10	102950.6558389011	102195.2265110600	755.4293278411	0.0000000000	8.7473582426	0.0000000000	Optimal	true	0.000000000
2	1.75	29	REALIZED	1310.0646998038	6	0|3|4|7|8|11	80014.8813501664	75743.2062085918	3425.2341900820	846.4409514926	39.9469395576	38.2902719733	Optimal	true	0.000000000
2	1.75	29	CONDITIONAL_MEAN	1719.4371656879	6	0|3|4|7|8|10	103539.8197489838	99200.0165298273	4339.8032191565	0.0000000000	28.0381425861	0.0000000000	Optimal	true	0.000000000
2	1.75	30	REALIZED	1475.5871976126	6	3|4|7|8|10|11	85159.0801289049	81818.3158619207	3340.7642669842	0.0000000000	27.8901598542	0.0000000000	Optimal	true	0.000000000
2	1.75	30	CONDITIONAL_MEAN	1554.8591224181	6	0|3|4|7|8|10	91800.1823914968	90537.8867440872	1262.2956474096	0.0000000000	7.2846704816	0.0000000000	Optimal	true	0.000000000
2	1.75	31	REALIZED	1979.2644113775	7	0|2|3|4|7|8|11	118654.7330248874	109332.7923212918	9321.9407035956	0.0000000000	97.3077152739	0.0000000000	Optimal	true	0.000000000
2	1.75	31	CONDITIONAL_MEAN	2103.5048144647	7	3|4|6|7|8|10|11	126647.8457766236	123106.0336558320	3541.8121207915	0.0000000000	40.8237750295	0.0000000000	Optimal	true	0.000000000
2	1.75	32	REALIZED	1743.1323514605	7	1|2|3|4|7|8|11	100049.3813211513	89203.3441742095	8044.7313099540	2801.3058369879	93.3464277354	148.1966407683	Optimal	true	0.000000000
2	1.75	32	CONDITIONAL_MEAN	2133.8006131115	7	3|4|6|7|8|10|11	128043.9074448753	124305.7491788087	3738.1582660664	0.0000000000	44.2359269805	0.0000000000	Optimal	true	0.000000000
2	1.75	33	REALIZED	3036.7886453890	9	0|2|3|4|6|7|8|10|11	221037.0935963266	174314.6676761504	46722.4259201763	0.0000000000	325.6003490169	0.0000000000	Optimal	true	0.000000000
2	1.75	33	CONDITIONAL_MEAN	2506.7899980638	9	0|2|3|4|5|7|8|10|11	156062.7736692182	148659.1612149604	7403.6124542579	0.0000000000	65.2148548400	0.0000000000	Optimal	true	0.000000000
2	1.75	34	REALIZED	1965.8712483054	8	0|2|3|4|5|7|8|11	122041.5861251723	111529.6580136193	9455.3274161490	1056.6006954040	106.3822719004	56.3127489224	Optimal	true	0.000000000
2	1.75	34	CONDITIONAL_MEAN	1819.6315023850	7	0|3|4|5|7|8|10	109353.2540545500	107350.6028195748	2002.6512349753	0.0000000000	22.9002988716	0.0000000000	Optimal	true	0.000000000
2	1.75	35	REALIZED	1806.0337180011	7	1|2|3|4|7|8|11	113728.3784796767	94725.8188627383	16390.4856432432	2612.0739736952	134.8946156133	135.6550771522	Optimal	true	0.000000000
2	1.75	35	CONDITIONAL_MEAN	1813.2070550759	7	0|3|4|5|7|8|10	110466.5202878004	108425.7182533942	2040.8020344062	0.0000000000	21.8924697278	0.0000000000	Optimal	true	0.000000000
2	1.75	36	REALIZED	2163.2664117188	7	2|3|4|5|7|8|11	131758.5346722563	121932.2576833191	9826.2769889372	0.0000000000	99.3343383548	0.0000000000	Optimal	true	0.000000000
2	1.75	36	CONDITIONAL_MEAN	2042.9585363271	7	3|4|6|7|8|10|11	124345.2537722338	121094.7500555730	3250.5037166608	0.0000000000	37.0766618575	0.0000000000	Optimal	true	0.000000000
2	1.75	37	REALIZED	1710.7230881786	9	0|1|3|4|5|7|8|9|11	121297.4316278025	112826.5658979134	1081.4681728091	7389.3975570800	9.7254047232	361.4304852986	Optimal	true	0.000000000
2	1.75	37	CONDITIONAL_MEAN	2259.3453133837	8	2|3|4|5|7|8|10|11	139602.1355357592	133551.6127582691	6050.5227774901	0.0000000000	57.3146525275	0.0000000000	Optimal	true	0.000000000
2	1.75	38	REALIZED	2665.2967339649	8	2|3|4|6|7|8|10|11	170007.1967881695	133943.3330265560	36063.8637616134	0.0000000000	409.5695583136	0.0000000000	Optimal	true	0.000000000
2	1.75	38	CONDITIONAL_MEAN	2405.5904957311	8	0|3|4|6|7|8|10|11	150026.3508016544	142655.5693190639	7370.7814825904	0.0000000000	66.9416793806	0.0000000000	Optimal	true	0.000000000
2	1.75	39	REALIZED	1197.9759276256	5	3|4|7|8|10	68538.1391595400	64602.6706659964	3935.4684935436	0.0000000000	42.0794624388	0.0000000000	Optimal	true	0.000000000
2	1.75	39	CONDITIONAL_MEAN	2004.2647975987	7	3|4|6|7|8|10|11	121284.8971683894	118392.5940218125	2892.3031465768	0.0000000000	35.3925137151	0.0000000000	Optimal	true	0.000000000
2	1.75	40	REALIZED	1406.1750953206	6	0|3|4|7|8|10	83982.7068797387	82421.9679413731	1560.7389383656	0.0000000000	11.8078044943	0.0000000000	Optimal	true	0.000000000
2	1.75	40	CONDITIONAL_MEAN	1785.0538088317	7	0|3|4|5|7|8|10	106893.5165063986	106441.7914952623	451.7250111363	0.0000000000	5.2306686462	0.0000000000	Optimal	true	0.000000000
2	1.75	41	REALIZED	1874.5537212120	7	2|3|4|5|7|8|11	119767.4202773064	116885.3044970341	2685.3485018674	196.7672784050	17.4581591694	11.1377448923	Optimal	true	0.000000000
2	1.75	41	CONDITIONAL_MEAN	1928.5781161004	7	3|4|6|7|8|10|11	116937.8283783627	114976.1207738100	1961.7076045527	0.0000000000	23.1099074320	0.0000000000	Optimal	true	0.000000000
2	1.75	42	REALIZED	1908.0222897924	7	1|3|4|6|7|8|10	127558.1542156175	105713.8041421347	20628.0402968845	1216.3097765982	201.3992663339	61.1406053968	Optimal	true	0.000000000
2	1.75	42	CONDITIONAL_MEAN	1662.2632740700	6	0|3|4|7|8|10	100339.3744743732	96399.1030801234	3940.2713942498	0.0000000000	23.5416566974	0.0000000000	Optimal	true	0.000000000
2	1.75	43	REALIZED	1707.5304240840	7	0|3|4|6|7|8|11	103366.4197662443	99485.7378302723	2768.7345388256	1111.9473971464	32.4436788360	41.4679908138	Optimal	true	0.000000000
2	1.75	43	CONDITIONAL_MEAN	2010.5815037082	7	3|4|6|7|8|10|11	122278.7993334836	119277.2034807975	3001.5958526861	0.0000000000	35.6751660500	0.0000000000	Optimal	true	0.000000000
2	1.75	44	REALIZED	1284.6084529969	5	0|3|4|7|8	79184.2189498481	59504.1235697725	19107.2384325498	572.8569475257	208.7785284643	25.0968576733	Optimal	true	0.000000000
2	1.75	44	CONDITIONAL_MEAN	1770.9228636390	7	0|3|4|7|8|10|11	104882.5933216411	103058.4571117063	1824.1362099349	0.0000000000	15.2202429296	0.0000000000	Optimal	true	0.000000000
2	1.75	45	REALIZED	2476.0813569468	9	0|2|3|4|6|7|8|9|10	183568.4692117274	149946.6157289939	32210.5692920864	1411.2841906472	187.0640992737	73.2241003455	Optimal	true	0.000000000
2	1.75	45	CONDITIONAL_MEAN	2262.1411189482	8	2|3|4|5|7|8|10|11	139820.4724747492	133729.7986281867	6090.6738465624	0.0000000000	58.2289759063	0.0000000000	Optimal	true	0.000000000
2	1.75	46	REALIZED	2600.8449274074	9	0|2|3|4|6|7|8|10|11	173798.9568340877	148756.2998969590	24859.0580597965	183.5988773322	227.3645905006	10.3923654116	Optimal	true	0.000000000
2	1.75	46	CONDITIONAL_MEAN	2284.7074524902	8	0|3|4|6|7|8|10|11	140078.4943075590	135771.0747674746	4307.4195400844	0.0000000000	41.7357085768	0.0000000000	Optimal	true	0.000000000
2	1.75	47	REALIZED	2835.1511296850	9	0|2|3|4|6|7|8|9|10	202972.7916861384	153007.2272798347	48764.0098238553	1201.5545824483	390.4726551094	58.2737206300	Optimal	true	0.000000000
2	1.75	47	CONDITIONAL_MEAN	2445.3584835907	8	0|3|4|6|7|8|10|11	152851.5803246290	144887.6331917628	7963.9471328662	0.0000000000	75.1024299929	0.0000000000	Optimal	true	0.000000000
2	1.75	48	REALIZED	2213.9640633720	9	0|2|3|4|6|7|8|9|10	152277.0682638949	138175.8032048596	9435.0419325548	4666.2231264804	73.9394471715	220.9764038267	Optimal	true	0.000000000
2	1.75	48	CONDITIONAL_MEAN	2290.0091279619	8	0|3|4|6|7|8|10|11	141994.2201333755	136450.8514072979	5543.3687260776	0.0000000000	50.9232822372	0.0000000000	Optimal	true	0.000000000
2	1.75	49	REALIZED	1517.8431830953	6	3|4|7|8|10|11	92325.8081446468	86897.1845757944	5428.6235688524	0.0000000000	57.5793715701	0.0000000000	Optimal	true	0.000000000
2	1.75	49	CONDITIONAL_MEAN	1980.5206644930	7	3|4|6|7|8|10|11	120734.9541509072	117671.6773989900	3063.2767519172	0.0000000000	36.7226180437	0.0000000000	Optimal	true	0.000000000
2	1.75	50	REALIZED	2355.0781502131	8	1|2|3|4|6|7|8|11	149971.7901651595	128347.9266048148	20188.1263588560	1435.7372014887	203.0423426093	72.1706290442	Optimal	true	0.000000000
2	1.75	50	CONDITIONAL_MEAN	2226.3936275310	8	1|2|3|4|7|8|10|11	138265.7297160006	132680.3589452978	4301.5689931416	1283.8017775611	40.8205410413	64.5332458883	Optimal	true	0.000000000
2	1.75	51	REALIZED	1791.0619356045	6	2|3|4|7|8|11	105187.3373080008	87806.2963389277	17264.5467596914	116.4942093816	191.6222298001	6.5939967053	Optimal	true	0.000000000
2	1.75	51	CONDITIONAL_MEAN	2356.3919921652	8	0|3|4|6|7|8|10|11	146116.6912557381	140073.0069044511	6043.6843512870	0.0000000000	56.7001316423	0.0000000000	Optimal	true	0.000000000
2	1.75	52	REALIZED	1502.5483073052	6	0|3|4|7|8|11	88012.5740546524	81398.1647702985	6614.4092843539	0.0000000000	63.6266749370	0.0000000000	Optimal	true	0.000000000
2	1.75	52	CONDITIONAL_MEAN	2104.5070827904	7	3|4|6|7|8|10|11	127634.3814125414	124102.6992017057	3531.6822108356	0.0000000000	43.2467504857	0.0000000000	Optimal	true	0.000000000
2	1.75	53	REALIZED	1682.4584537135	6	4|5|6|7|8|11	107049.9760181875	101087.9291750993	5962.0468430881	0.0000000000	49.3940292883	0.0000000000	Optimal	true	0.000000000
2	1.75	53	CONDITIONAL_MEAN	1782.9974709849	7	0|3|4|5|7|8|10	107295.8569486994	106038.5799585769	1257.2769901225	0.0000000000	14.2007871186	0.0000000000	Optimal	true	0.000000000
2	1.75	54	REALIZED	2455.0607486338	8	1|2|3|4|5|7|8|11	168173.3248794062	128875.3317828131	38708.9445545448	589.0485420482	264.7058415428	29.6098783072	Optimal	true	0.000000000
2	1.75	54	CONDITIONAL_MEAN	2192.9328673309	7	3|4|6|7|8|10|11	133920.1700425971	128710.3483716208	5209.8216709764	0.0000000000	55.9325771913	0.0000000000	Optimal	true	0.000000000
2	1.75	55	REALIZED	1660.5183922833	7	0|3|4|5|7|8|10	103885.6615163887	100894.2081742360	1873.4229989797	1118.0303431729	36.4531064745	52.9263912350	Optimal	true	0.000000000
2	1.75	55	CONDITIONAL_MEAN	1328.7154174018	6	0|3|4|7|8|11	77215.5246163184	75122.1006102039	2093.4240061144	0.0000000000	23.8221753422	0.0000000000	Optimal	true	0.000000000
2	1.75	56	REALIZED	936.5501392785	4	4|7|10|11	57572.3427544058	55911.7121016870	1205.3109513198	455.3197013989	10.9276001759	21.6914151385	Optimal	true	0.000000000
2	1.75	56	CONDITIONAL_MEAN	1373.4778382175	6	0|3|4|7|8|11	79337.6701453979	76511.7333684566	2825.9367769413	0.0000000000	31.2458220382	0.0000000000	Optimal	true	0.000000000
2	1.75	57	REALIZED	1090.6596361857	5	2|3|4|7|8	61911.3799312386	50686.8528190056	7769.4825589405	3455.0445532924	80.8357991100	197.2430808246	Optimal	true	0.000000000
2	1.75	57	CONDITIONAL_MEAN	1856.9046882025	7	0|3|4|5|7|8|10	111306.3773894871	110492.7031722373	813.6742172498	0.0000000000	9.2620600842	0.0000000000	Optimal	true	0.000000000
2	1.75	58	REALIZED	2223.8696323038	8	0|2|3|4|6|7|8|11	144706.3673378582	133751.6294293969	10954.7379084614	0.0000000000	86.9999474975	0.0000000000	Optimal	true	0.000000000
2	1.75	58	CONDITIONAL_MEAN	1745.3639841550	7	0|3|4|7|8|10|11	104444.6007792023	102057.6951438924	2386.9056353099	0.0000000000	12.6838704220	0.0000000000	Optimal	true	0.000000000
2	1.75	59	REALIZED	1575.9758680858	6	3|4|7|8|10|11	91741.7423512799	89387.7513776497	2353.9909736302	0.0000000000	23.4756775958	0.0000000000	Optimal	true	0.000000000
2	1.75	59	CONDITIONAL_MEAN	2199.7162539036	8	1|2|3|4|7|8|10|11	135394.0080005980	131421.2286855127	2660.0468309739	1312.7324841113	31.8098189729	65.9875143215	Optimal	true	0.000000000
3	1.50	0	REALIZED	1549.2610246961	7	1|4|7|8|9|10|11	81145.6950674819	75350.1107078606	5795.5843596213	0.0000000000	49.9581799207	0.0000000000	Optimal	true	0.000000000
3	1.50	0	CONDITIONAL_MEAN	1815.0907358379	8	0|1|3|7|8|9|10|11	90945.7975159468	86437.4788663679	4508.3186495789	0.0000000000	39.7592677241	0.0000000000	Optimal	true	0.000000000
3	1.50	1	REALIZED	1574.4751658527	8	0|1|3|5|6|8|10|11	77135.7924702683	77057.7942587274	77.9982115409	0.0000000000	1.1775604121	0.0000000000	Optimal	true	0.000000000
3	1.50	1	CONDITIONAL_MEAN	1345.0483917018	7	0|1|3|7|8|9|10	66212.6884719938	66090.4391771944	5.0364937081	117.2128010912	0.0497114423	4.5486897138	Optimal	true	0.000000000
3	1.50	2	REALIZED	1908.4987122712	9	0|1|3|4|5|6|8|10|11	108265.6169571487	94639.7089778199	13625.9079793288	0.0000000000	135.6822159610	0.0000000000	Optimal	true	0.000000000
3	1.50	2	CONDITIONAL_MEAN	1776.3815457657	9	0|1|3|6|7|8|9|10|11	88947.5479480269	88887.4044225822	0.0000000000	60.1435254447	0.0000000000	2.3339962273	Optimal	true	0.000000000
3	1.50	3	REALIZED	1995.0385845985	9	2|3|4|6|7|8|9|10|11	91280.0177880069	89016.7735064074	1675.1554493049	588.0888322946	26.9800212611	22.8220262407	Optimal	true	0.000000000
3	1.50	3	CONDITIONAL_MEAN	1793.4508748521	9	0|1|3|6|7|8|9|10|11	89539.6027440432	89534.1315966359	0.0000000000	5.4711474074	0.0000000000	0.2123194029	Optimal	true	0.000000000
3	1.50	4	REALIZED	1330.9994676136	7	1|3|7|8|9|10|11	71264.5931572529	69247.4737475730	1226.5711124716	790.5482972084	9.7630352188	30.6788923589	Optimal	true	0.000000000
3	1.50	4	CONDITIONAL_MEAN	1756.0183132971	9	0|1|3|6|7|8|9|10|11	88526.3820835349	88396.9017809044	0.0000000000	129.4803026305	0.0000000000	5.0247559587	Optimal	true	0.000000000
3	1.50	5	REALIZED	2523.0434452170	9	0|1|3|4|7|8|9|10|11	151502.9042958643	102034.1245595346	49468.7797363296	0.0000000000	449.1797933791	0.0000000000	Optimal	true	0.000000000
3	1.50	5	CONDITIONAL_MEAN	2151.6361652985	9	0|1|3|6|7|8|9|10|11	112050.0046489197	104196.1923518872	7853.8122970324	0.0000000000	72.5514807599	0.0000000000	Optimal	true	0.000000000
3	1.50	6	REALIZED	2246.2945327038	9	0|2|3|4|6|8|9|10|11	128583.2879092899	83978.1921609373	44605.0957483527	0.0000000000	406.6282681365	0.0000000000	Optimal	true	0.000000000
3	1.50	6	CONDITIONAL_MEAN	1654.1442862901	8	0|1|3|7|8|9|10|11	81661.5437310080	79898.7106194374	1762.8331115706	0.0000000000	17.3996001246	0.0000000000	Optimal	true	0.000000000
3	1.50	7	REALIZED	1594.3399039419	8	0|1|3|6|8|9|10|11	78795.5708343533	76579.2151208277	2216.3557135256	0.0000000000	21.9220925857	0.0000000000	Optimal	true	0.000000000
3	1.50	7	CONDITIONAL_MEAN	1785.8386950533	8	0|1|3|7|8|9|10|11	88812.2240420021	85271.4334595543	3540.7905824479	0.0000000000	34.9484814276	0.0000000000	Optimal	true	0.000000000
3	1.50	8	REALIZED	2031.4428935818	9	0|1|3|4|7|8|9|10|11	122772.1933555255	90259.7228426923	32512.4705128331	0.0000000000	294.5784438427	0.0000000000	Optimal	true	0.000000000
3	1.50	8	CONDITIONAL_MEAN	2076.7520317776	9	0|1|3|6|7|8|9|10|11	106858.4062615742	101157.9824065581	5700.4238550161	0.0000000000	51.1492655913	0.0000000000	Optimal	true	0.000000000
3	1.50	9	REALIZED	1001.0747624053	5	0|3|7|10|11	54287.7963721069	52302.1029965608	1985.6933755460	0.0000000000	13.5885037888	0.0000000000	Optimal	true	0.000000000
3	1.50	9	CONDITIONAL_MEAN	1035.0341852069	5	0|3|6|10|11	51981.6375157721	51681.5135815285	300.1239342436	0.0000000000	1.4492151923	0.0000000000	Optimal	true	0.000000000
3	1.50	10	REALIZED	1209.6872371285	7	0|1|3|7|8|9|10	62558.3582706611	60811.0033425646	0.0000000000	1747.3549280964	0.0000000000	67.8097896627	Optimal	true	0.000000000
3	1.50	10	CONDITIONAL_MEAN	1423.2393188655	8	0|1|3|7|8|9|10|11	70092.6811000809	68831.9852561705	0.0000000000	1260.6958439104	0.0000000000	48.9239585099	Optimal	true	0.000000000
3	1.50	11	REALIZED	1497.3990786059	6	3|6|7|8|10|11	88829.7022678819	73180.2975001252	15649.4047677567	0.0000000000	133.5432183008	0.0000000000	Optimal	true	0.000000000
3	1.50	11	CONDITIONAL_MEAN	1468.5708207031	8	0|1|3|7|8|9|10|11	73677.1615973082	70788.9672611269	2228.7572897858	659.4370463955	21.9983873474	25.5908440196	Optimal	true	0.000000000
3	1.50	12	REALIZED	1753.1244637607	9	0|1|3|4|6|7|8|10|11	93734.9123843817	89460.1801349499	1376.6125084695	2898.1197409624	12.6387253835	112.4676428881	Optimal	true	0.000000000
3	1.50	12	CONDITIONAL_MEAN	1563.4826340305	8	0|1|3|7|8|9|10|11	77140.5999198924	76074.9502274179	1065.6496924746	0.0000000000	10.5182268249	0.0000000000	Optimal	true	0.000000000
3	1.50	13	REALIZED	3174.5754192476	9	0|2|3|4|6|7|8|10|11	185924.5423621078	122449.7822020560	63474.7601600520	0.0000000000	647.5042318806	0.0000000000	Optimal	true	0.000000000
3	1.50	13	CONDITIONAL_MEAN	2050.0550320372	9	0|1|3|6|7|8|9|10|11	105045.1815677814	100575.7302341983	4469.4513335831	0.0000000000	40.0619463866	0.0000000000	Optimal	true	0.000000000
3	1.50	14	REALIZED	2034.6694017547	9	0|1|2|3|6|8|9|10|11	99701.2105305718	90582.7811259014	9118.4294046704	0.0000000000	96.9542680889	0.0000000000	Optimal	true	0.000000000
3	1.50	14	CONDITIONAL_MEAN	1831.5651584957	9	0|1|3|6|7|8|9|10|11	92980.7096792217	91048.8237425097	1931.8859367121	0.0000000000	16.6529376891	0.0000000000	Optimal	true	0.000000000
3	1.50	15	REALIZED	2229.7423299239	9	0|1|2|3|4|8|9|10|11	119895.4269232173	97380.5892477111	22514.8376755063	0.0000000000	188.7997438555	0.0000000000	Optimal	true	0.000000000
3	1.50	15	CONDITIONAL_MEAN	1802.5205195742	8	0|1|3|7|8|9|10|11	89779.0939470910	86278.9772026638	3500.1167444272	0.0000000000	30.6552430951	0.0000000000	Optimal	true	0.000000000
3	1.50	16	REALIZED	1301.8175874592	6	0|3|6|8|10|11	64094.9494351991	60407.4627259063	3687.4867092929	0.0000000000	35.5855196057	0.0000000000	Optimal	true	0.000000000
3	1.50	16	CONDITIONAL_MEAN	1598.6433532628	8	0|1|3|6|7|8|9|10	80753.0101756304	79909.2818712459	560.6455098685	283.0827945160	5.0741411766	10.9856242968	Optimal	true	0.000000000
3	1.50	17	REALIZED	1491.4678197908	7	0|1|3|6|8|9|10	75873.4522610774	73150.2479020236	2723.2043590538	0.0000000000	24.6886326525	0.0000000000	Optimal	true	0.000000000
3	1.50	17	CONDITIONAL_MEAN	2253.1948499403	9	0|1|3|6|7|8|9|10|11	118675.5819431620	107173.4866657822	11502.0952773798	0.0000000000	106.7003837600	0.0000000000	Optimal	true	0.000000000
3	1.50	18	REALIZED	1702.3687566652	8	0|1|3|4|6|8|10|11	90679.5649410141	89518.0668800449	1161.4980609692	0.0000000000	17.1851276364	0.0000000000	Optimal	true	0.000000000
3	1.50	18	CONDITIONAL_MEAN	1739.8868467275	8	0|1|3|7|8|9|10|11	86507.8095607117	83586.1837772271	2921.6257834847	0.0000000000	28.8371712630	0.0000000000	Optimal	true	0.000000000
3	1.50	19	REALIZED	1744.5605565629	8	1|4|6|7|8|9|10|11	93625.8325132230	83869.6865315409	9174.0892488190	582.0567328631	90.3755771933	22.5879379126	Optimal	true	0.000000000
3	1.50	19	CONDITIONAL_MEAN	1800.8920652375	8	0|1|3|7|8|9|10|11	90362.9016325669	85854.8203066837	4508.0813258832	0.0000000000	41.0907897206	0.0000000000	Optimal	true	0.000000000
3	1.50	20	REALIZED	1500.3711497964	8	0|1|3|6|8|9|10|11	72541.3052088591	71656.1434144291	717.0546784833	168.1071159468	6.1810413615	6.5686754679	Optimal	true	8.986374160e-10
3	1.50	20	CONDITIONAL_MEAN	1689.7071374925	8	0|1|3|7|8|9|10|11	83148.4692372587	81975.8329922432	1172.6362450155	0.0000000000	11.0991934950	0.0000000000	Optimal	true	0.000000000
3	1.50	21	REALIZED	1973.5358112657	9	0|1|4|5|6|7|8|10|11	114767.4537177598	94820.9769311161	19278.4253162455	668.0514703981	196.3638353003	25.9251448937	Optimal	true	0.000000000
3	1.50	21	CONDITIONAL_MEAN	1948.1834087831	9	0|1|3|6|7|8|9|10|11	96854.3824198198	96854.3824198199	0.0000000000	0.0000000000	0.0000000000	0.0000000000	Optimal	true	0.000000000
3	1.50	22	REALIZED	2210.4776258389	9	0|3|4|6|7|8|9|10|11	120669.3550893168	106287.6802782768	14381.6748110399	0.0000000000	126.6622947482	0.0000000000	Optimal	true	0.000000000
3	1.50	22	CONDITIONAL_MEAN	2039.2097901063	9	0|1|3|6|7|8|9|10|11	103386.7613303309	100245.3317486303	3141.4295817005	0.0000000000	28.7048141063	0.0000000000	Optimal	true	0.000000000
3	1.50	23	REALIZED	1762.1724958822	8	0|1|3|6|8|9|10|11	93244.1727079412	81917.8486502699	11326.3240576712	0.0000000000	89.0691539389	0.0000000000	Optimal	true	0.000000000
3	1.50	23	CONDITIONAL_MEAN	1647.1482212399	8	0|1|3|6|7|8|10|11	82545.8451135292	82350.3643145481	58.9033699491	136.5774290320	0.9381825973	5.3001749023	Optimal	true	0.000000000
3	1.50	24	REALIZED	1589.7565466532	7	0|3|7|8|9|10|11	92215.2738553981	65718.3433222233	26479.3503139631	17.5802192116	228.1674148670	0.6822374480	Optimal	true	0.000000000
3	1.50	24	CONDITIONAL_MEAN	1885.0573340215	9	0|1|3|4|7|8|9|10|11	97019.1167498527	89179.5097211539	7665.9285509175	173.6784777813	69.8690885862	6.7399592710	Optimal	true	0.000000000
3	1.50	25	REALIZED	1540.9409372045	8	0|1|3|7|8|9|10|11	79069.2245712288	74009.7626498328	4910.2949782354	149.1669431606	42.3478391366	5.7887375242	Optimal	true	0.000000000
3	1.50	25	CONDITIONAL_MEAN	1903.3805581121	9	0|1|3|6|7|8|9|10|11	95636.5417045657	94437.0223418788	1199.5193626869	0.0000000000	11.8395536795	0.0000000000	Optimal	true	0.000000000
3	1.50	26	REALIZED	2082.8523727258	9	0|1|3|4|7|8|9|10|11	114657.0253344621	92676.0250212671	21788.9297090554	192.0706041398	191.5104418879	7.4537044865	Optimal	true	0.000000000
3	1.50	26	CONDITIONAL_MEAN	1698.4831685057	8	0|1|3|6|7|8|10|11	85408.4083053519	85202.9647821167	19.8505863730	185.5929368623	0.4870568511	7.2023249594	Optimal	true	0.000000000
3	1.50	27	REALIZED	1309.7293172393	7	0|1|7|8|9|10|11	65823.3846873510	61697.8355072135	3473.4111228801	652.1380572574	29.9321296944	25.3075913672	Optimal	true	0.000000000
3	1.50	27	CONDITIONAL_MEAN	1567.1097356334	8	0|1|3|7|8|9|10|11	77490.8985907514	75809.3272817953	1681.5713089561	0.0000000000	16.5975259739	0.0000000000	Optimal	true	0.000000000
3	1.50	28	REALIZED	1325.9109550542	7	0|3|7|8|9|10|11	65352.9576053835	65027.7582563731	0.0000000000	325.1993490104	0.0000000000	12.6200459336	Optimal	true	0.000000000
3	1.50	28	CONDITIONAL_MEAN	1658.3651585738	8	0|1|3|7|8|9|10|11	82374.6222898437	79287.9301965952	3086.6920932485	0.0000000000	30.4664166890	0.0000000000	Optimal	true	0.000000000
3	1.50	29	REALIZED	1812.4619785709	9	0|1|3|5|6|7|8|9|10	104893.0487674242	81198.3444772547	22330.3064433504	1364.3978468192	206.1611342759	52.9483332329	Optimal	true	0.000000000
3	1.50	29	CONDITIONAL_MEAN	1813.7507867371	9	0|1|3|6|7|8|9|10|11	90652.9125513591	90629.7527635340	0.0000000000	23.1597878253	0.0000000000	0.8987643642	Optimal	true	0.000000000
3	1.50	30	REALIZED	3082.1152434743	9	0|2|4|6|7|8|9|10|11	169901.4035632893	122851.2407693565	47050.1627939327	0.0000000000	532.1802273660	0.0000000000	Optimal	true	0.000000000
3	1.50	30	CONDITIONAL_MEAN	2136.3448026300	9	0|1|3|6|7|8|9|10|11	109895.5398838200	103935.1539336717	5960.3859501482	0.0000000000	54.9825513082	0.0000000000	Optimal	true	0.000000000
3	1.50	31	REALIZED	1790.2896163051	8	0|3|4|7|8|9|10|11	88392.2254757690	85691.0878485533	2701.1376272158	0.0000000000	33.9939251330	0.0000000000	Optimal	true	0.000000000
3	1.50	31	CONDITIONAL_MEAN	2119.7973473621	9	0|1|3|6|7|8|9|10|11	108963.0180410638	103184.8312373755	5778.1868036884	0.0000000000	53.1565312689	0.0000000000	Optimal	true	0.000000000
3	1.50	32	REALIZED	1491.2958611253	7	2|4|6|8|9|10|11	75418.8795607615	63368.4453360790	9676.9133192668	2373.5209054156	88.4084650655	112.3608718737	Optimal	true	0.000000000
3	1.50	32	CONDITIONAL_MEAN	1427.9118479331	7	0|1|3|7|8|9|10	71221.1348639529	68812.8770948940	2408.2577690588	0.0000000000	23.7701016072	0.0000000000	Optimal	true	0.000000000
3	1.50	33	REALIZED	2129.0768273920	9	0|1|3|4|6|7|8|10|11	113961.3601728256	100834.1681351482	13127.1920376773	0.0000000000	131.9321293854	0.0000000000	Optimal	true	0.000000000
3	1.50	33	CONDITIONAL_MEAN	2224.6203138590	9	0|1|3|6|7|8|9|10|11	116513.5840641259	106837.1625138720	9676.4215502538	0.0000000000	89.1441918663	0.0000000000	Optimal	true	0.000000000
3	1.50	34	REALIZED	1555.5842745675	8	0|3|4|7|8|9|10|11	78483.6401669819	73924.5146582600	3072.7878053313	1486.3377033906	26.6424802083	57.6804662945	Optimal	true	0.000000000
3	1.50	34	CONDITIONAL_MEAN	1480.9641157337	8	0|1|3|7|8|9|10|11	73046.7998262151	72221.0064153865	392.4834764001	433.3099344285	3.8739092771	16.8155049898	Optimal	true	0.000000000
3	1.50	35	REALIZED	1656.7811553582	8	1|3|6|7|8|9|10|11	83243.0049566196	79282.9719254521	3822.0327809060	138.0002502614	54.6637521756	5.3553904780	Optimal	true	0.000000000
3	1.50	35	CONDITIONAL_MEAN	2137.5731092586	9	0|1|3|6|7|8|9|10|11	112776.5260131645	102080.9143572094	10695.6116559551	0.0000000000	96.9952997038	0.0000000000	Optimal	true	0.000000000
3	1.50	36	REALIZED	2102.2838650538	9	0|1|3|4|7|8|9|10|11	112283.0118212687	91936.8739163612	20346.1379049075	0.0000000000	199.1498112161	0.0000000000	Optimal	true	0.000000000
3	1.50	36	CONDITIONAL_MEAN	1920.6303543304	9	0|1|3|6|7|8|9|10|11	95973.8844175688	95438.7486072273	535.1358103415	0.0000000000	4.6128930986	0.0000000000	Optimal	true	0.000000000
3	1.50	37	REALIZED	1760.0548817469	9	0|1|3|5|6|8|9|10|11	87371.2187898546	83376.8520125284	3994.3667773263	0.0000000000	69.7046583728	0.0000000000	Optimal	true	0.000000000
3	1.50	37	CONDITIONAL_MEAN	1895.8451495777	9	0|1|3|6|7|8|9|10|11	96970.3527727276	93426.3752247708	3543.9775479568	0.0000000000	30.5492348984	0.0000000000	Optimal	true	0.000000000
3	1.50	38	REALIZED	1580.8076810840	8	0|2|3|6|8|9|10|11	76789.7769857441	71044.2618762317	4988.1087394314	757.4063700811	47.7945795338	29.5951579111	Optimal	true	0.000000000
3	1.50	38	CONDITIONAL_MEAN	1699.7423276339	8	0|1|3|7|8|9|10|11	83971.4623945324	82065.6425420541	1905.8198524783	0.0000000000	18.8109147287	0.0000000000	Optimal	true	0.000000000
3	1.50	39	REALIZED	2034.7086456316	9	0|2|3|4|6|7|8|9|10	100698.7423290486	95478.5819868290	5220.1603422195	0.0000000000	61.1356093927	0.0000000000	Optimal	true	0.000000000
3	1.50	39	CONDITIONAL_MEAN	1785.3404046489	8	0|1|3|7|8|9|10|11	89060.7238853468	85352.1520442096	3708.5718411373	0.0000000000	36.6045240730	0.0000000000	Optimal	true	0.000000000
3	1.50	40	REALIZED	1686.4052786790	8	0|3|4|7|8|9|10|11	92183.8573688530	86811.9685822329	5371.8887866201	0.0000000000	52.2913584092	0.0000000000	Optimal	true	0.000000000
3	1.50	40	CONDITIONAL_MEAN	1697.9074853703	8	0|1|3|7|8|9|10|11	84109.9733675116	82259.1964978566	1850.7768696550	0.0000000000	18.2525152033	0.0000000000	Optimal	true	0.000000000
3	1.50	41	REALIZED	1686.3731777104	8	0|1|3|6|7|8|9|10	90953.0041682233	89013.4301109132	1939.5740573102	0.0000000000	21.1631325482	0.0000000000	Optimal	true	0.000000000
3	1.50	41	CONDITIONAL_MEAN	1831.3001580321	9	0|1|3|6|7|8|9|10|11	91405.3196799199	91405.3196799199	0.0000000000	0.0000000000	0.0000000000	0.0000000000	Optimal	true	0.000000000
3	1.50	42	REALIZED	2389.6005059852	9	0|1|4|6|7|8|9|10|11	136547.0244328563	103733.5827824830	32729.5595975504	83.8820528229	312.6427617497	3.2552197993	Optimal	true	0.000000000
3	1.50	42	CONDITIONAL_MEAN	2063.1262344210	9	0|1|3|6|7|8|9|10|11	105586.7484870984	101033.3940673885	4553.3544197098	0.0000000000	40.1723453296	0.0000000000	Optimal	true	0.000000000
3	1.50	43	REALIZED	1499.8200906862	8	0|1|3|6|8|9|10|11	73937.7959624500	73913.7727008079	0.0000000000	24.0232616420	0.0000000000	0.9386932166	Optimal	true	0.000000000
3	1.50	43	CONDITIONAL_MEAN	1666.8470452017	8	0|1|3|6|7|8|10|11	83846.3648628580	83528.6906105305	0.0000000000	317.6742523275	0.0000000000	12.3280187014	Optimal	true	0.000000000
3	1.50	44	REALIZED	951.0302462084	5	1|8|9|10|11	44834.1327500110	41321.0876516779	3019.3763293241	493.6687690090	24.4005840606	26.7082391266	Optimal	true	0.000000000
3	1.50	44	CONDITIONAL_MEAN	1075.6839150068	5	0|3|6|10|11	54145.4853296513	53513.5795914185	631.9057382327	0.0000000000	3.5132799567	0.0000000000	Optimal	true	0.000000000
3	1.50	45	REALIZED	1631.0234572222	7	0|3|7|8|9|10|11	100749.8900504673	65861.1643700727	34736.2785435738	152.4471368208	298.4084885849	5.9160323505	Optimal	true	0.000000000
3	1.50	45	CONDITIONAL_MEAN	1805.0989224588	9	0|1|3|6|7|8|9|10|11	91630.6917393643	90271.7059496605	1308.1312027437	50.8545869601	11.2761457571	1.9735193976	Optimal	true	0.000000000
3	1.50	46	REALIZED	2795.1685390374	9	0|1|3|4|6|7|8|10|11	192793.8184087075	100699.9298979212	92049.0839860060	44.8045247802	865.6858635970	1.7387339873	Optimal	true	0.000000000
3	1.50	46	CONDITIONAL_MEAN	2125.4862496872	9	0|1|3|6|7|8|9|10|11	108608.2654655056	103386.9558033111	5221.3096621944	0.0000000000	47.8578998136	0.0000000000	Optimal	true	0.000000000
3	1.50	47	REALIZED	1742.1271174181	9	0|1|3|4|5|6|7|8|10	93538.6782928051	85979.1753389169	5150.8827578799	2408.6201960083	49.4016994652	93.4715816704	Optimal	true	0.000000000
3	1.50	47	CONDITIONAL_MEAN	1813.3282839838	9	0|1|3|6|7|8|9|10|11	90891.1156773663	90672.5291342875	160.1774483576	58.4090947213	1.5809911512	2.2666879887	Optimal	true	0.000000000
3	1.50	48	REALIZED	1182.2098830848	6	0|3|6|8|9|10	57714.9250744522	56079.3922991109	1555.9691768574	79.5635984839	12.8585216609	3.1088955072	Optimal	true	0.000000000
3	1.50	48	CONDITIONAL_MEAN	1479.2178630135	8	0|1|3|7|8|9|10|11	72465.5691561141	72093.9085651934	0.0000000000	371.6605909207	0.0000000000	14.4230723198	Optimal	true	0.000000000
3	1.50	49	REALIZED	1624.7784559611	7	0|1|3|7|8|10|11	93267.1228823798	68232.7221795921	24384.6789387101	649.7217640776	228.4192914474	25.2138220192	Optimal	true	0.000000000
3	1.50	49	CONDITIONAL_MEAN	1803.7824619067	8	0|1|3|7|8|9|10|11	89528.8287965038	86478.2053990015	3050.6233975023	0.0000000000	29.9521456054	0.0000000000	Optimal	true	0.000000000
3	1.50	50	REALIZED	2151.2994933006	9	0|1|3|6|7|8|9|10|11	112706.9594220850	95093.4626218505	17490.1486657902	123.3481344444	176.2616457242	4.7867842517	Optimal	true	0.000000000
3	1.50	50	CONDITIONAL_MEAN	1858.7406581469	9	0|1|3|6|7|8|9|10|11	95604.6294469315	92052.2797766624	3552.3496702692	0.0000000000	30.6214029434	0.0000000000	Optimal	true	0.000000000
3	1.50	51	REALIZED	2459.7452196607	9	0|2|4|6|7|8|9|10|11	132753.5646421132	107748.0550887233	25005.5095533898	0.0000000000	261.4161868137	0.0000000000	Optimal	true	0.000000000
3	1.50	51	CONDITIONAL_MEAN	1693.7177108513	8	0|1|3|7|8|9|10|11	84115.5702906485	81669.9031849869	2445.6671056616	0.0000000000	24.1393410398	0.0000000000	Optimal	true	0.000000000
3	1.50	52	REALIZED	1839.5239764857	9	0|1|3|4|6|8|9|10|11	89778.9244743217	84888.5606617332	4890.3638125886	0.0000000000	49.5037685256	0.0000000000	Optimal	true	0.000000000
3	1.50	52	CONDITIONAL_MEAN	1788.2170542226	9	0|1|3|6|7|8|9|10|11	89661.1599614659	89641.0798770545	0.0000000000	20.0800844114	0.0000000000	0.7792499843	Optimal	true	0.000000000
3	1.50	53	REALIZED	1213.8155035600	6	0|1|3|7|8|10	64969.3078927544	62245.7973516500	2507.2751533033	216.2353878011	17.5844789420	8.3914698317	Optimal	true	0.000000000
3	1.50	53	CONDITIONAL_MEAN	1919.5754267398	9	0|1|3|6|7|8|9|10|11	95807.7101835168	95807.7101835168	0.0000000000	0.0000000000	0.0000000000	0.0000000000	Optimal	true	0.000000000
3	1.50	54	REALIZED	2688.8844668665	9	0|3|4|6|7|8|9|10|11	159460.7734903235	116606.4487269083	42854.3247634153	0.0000000000	425.5556229580	0.0000000000	Optimal	true	0.000000000
3	1.50	54	CONDITIONAL_MEAN	2151.4564062910	9	0|1|3|6|7|8|9|10|11	112042.4527234975	104061.3764266843	7981.0762968131	0.0000000000	72.5113224386	0.0000000000	Optimal	true	0.000000000
3	1.50	55	REALIZED	1760.9873970814	9	0|1|3|4|7|8|9|10|11	89097.0954092472	83622.4393037855	4971.9634286970	502.6926767646	42.8585329998	19.5080484956	Optimal	true	0.000000000
3	1.50	55	CONDITIONAL_MEAN	1848.8653251940	9	0|1|3|6|7|8|9|10|11	92790.2459704628	92247.2644011644	542.9815692984	0.0000000000	5.3593627887	0.0000000000	Optimal	true	0.000000000
3	1.50	56	REALIZED	2282.7782428925	9	0|1|4|5|6|7|8|10|11	133994.9972339687	103247.8281715068	30747.1690624619	0.0000000000	233.4791921135	0.0000000000	Optimal	true	0.000000000
3	1.50	56	CONDITIONAL_MEAN	2046.1108918765	9	0|1|3|6|7|8|9|10|11	104344.0293327057	100351.5836316496	3992.4457010560	0.0000000000	35.5830956202	0.0000000000	Optimal	true	0.000000000
3	1.50	57	REALIZED	1358.3546755530	7	0|1|3|8|9|10|11	66058.6129249730	63605.8025827788	2452.8103421942	0.0000000000	25.2216041410	0.0000000000	Optimal	true	0.000000000
3	1.50	57	CONDITIONAL_MEAN	1428.6790667213	8	0|1|3|7|8|9|10|11	70498.1187282237	69377.5968956289	0.0000000000	1120.5218325948	0.0000000000	43.4842106540	Optimal	true	0.000000000
3	1.50	58	REALIZED	3096.7190861357	9	0|1|2|3|4|7|8|10|11	199105.1216241114	108100.0998756000	91005.0217485114	0.0000000000	858.7672717050	0.0000000000	Optimal	true	0.000000000
3	1.50	58	CONDITIONAL_MEAN	2254.6588320251	9	0|1|3|6|7|8|9|10|11	117760.6638654584	107727.7123980998	10032.9514673586	0.0000000000	94.5626785394	0.0000000000	Optimal	true	0.000000000
3	1.50	59	REALIZED	2080.4701453770	9	0|1|2|3|7|8|9|10|11	108206.2740382997	92071.8096913937	16123.9652641428	10.4990827631	173.4150529304	0.4074390282	Optimal	true	0.000000000
3	1.50	59	CONDITIONAL_MEAN	1734.2857128415	8	0|1|3|7|8|9|10|11	85568.1497571834	83679.2985962928	1888.8511608907	0.0000000000	17.8245894290	0.0000000000	Optimal	true	0.000000000
3	1.60	0	REALIZED	1549.2610246961	7	1|4|7|8|9|10|11	81791.9312885431	75468.4197429314	5795.5843596213	527.9271859904	49.9581799207	20.4873267953	Optimal	true	0.000000000
3	1.60	0	CONDITIONAL_MEAN	1815.0907358379	8	0|1|3|7|8|9|10|11	91334.7232079845	86826.4045584055	4508.3186495789	0.0000000000	39.7592677241	0.0000000000	Optimal	true	0.000000000
3	1.60	1	REALIZED	1574.4751658527	8	0|1|3|5|6|8|10|11	77932.1758592535	77208.8374015698	77.9982115409	645.3402461428	1.1775604121	25.3053116252	Optimal	true	0.000000000
3	1.60	1	CONDITIONAL_MEAN	1345.0483917018	7	0|1|3|7|8|9|10	66668.3129848741	65740.1129710097	5.0364937081	923.1635201563	0.0497114423	35.8253055058	Optimal	true	0.000000000
3	1.60	2	REALIZED	1908.4987122712	9	0|3|4|5|6|8|9|10|11	109570.0491878682	94557.0616552196	13334.5414541151	1678.4460785335	126.1682213781	65.5841813610	Optimal	true	0.000000000
3	1.60	2	CONDITIONAL_MEAN	1776.3815457657	8	0|1|3|6|7|8|10|11	89790.4837807613	89170.8003932375	175.8058123621	443.8775751617	4.3135967759	17.2256045545	Optimal	true	0.000000000
3	1.60	3	REALIZED	1995.0385845985	9	2|3|4|6|7|8|9|10|11	92502.4781457879	89161.4040560745	1675.1554493049	1665.9186404085	26.9800212611	64.6677207201	Optimal	true	0.000000000
3	1.60	3	CONDITIONAL_MEAN	1793.4508748521	8	0|1|3|6|7|8|10|11	90391.5815575308	89811.1956391103	191.1807212962	389.2051971243	4.6908377597	15.1039277300	Optimal	true	0.000000000
3	1.60	4	REALIZED	1330.9994676136	7	1|3|7|8|9|10|11	72287.6247704959	68171.9232239711	1226.5711124716	2889.1304340533	9.7630352188	112.1187938931	Optimal	true	0.000000000
3	1.60	4	CONDITIONAL_MEAN	1756.0183132971	8	0|1|3|7|8|9|10|11	89012.6930272562	84201.8390462475	4810.8539810087	0.0000000000	45.2986912383	0.0000000000	Optimal	true	0.000000000
3	1.60	5	REALIZED	2523.0434452170	9	0|1|3|4|7|8|9|10|11	151998.4936952587	102529.7139589292	49468.7797363296	0.0000000000	449.1797933791	0.0000000000	Optimal	true	0.000000000
3	1.60	5	CONDITIONAL_MEAN	2151.6361652985	9	0|1|3|6|7|8|9|10|11	112645.7603051711	104791.9480081386	7853.8122970324	0.0000000000	72.5514807599	0.0000000000	Optimal	true	0.000000000
3	1.60	6	REALIZED	2246.2945327038	9	0|2|3|4|6|8|9|10|11	130098.2200454564	83279.4640875714	44605.0957483527	2213.6602095323	406.6282681365	91.7465558351	Optimal	true	0.000000000
3	1.60	6	CONDITIONAL_MEAN	1654.1442862901	8	0|1|3|7|8|9|10|11	82103.3748214999	80231.9534736742	1762.8331115706	108.5882362551	17.3996001246	4.2139953034	Optimal	true	0.000000000
3	1.60	7	REALIZED	1594.3399039419	8	0|1|3|6|8|9|10|11	79525.2696142488	76582.3103442737	2216.3557135256	726.6035564495	21.9220925857	28.3915581401	Optimal	true	0.000000000
3	1.60	7	CONDITIONAL_MEAN	1785.8386950533	8	0|1|3|7|8|9|10|11	89191.7278513780	85650.9372689301	3540.7905824479	0.0000000000	34.9484814276	0.0000000000	Optimal	true	0.000000000
3	1.60	8	REALIZED	2031.4428935818	9	0|1|3|4|7|8|9|10|11	124282.7668203422	89403.1165249718	32512.4705128331	2367.1797825373	294.5784438427	98.0737231049	Optimal	true	0.000000000
3	1.60	8	CONDITIONAL_MEAN	2076.7520317776	9	0|1|3|6|7|8|9|10|11	107457.1008627871	101688.6212768576	5700.4238550161	68.0557309135	51.1492655913	2.6410460316	Optimal	true	0.000000000
3	1.60	9	REALIZED	1001.0747624053	5	0|1|7|10|11	54992.2496633675	53756.6667631495	580.5853180166	654.9975822015	6.8036269047	25.4185612576	Optimal	true	0.000000000
3	1.60	9	CONDITIONAL_MEAN	1035.0341852069	5	0|3|6|10|11	52680.6131295830	51686.9086902144	300.1239342436	693.5805051249	1.4492151923	27.1012040353	Optimal	true	0.000000000
3	1.60	10	REALIZED	1209.6872371285	6	0|1|3|7|8|10	63209.2950011877	61324.9043200992	684.1875094599	1200.2031716287	4.3776450030	46.5764129039	Optimal	true	0.000000000
3	1.60	10	CONDITIONAL_MEAN	1423.2393188655	6	0|3|6|8|10|11	71081.2927928356	67808.3257325149	3272.9670603207	0.0000000000	33.6521920656	0.0000000000	Optimal	true	0.000000000
3	1.60	11	REALIZED	1497.3990786059	6	3|6|7|8|10|11	90041.0037821394	72626.7451429281	15649.4047677567	1764.8538714547	133.5432183008	68.5037050083	Optimal	true	0.000000000
3	1.60	11	CONDITIONAL_MEAN	1468.5708207031	7	0|3|7|8|9|10|11	74357.2216874838	71995.9628655129	2361.2588219709	0.0000000000	22.6382004764	0.0000000000	Optimal	true	0.000000000
3	1.60	12	REALIZED	1753.1244637607	8	0|3|4|6|7|8|10|11	95159.1252078955	90142.9345459525	2459.2992925430	2556.8913694000	18.4075088524	99.2255569613	Optimal	true	0.000000000
3	1.60	12	CONDITIONAL_MEAN	1563.4826340305	8	0|1|3|7|8|9|10|11	77694.0774873092	76036.8458819297	1065.6496924746	591.5819129050	10.5182268249	22.9575825937	Optimal	true	0.000000000
3	1.60	13	REALIZED	3174.5754192476	9	0|2|3|4|6|7|8|10|11	186233.6555181595	122758.8953581075	63474.7601600520	0.0000000000	647.5042318806	0.0000000000	Optimal	true	0.000000000
3	1.60	13	CONDITIONAL_MEAN	2050.0550320372	9	0|1|3|6|7|8|9|10|11	105649.9407423086	101180.4894087255	4469.4513335831	0.0000000000	40.0619463866	0.0000000000	Optimal	true	0.000000000
3	1.60	14	REALIZED	2034.6694017547	9	0|1|2|3|6|8|9|10|11	100134.0779456639	91015.6485409935	9118.4294046704	0.0000000000	96.9542680889	0.0000000000	Optimal	true	0.000000000
3	1.60	14	CONDITIONAL_MEAN	1831.5651584957	8	0|1|3|7|8|9|10|11	93613.6315246330	86735.1142190884	6878.5173055446	0.0000000000	62.9572644640	0.0000000000	Optimal	true	0.000000000
3	1.60	15	REALIZED	2229.7423299239	9	0|1|2|3|4|8|9|10|11	120101.5705928687	97586.7329173624	22514.8376755063	0.0000000000	188.7997438555	0.0000000000	Optimal	true	0.000000000
3	1.60	15	CONDITIONAL_MEAN	1802.5205195742	8	0|1|3|7|8|9|10|11	90172.5525273517	86672.4357829245	3500.1167444272	0.0000000000	30.6552430951	0.0000000000	Optimal	true	0.000000000
3	1.60	16	REALIZED	1301.8175874592	6	0|3|6|8|10|11	65411.1701060949	60240.1127315629	3687.4867092929	1483.5706652392	35.5855196057	64.8140338047	Optimal	true	0.000000000
3	1.60	16	CONDITIONAL_MEAN	1598.6433532628	8	0|1|3|7|8|9|10|11	81446.4524531874	76442.5889407575	4571.3519930787	432.5115193511	45.1203782062	16.7845208105	Optimal	true	0.000000000
3	1.60	17	REALIZED	1491.4678197908	7	0|1|3|6|8|9|10	76038.7842738083	73315.5799147545	2723.2043590538	0.0000000000	24.6886326525	0.0000000000	Optimal	true	0.000000000
3	1.60	17	CONDITIONAL_MEAN	2253.1948499403	9	0|1|3|6|7|8|9|10|11	119256.3314718255	107754.2361944455	11502.0952773798	0.0000000000	106.7003837600	0.0000000000	Optimal	true	0.000000000
3	1.60	18	REALIZED	1702.3687566652	8	0|1|3|4|6|8|10|11	91760.1335875621	89241.3704402983	1161.4980609692	1357.2650862945	17.1851276364	53.0342444199	Optimal	true	0.000000000
3	1.60	18	CONDITIONAL_MEAN	1739.8868467275	8	0|1|3|7|8|9|10|11	86906.9027831554	83985.2769996707	2921.6257834847	0.0000000000	28.8371712630	0.0000000000	Optimal	true	0.000000000
3	1.60	19	REALIZED	1744.5605565629	8	1|4|6|7|8|9|10|11	95048.8643013587	82415.5934497265	9174.0892488190	3459.1816028132	90.3755771933	134.3727990648	Optimal	true	0.000000000
3	1.60	19	CONDITIONAL_MEAN	1800.8920652375	8	0|1|3|7|8|9|10|11	90755.4217115920	86247.3403857088	4508.0813258832	0.0000000000	41.0907897206	0.0000000000	Optimal	true	0.000000000
3	1.60	20	REALIZED	1500.3711497964	7	0|1|3|6|8|10|11	73086.3702105564	71953.4715062928	1132.8987042636	0.0000000000	16.3842503725	0.0000000000	Optimal	true	0.000000000
3	1.60	20	CONDITIONAL_MEAN	1689.7071374925	8	0|1|3|7|8|9|10|11	83563.3065042873	82390.6702592718	1172.6362450155	0.0000000000	11.0991934950	0.0000000000	Optimal	true	0.000000000
3	1.60	21	REALIZED	1973.5358112657	9	0|1|4|5|6|7|8|10|11	116541.7894606489	93500.6970947055	19278.4253162455	3762.6670496978	196.3638353003	146.1316196176	Optimal	true	0.000000000
3	1.60	21	CONDITIONAL_MEAN	1948.1834087831	9	0|1|3|6|7|8|9|10|11	97474.8989579832	97229.9153581674	0.0000000000	244.9835998158	0.0000000000	9.5071047714	Optimal	true	0.000000000
3	1.60	22	REALIZED	2210.4776258389	9	0|3|4|6|7|8|9|10|11	121435.5287101627	107053.8538991227	14381.6748110399	0.0000000000	126.6622947482	0.0000000000	Optimal	true	0.000000000
3	1.60	22	CONDITIONAL_MEAN	2039.2097901063	9	0|1|3|6|7|8|9|10|11	103984.3597982595	100842.9302165590	3141.4295817005	0.0000000000	28.7048141063	0.0000000000	Optimal	true	0.000000000
3	1.60	23	REALIZED	1762.1724958822	8	0|1|3|6|8|9|10|11	93586.8013630352	82260.4773053640	11326.3240576712	0.0000000000	89.0691539389	0.0000000000	Optimal	true	0.000000000
3	1.60	23	CONDITIONAL_MEAN	1647.1482212399	8	0|1|3|7|8|9|10|11	83166.0037141111	78393.8525628202	4636.8870688329	135.2640824580	45.7672256614	5.2492077213	Optimal	true	0.000000000
3	1.60	24	REALIZED	1589.7565466532	7	0|3|7|8|9|10|11	93074.1277210140	64889.4900413523	26479.3503139631	1705.2873656986	228.1674148670	66.1772692675	Optimal	true	0.000000000
3	1.60	24	CONDITIONAL_MEAN	1885.0573340215	9	0|1|3|4|7|8|9|10|11	97642.5558734548	89016.6036430974	7665.9285509175	960.0236794399	69.8690885862	37.2557416512	Optimal	true	0.000000000
3	1.60	25	REALIZED	1540.9409372045	7	0|3|7|8|9|10|11	79574.9361531418	74614.9289770707	4910.2949782354	49.7121978356	42.3478391366	1.9291865806	Optimal	true	0.000000000
3	1.60	25	CONDITIONAL_MEAN	1903.3805581121	9	0|1|3|6|7|8|9|10|11	96307.7402773014	94810.5983937424	1199.5193626869	297.6225208721	11.8395536795	11.5498690133	Optimal	true	0.000000000
3	1.60	26	REALIZED	2082.8523727258	9	0|1|3|4|7|8|9|10|11	115181.4209051186	92473.0513323127	21788.9297090554	919.4398637505	191.5104418879	35.6808011732	Optimal	true	0.000000000
3	1.60	26	CONDITIONAL_MEAN	1698.4831685057	8	0|1|3|7|8|9|10|11	85850.8795860575	81564.1270197693	4286.7525662883	0.0000000000	42.3113112620	0.0000000000	Optimal	true	0.000000000
3	1.60	27	REALIZED	1309.7293172393	7	0|1|7|8|9|10|11	66615.8796139765	60248.2930343644	3473.4111228801	2894.1754567320	29.9321296944	112.3145766280	Optimal	true	0.000000000
3	1.60	27	CONDITIONAL_MEAN	1567.1097356334	8	0|1|3|7|8|9|10|11	78057.3497588605	75856.2978967838	1681.5713089561	519.4805531207	16.5975259739	20.1595374097	Optimal	true	0.000000000
3	1.60	28	REALIZED	1325.9109550542	6	0|3|7|8|10|11	65838.1867758373	65132.7226636502	130.8188336429	574.6452785442	0.6607057026	22.3003208119	Optimal	true	0.000000000
3	1.60	28	CONDITIONAL_MEAN	1658.3651585738	8	0|1|3|7|8|9|10|11	82808.8174697275	79568.0441568800	3086.6920932485	154.0812195990	30.4664166890	5.9794463758	Optimal	true	0.000000000
3	1.60	29	REALIZED	1812.4619785709	9	0|1|2|3|5|6|7|9|10	106169.2015623352	83709.1888136403	20341.8012675029	2118.2114811920	200.0628743357	82.2016596006	Optimal	true	0.000000000
3	1.60	29	CONDITIONAL_MEAN	1813.7507867371	8	0|1|3|6|7|8|10|11	91497.0321896841	90914.1331389280	176.0052132139	406.8938375422	4.3184893040	15.7903726914	Optimal	true	0.000000000
3	1.60	30	REALIZED	3082.1152434743	9	0|2|4|6|7|8|9|10|11	170037.8760785625	122987.7132846298	47050.1627939327	0.0000000000	532.1802273660	0.0000000000	Optimal	true	0.000000000
3	1.60	30	CONDITIONAL_MEAN	2136.3448026300	9	0|1|3|6|7|8|9|10|11	110491.0172078363	104530.6312576880	5960.3859501482	0.0000000000	54.9825513082	0.0000000000	Optimal	true	0.000000000
3	1.60	31	REALIZED	1790.2896163051	8	0|3|4|7|8|9|10|11	88959.0091236443	85962.1615445703	2701.1376272158	295.7099518582	33.9939251330	11.4756477429	Optimal	true	0.000000000
3	1.60	31	CONDITIONAL_MEAN	2119.7973473621	9	0|1|3|6|7|8|9|10|11	109559.7503957267	103781.5635920382	5778.1868036884	0.0000000000	53.1565312689	0.0000000000	Optimal	true	0.000000000
3	1.60	32	REALIZED	1491.2958611253	7	2|4|6|8|9|10|11	77548.9046177790	63430.8399933896	9676.9133192668	4441.1513051226	88.4084650655	213.3774230693	Optimal	true	0.000000000
3	1.60	32	CONDITIONAL_MEAN	1427.9118479331	7	0|1|3|7|8|9|10	71626.8905636937	68858.2512789928	2408.2577690588	360.3815156420	23.7701016072	13.9853640386	Optimal	true	0.000000000
3	1.60	33	REALIZED	2129.0768273920	9	1|3|4|6|7|8|9|10|11	114695.5718237067	101653.4821989291	12966.0366998739	76.0529249037	127.9779987670	2.9513939944	Optimal	true	0.000000000
3	1.60	33	CONDITIONAL_MEAN	2224.6203138590	9	0|1|3|6|7|8|9|10|11	117102.2865775313	107425.8650272775	9676.4215502538	0.0000000000	89.1441918663	0.0000000000	Optimal	true	0.000000000
3	1.60	34	REALIZED	1555.5842745675	8	0|1|3|7|8|9|10|11	79590.0841995790	71052.5505952311	6697.6040676420	1839.9295367059	56.6791211050	71.4023424045	Optimal	true	0.000000000
3	1.60	34	CONDITIONAL_MEAN	1480.9641157337	8	0|1|3|7|8|9|10|11	73917.3303908042	71122.7794423577	392.4834764001	2402.0674720464	3.8739092771	93.2172894104	Optimal	true	0.000000000
3	1.60	35	REALIZED	1656.7811553582	8	1|3|6|7|8|9|10|11	84591.2264586771	78198.5046669459	3822.0327809060	2570.6890108252	54.6637521756	100.0054299689	Optimal	true	0.000000000
3	1.60	35	CONDITIONAL_MEAN	2137.5731092586	9	0|1|3|6|7|8|9|10|11	113381.3629556454	102478.5425431826	10695.6116559551	207.2087565079	96.9952997038	8.0411723853	Optimal	true	0.000000000
3	1.60	36	REALIZED	2102.2838650538	9	0|1|3|4|7|8|9|10|11	112810.2337579494	91835.3346896977	20346.1379049075	628.7611633443	199.1498112161	24.4004017437	Optimal	true	0.000000000
3	1.60	36	CONDITIONAL_MEAN	1920.6303543304	9	0|1|3|6|7|8|9|10|11	96599.7503122500	95838.1656464722	535.1358103415	226.4488554363	4.6128930986	8.7878249631	Optimal	true	0.000000000
3	1.60	37	REALIZED	1760.0548817469	9	0|1|3|5|6|8|9|10|11	88303.8892930194	83401.6412295205	3994.3667773263	907.8812861727	69.7046583728	35.4748667164	Optimal	true	0.000000000
3	1.60	37	CONDITIONAL_MEAN	1895.8451495777	9	0|1|3|6|7|8|9|10|11	97742.6458584487	93953.6847106761	3543.9775479568	244.9835998158	30.5492348984	9.5071047714	Optimal	true	0.000000000
3	1.60	38	REALIZED	1580.8076810840	7	0|3|6|8|9|10|11	77812.6706775180	70213.7669608431	7598.9037166750	0.0000000000	83.7252163965	0.0000000000	Optimal	true	0.000000000
3	1.60	38	CONDITIONAL_MEAN	1699.7423276339	8	0|1|3|7|8|9|10|11	84385.3616033011	82479.5417508228	1905.8198524783	0.0000000000	18.8109147287	0.0000000000	Optimal	true	0.000000000
3	1.60	39	REALIZED	2034.7086456316	9	0|2|3|4|6|7|8|9|10	101577.0969376177	95531.7170619942	5220.1603422195	825.2195334040	61.1356093927	32.0243827318	Optimal	true	0.000000000
3	1.60	39	CONDITIONAL_MEAN	1785.3404046489	8	0|1|3|7|8|9|10|11	89445.2774604804	85736.7056193431	3708.5718411373	0.0000000000	36.6045240730	0.0000000000	Optimal	true	0.000000000
3	1.60	40	REALIZED	1686.4052786790	8	0|1|3|7|8|9|10|11	93149.9852908454	84214.3431574354	8568.0927926501	367.5493407599	77.7751008911	14.2635265949	Optimal	true	0.000000000
3	1.60	40	CONDITIONAL_MEAN	1697.9074853703	8	0|1|3|7|8|9|10|11	84530.3184464729	82679.5415768178	1850.7768696550	0.0000000000	18.2525152033	0.0000000000	Optimal	true	0.000000000
3	1.60	41	REALIZED	1686.3731777104	8	0|1|3|6|7|8|9|10	91706.9530115820	89318.5087242512	1939.5740573102	448.8702300207	21.1631325482	17.4193550458	Optimal	true	0.000000000
3	1.60	41	CONDITIONAL_MEAN	1831.3001580321	9	0|1|3|6|7|8|9|10|11	92260.4211622393	91948.3049811299	0.0000000000	312.1161811093	0.0000000000	12.1123260369	Optimal	true	0.000000000
3	1.60	42	REALIZED	2389.6005059852	9	0|1|4|6|7|8|9|10|11	137268.7230669091	104071.5473668190	32729.5595975504	467.6161025398	312.6427617497	18.1468281265	Optimal	true	0.000000000
3	1.60	42	CONDITIONAL_MEAN	2063.1262344210	9	0|1|3|6|7|8|9|10|11	106188.1277483180	101611.1772271055	4553.3544197098	23.5961015026	40.1723453296	0.9156964358	Optimal	true	0.000000000
3	1.60	43	REALIZED	1499.8200906862	8	0|1|3|6|8|9|10|11	75255.6539197046	72671.1121067979	0.0000000000	2584.5418129067	0.0000000000	100.9892788102	Optimal	true	0.000000000
3	1.60	43	CONDITIONAL_MEAN	1666.8470452017	7	0|3|6|7|8|10|11	84783.3188210322	84783.3188210322	0.0000000000	0.0000000000	0.0000000000	0.0000000000	Optimal	true	0.000000000
3	1.60	44	REALIZED	951.0302462084	5	1|8|9|10|11	45997.5229777925	41306.1368374680	3019.3763293241	1672.0098110003	24.4005840606	90.2640992116	Optimal	true	0.000000000
3	1.60	44	CONDITIONAL_MEAN	1075.6839150068	5	0|3|6|10|11	54575.4893417615	53943.5836035288	631.9057382327	0.0000000000	3.5132799567	0.0000000000	Optimal	true	0.000000000
3	1.60	45	REALIZED	1631.0234572222	7	0|3|7|8|9|10|11	101922.8660520665	64749.3462967836	34736.2785435738	2437.2412117091	298.4084885849	95.1514324164	Optimal	true	0.000000000
3	1.60	45	CONDITIONAL_MEAN	1805.0989224588	8	0|1|3|7|8|9|10|11	92451.2698243918	85663.3445123725	6787.9253120193	0.0000000000	62.0538144535	0.0000000000	Optimal	true	0.000000000
3	1.60	46	REALIZED	2795.1685390374	9	0|1|3|4|6|7|8|10|11	194104.1659629480	100846.7866425345	92049.0839860060	1208.2953344075	865.6858635970	47.0009312426	Optimal	true	0.000000000
3	1.60	46	CONDITIONAL_MEAN	2125.4862496872	9	0|1|3|6|7|8|9|10|11	109209.3970870658	103988.0874248714	5221.3096621944	0.0000000000	47.8578998136	0.0000000000	Optimal	true	0.000000000
3	1.60	47	REALIZED	1742.1271174181	9	0|1|3|5|6|7|8|9|10	94476.6602630071	84721.4331813838	7493.4884829323	2261.7385986910	61.2282446868	87.7715318068	Optimal	true	0.000000000
3	1.60	47	CONDITIONAL_MEAN	1813.3282839838	8	0|1|3|6|7|8|10|11	91761.5340790625	90932.1597299956	387.2312046288	442.1431444382	7.1520148724	17.1582963158	Optimal	true	0.000000000
3	1.60	48	REALIZED	1182.2098830848	6	0|3|6|8|9|10	58791.0322045488	55155.1071805042	1555.9691768574	2079.9558471872	12.8585216609	81.2729126360	Optimal	true	0.000000000
3	1.60	48	CONDITIONAL_MEAN	1479.2178630135	8	0|1|3|7|8|9|10|11	73249.7258708207	70902.4848654023	0.0000000000	2347.2410054184	0.0000000000	91.0896328535	Optimal	true	0.000000000
3	1.60	49	REALIZED	1624.7784559611	6	0|3|7|8|10|11	93870.3982770204	68318.1464235345	24859.8137307594	692.4381227266	235.1621149953	26.8715203200	Optimal	true	0.000000000
3	1.60	49	CONDITIONAL_MEAN	1803.7824619067	8	0|1|3|7|8|9|10|11	89910.5150847378	86859.8916872354	3050.6233975023	0.0000000000	29.9521456054	0.0000000000	Optimal	true	0.000000000
3	1.60	50	REALIZED	2151.2994933006	9	0|1|3|6|7|8|9|10|11	113383.3639437046	95156.5664211924	17490.1486657902	736.6488567220	176.2616457242	28.5872110047	Optimal	true	0.000000000
3	1.60	50	CONDITIONAL_MEAN	1858.7406581469	9	0|1|3|6|7|8|9|10|11	96476.6763747327	92529.1864060983	3552.3496702692	395.1402983654	30.6214029434	15.3342518389	Optimal	true	0.000000000
3	1.60	51	REALIZED	2459.7452196607	9	0|1|2|4|6|8|9|10|11	133091.1932105142	100470.9782616273	32620.2149488869	0.0000000000	340.0053171344	0.0000000000	Optimal	true	0.000000000
3	1.60	51	CONDITIONAL_MEAN	1693.7177108513	8	0|1|3|7|8|9|10|11	84535.2783022446	82089.6111965830	2445.6671056616	0.0000000000	24.1393410398	0.0000000000	Optimal	true	0.000000000
3	1.60	52	REALIZED	1839.5239764857	8	1|3|4|6|8|9|10|11	90477.2332606023	85586.8694480138	4890.3638125886	0.0000000000	49.5037685256	0.0000000000	Optimal	true	0.000000000
3	1.60	52	CONDITIONAL_MEAN	1788.2170542226	8	0|1|3|7|8|9|10|11	90181.1392330194	85743.6088107478	4437.5304222716	0.0000000000	43.2045582779	0.0000000000	Optimal	true	0.000000000
3	1.60	53	REALIZED	1213.8155035600	6	0|1|3|7|8|10	65513.7248991663	61653.6078347671	2507.2751533033	1352.8419110960	17.5844789420	52.4998807988	Optimal	true	0.000000000
3	1.60	53	CONDITIONAL_MEAN	1919.5754267398	9	0|1|3|6|7|8|9|10|11	96455.6915534029	96199.7276470065	0.0000000000	255.9639063964	0.0000000000	9.9332187038	Optimal	true	0.000000000
3	1.60	54	REALIZED	2688.8844668665	9	0|3|4|6|7|8|9|10|11	159867.3014531274	117012.9766897121	42854.3247634153	0.0000000000	425.5556229580	0.0000000000	Optimal	true	0.000000000
3	1.60	54	CONDITIONAL_MEAN	2151.4564062910	9	0|1|3|6|7|8|9|10|11	112638.4535995345	104657.3773027214	7981.0762968131	0.0000000000	72.5113224386	0.0000000000	Optimal	true	0.000000000
3	1.60	55	REALIZED	1760.9873970814	8	0|1|2|3|7|8|10|11	90079.2344684119	82641.5470307044	6913.2610520565	524.4263856511	58.3105168874	20.3514708619	Optimal	true	0.000000000
3	1.60	55	CONDITIONAL_MEAN	1848.8653251940	9	0|1|3|6|7|8|9|10|11	93592.5309332544	92663.3191417592	542.9815692984	386.2302221969	5.3593627887	14.9884775597	Optimal	true	0.000000000
3	1.60	56	REALIZED	2282.7782428925	9	0|1|4|5|6|7|8|10|11	134675.8375123401	103928.6684498782	30747.1690624619	0.0000000000	233.4791921135	0.0000000000	Optimal	true	0.000000000
3	1.60	56	CONDITIONAL_MEAN	2046.1108918765	9	0|1|3|6|7|8|9|10|11	104943.5023593970	100939.6235918798	3992.4457010560	11.4330664612	35.5830956202	0.4436842335	Optimal	true	0.000000000
3	1.60	57	REALIZED	1358.3546755530	7	0|1|3|8|9|10|11	66192.8890100581	63740.0786678638	2452.8103421942	0.0000000000	25.2216041410	0.0000000000	Optimal	true	0.000000000
3	1.60	57	CONDITIONAL_MEAN	1428.6790667213	7	0|1|3|7|8|10|11	71448.0222189390	69702.1314838125	928.2883668446	817.6023682819	12.4693613352	31.7287825899	Optimal	true	0.000000000
3	1.60	58	REALIZED	3096.7190861357	9	0|1|2|3|4|7|8|10|11	199543.0795588780	108538.0578103666	91005.0217485114	0.0000000000	858.7672717050	0.0000000000	Optimal	true	0.000000000
3	1.60	58	CONDITIONAL_MEAN	2254.6588320251	9	0|1|3|6|7|8|9|10|11	118338.3779072038	108305.4264398451	10032.9514673586	0.0000000000	94.5626785394	0.0000000000	Optimal	true	0.000000000
3	1.60	59	REALIZED	2080.4701453770	9	0|1|2|3|7|8|9|10|11	108695.6818549721	92156.6258914392	16123.9652641428	415.0906993902	173.4150529304	16.1084691862	Optimal	true	0.000000000
3	1.60	59	CONDITIONAL_MEAN	1734.2857128415	8	0|1|3|7|8|9|10|11	85976.2320421939	84087.3808813032	1888.8511608907	0.0000000000	17.8245894290	0.0000000000	Optimal	true	0.000000000
3	1.70	0	REALIZED	1549.2610246961	7	1|4|7|8|9|10|11	83137.5220930084	74433.0324046779	5795.5843596213	2908.9053287092	49.9581799207	115.4742125184	Optimal	true	0.000000000
3	1.70	0	CONDITIONAL_MEAN	1815.0907358379	8	0|1|3|7|8|9|10|11	91750.8760119585	87032.5554125316	4508.3186495789	210.0019498480	39.7592677241	8.1495681381	Optimal	true	0.000000000
3	1.70	1	REALIZED	1574.4751658527	7	0|1|5|6|8|10|11	79558.5766577518	78845.5958568531	712.9808008988	0.0000000000	16.7575848345	0.0000000000	Optimal	true	0.000000000
3	1.70	1	CONDITIONAL_MEAN	1345.0483917018	7	0|1|3|7|8|9|10	67785.5829023486	65245.7664426985	5.0364937081	2534.7799659421	0.0497114423	102.8312834372	Optimal	true	0.000000000
3	1.70	2	REALIZED	1908.4987122712	9	0|3|4|5|6|8|9|10|11	111729.0608104552	94147.4225852323	13334.5414541151	4247.0967711077	126.1682213781	181.0788483769	Optimal	true	0.000000000
3	1.70	2	CONDITIONAL_MEAN	1776.3815457657	8	0|1|3|6|7|8|10|11	90719.5755618341	89338.4289642890	175.8058123621	1205.3407851831	4.3135967759	46.7757888228	Optimal	true	0.000000000
3	1.70	3	REALIZED	1995.0385845985	9	2|3|4|6|7|8|9|10|11	94704.7652283528	88228.1793934584	1675.1554493049	4801.4303855896	26.9800212611	191.7131134737	Optimal	true	0.000000000
3	1.70	3	CONDITIONAL_MEAN	1793.4508748521	8	0|1|3|6|7|8|10|11	91268.4843050624	90302.0924679338	191.1807212962	775.2111158324	4.6908377597	30.0837007202	Optimal	true	0.000000000
3	1.70	4	REALIZED	1330.9994676136	6	1|7|8|9|10|11	73748.3761138760	71441.9649903455	1338.6444212912	967.7667022393	10.5189830598	37.5562259654	Optimal	true	0.000000000
3	1.70	4	CONDITIONAL_MEAN	1756.0183132971	8	0|1|3|7|8|9|10|11	89460.2982122721	84060.8809287817	4810.8539810087	588.5633024818	45.2986912383	22.8404390560	Optimal	true	0.000000000
3	1.70	5	REALIZED	2523.0434452170	9	0|1|3|4|7|8|9|10|11	152514.7924989591	102669.3487541799	49468.7797363296	376.6640084497	449.1797933791	14.6172404792	Optimal	true	0.000000000
3	1.70	5	CONDITIONAL_MEAN	2151.6361652985	9	0|1|3|6|7|8|9|10|11	113274.5897716922	105022.9758454873	7853.8122970324	397.8016291725	72.5514807599	15.4375303883	Optimal	true	0.000000000
3	1.70	6	REALIZED	2246.2945327038	8	0|2|4|6|8|9|10|11	131193.3097107961	85213.2221275442	45111.0124941010	869.0750891509	417.4599159319	33.9585399806	Optimal	true	0.000000000
3	1.70	6	CONDITIONAL_MEAN	1654.1442862901	8	0|1|3|7|8|9|10|11	82659.3031464413	80079.4282442316	1762.8331115706	817.0417906391	17.3996001246	31.7070281933	Optimal	true	0.000000000
3	1.70	7	REALIZED	1594.3399039419	8	0|1|3|7|8|9|10|11	80647.1447504602	77820.4805366122	596.8352384018	2229.8289754463	5.0784372442	86.5332116432	Optimal	true	0.000000000
3	1.70	7	CONDITIONAL_MEAN	1785.8386950533	8	0|1|3|7|8|9|10|11	89620.3226603464	85959.4687899167	3540.7905824479	120.0632879818	34.9484814276	4.6593088636	Optimal	true	0.000000000
3	1.70	8	REALIZED	2031.4428935818	8	0|1|4|7|8|9|10|11	125677.0292015819	91480.2313713195	33105.1959238379	1091.6019064245	302.8399990277	42.3619119847	Optimal	true	0.000000000
3	1.70	8	CONDITIONAL_MEAN	2076.7520317776	9	0|1|3|6|7|8|9|10|11	108088.5274708060	101759.3859662573	5700.4238550161	628.7176495327	51.1492655913	24.3987130986	Optimal	true	0.000000000
3	1.70	9	REALIZED	1001.0747624053	5	0|1|7|10|11	55737.8076045122	53548.8408111785	580.5853180166	1608.3814753171	6.8036269047	62.4166320104	Optimal	true	0.000000000
3	1.70	9	CONDITIONAL_MEAN	1035.0341852069	5	0|3|6|10|11	53919.1487218034	51330.0216754270	300.1239342436	2289.0031121328	1.4492151923	93.3940899134	Optimal	true	0.000000000
3	1.70	10	REALIZED	1209.6872371285	6	0|1|3|7|8|10	64076.5639429293	60626.2126807657	684.1875094599	2766.1637527036	4.3776450030	107.3468127324	Optimal	true	0.000000000
3	1.70	10	CONDITIONAL_MEAN	1423.2393188655	7	0|1|3|7|8|9|10	71717.8654884107	68400.4407519768	2105.6502963909	1211.7744400430	18.6281449905	47.0254603554	Optimal	true	0.000000000
3	1.70	11	REALIZED	1497.3990786059	6	0|1|7|8|10|11	91206.9140786707	68838.1471098676	21264.2850850651	1104.4818837380	196.3156346535	42.8617466425	Optimal	true	0.000000000
3	1.70	11	CONDITIONAL_MEAN	1468.5708207031	7	0|1|3|7|8|9|10	75051.3056500829	70060.7749371269	3812.2102193621	1178.3204935938	35.6478179212	45.7272094759	Optimal	true	0.000000000
3	1.70	12	REALIZED	1753.1244637607	7	0|3|4|6|8|10|11	96505.2864562678	84189.0228795157	11123.2016085336	1193.0619682185	104.3360015729	46.6181151121	Optimal	true	0.000000000
3	1.70	12	CONDITIONAL_MEAN	1563.4826340305	8	0|1|3|7|8|9|10|11	78686.1734362604	74644.5918570990	1065.6496924746	2975.9318866868	10.5182268249	115.4873071532	Optimal	true	0.000000000
3	1.70	13	REALIZED	3174.5754192476	9	0|2|3|4|6|7|8|10|11	186892.8768000499	123026.7720711058	63474.7601600520	391.3445688920	647.5042318806	15.1869505591	Optimal	true	0.000000000
3	1.70	13	CONDITIONAL_MEAN	2050.0550320372	9	0|1|3|6|7|8|9|10|11	106300.3260693220	101184.3892836243	4469.4513335831	646.4854521147	40.0619463866	25.0882301146	Optimal	true	0.000000000
3	1.70	14	REALIZED	2034.6694017547	9	0|1|2|3|6|8|9|10|11	100704.0683181019	91585.6389134315	9118.4294046704	0.0000000000	96.9542680889	0.0000000000	Optimal	true	0.000000000
3	1.70	14	CONDITIONAL_MEAN	1831.5651584957	8	0|1|3|7|8|9|10|11	94030.6193234575	86995.2000434402	6878.5173055446	156.9019744728	62.9572644640	6.0889117120	Optimal	true	0.000000000
3	1.70	15	REALIZED	2229.7423299239	9	0|1|2|3|4|8|9|10|11	120341.4434711328	97826.6057956264	22514.8376755063	0.0000000000	188.7997438555	0.0000000000	Optimal	true	0.000000000
3	1.70	15	CONDITIONAL_MEAN	1802.5205195742	8	0|1|3|7|8|9|10|11	90588.7405775470	86847.1220729340	3500.1167444272	241.5017601858	30.6552430951	9.3719846484	Optimal	true	0.000000000
3	1.70	16	REALIZED	1301.8175874592	5	0|3|6|8|10	66813.8244486485	58778.2330395619	8035.5914090867	0.0000000000	76.1836332708	0.0000000000	Optimal	true	0.000000000
3	1.70	16	CONDITIONAL_MEAN	1598.6433532628	7	0|1|3|7|8|9|10	81877.1745357708	76239.6252074903	5131.9975029473	505.5518253333	50.1945193828	19.6190037801	Optimal	true	0.000000000
3	1.70	17	REALIZED	1491.4678197908	7	0|1|3|6|8|9|10	76546.6893779323	73485.1423258214	2723.2043590538	338.3426930571	24.6886326525	13.4590172895	Optimal	true	0.000000000
3	1.70	17	CONDITIONAL_MEAN	2253.1948499403	9	0|1|3|6|7|8|9|10|11	119879.7822392499	107893.6680388998	11502.0952773798	484.0189229703	106.7003837600	18.7833741340	Optimal	true	0.000000000
3	1.70	18	REALIZED	1702.3687566652	7	0|1|4|6|8|10|11	93529.7268457000	91498.4699512286	2031.2568944714	0.0000000000	36.7143405844	0.0000000000	Optimal	true	0.000000000
3	1.70	18	CONDITIONAL_MEAN	1739.8868467275	8	0|1|3|7|8|9|10|11	87359.3116294369	83943.6508524405	2921.6257834847	494.0349935117	28.8371712630	19.1720688553	Optimal	true	0.000000000
3	1.70	19	REALIZED	1744.5605565629	8	1|4|6|7|8|9|10|11	96894.9528293456	81397.3961404210	9174.0892488190	6323.4674401057	90.3755771933	246.1576602169	Optimal	true	0.000000000
3	1.70	19	CONDITIONAL_MEAN	1800.8920652375	8	0|1|3|7|8|9|10|11	91176.7984996989	86439.2012847048	4508.0813258832	229.5158891110	41.0907897206	8.9068476671	Optimal	true	0.000000000
3	1.70	20	REALIZED	1500.3711497964	6	0|3|6|8|10|11	74321.2624337787	71998.3774893646	2322.8849444141	0.0000000000	22.7965617672	0.0000000000	Optimal	true	0.000000000
3	1.70	20	CONDITIONAL_MEAN	1689.7071374925	8	0|1|3|7|8|9|10|11	84029.3290753259	82090.3799856878	1172.6362450155	766.3128446226	11.0991934950	29.7383845572	Optimal	true	0.000000000
3	1.70	21	REALIZED	1973.5358112657	9	0|1|4|5|6|7|8|10|11	118599.5393041272	92551.4625988376	19278.4253162455	6769.6513890440	196.3638353003	266.3380943415	Optimal	true	0.000000000
3	1.70	21	CONDITIONAL_MEAN	1948.1834087831	9	0|1|3|6|7|8|9|10|11	98253.0171288876	97624.2994793548	0.0000000000	628.7176495327	0.0000000000	24.3987130986	Optimal	true	0.000000000
3	1.70	22	REALIZED	2210.4776258389	9	0|3|4|6|7|8|9|10|11	122318.3387425555	107037.1831945408	14381.6748110399	899.4807369748	126.6622947482	34.9062452048	Optimal	true	0.000000000
3	1.70	22	CONDITIONAL_MEAN	2039.2097901063	9	0|1|3|6|7|8|9|10|11	104629.9805864993	100859.8333552661	3141.4295817005	628.7176495327	28.7048141063	24.3987130986	Optimal	true	0.000000000
3	1.70	23	REALIZED	1762.1724958822	8	0|1|3|6|8|9|10|11	94366.2963241645	82329.6183744031	11326.3240576712	710.3538920902	89.0691539389	27.7566131466	Optimal	true	0.000000000
3	1.70	23	CONDITIONAL_MEAN	1647.1482212399	8	0|1|3|7|8|9|10|11	83869.6686129506	77504.4713462140	4636.8870688329	1728.3101979037	45.7672256614	67.0707187803	Optimal	true	0.000000000
3	1.70	24	REALIZED	1589.7565466532	6	0|7|8|9|10|11	94221.0324431274	67509.4726667684	26711.5597763591	0.0000000000	231.4627901106	0.0000000000	Optimal	true	0.000000000
3	1.70	24	CONDITIONAL_MEAN	1885.0573340215	8	0|3|4|7|8|9|10|11	98270.5952654298	89826.1231979423	7665.9285509175	778.5435165699	69.8690885862	30.2130215522	Optimal	true	0.000000000
3	1.70	25	REALIZED	1540.9409372045	6	0|3|7|8|10|11	80111.5396263658	74669.3413678632	5008.7520109501	433.4462475525	42.8451002813	16.8207949078	Optimal	true	0.000000000
3	1.70	25	CONDITIONAL_MEAN	1903.3805581121	8	0|1|3|6|7|8|10|11	97176.6617910778	95068.4851982264	1426.8200222624	681.3565705891	17.4166354559	26.4414773404	Optimal	true	0.000000000
3	1.70	26	REALIZED	2082.8523727258	9	0|1|3|4|7|8|9|10|11	115851.9831407898	92561.2698072039	21788.9297090554	1501.7836245304	191.5104418879	58.2798778089	Optimal	true	0.000000000
3	1.70	26	CONDITIONAL_MEAN	1698.4831685057	8	0|1|3|7|8|9|10|11	86381.5275269640	81566.1667152972	4286.7525662883	528.6082453785	42.3113112620	20.5137567398	Optimal	true	0.000000000
3	1.70	27	REALIZED	1309.7293172393	6	0|1|6|9|10|11	68034.7396747068	61425.1250533581	6609.6146213486	0.0000000000	61.1987743552	0.0000000000	Optimal	true	0.000000000
3	1.70	27	CONDITIONAL_MEAN	1567.1097356334	8	0|1|3|7|8|9|10|11	79070.7181316303	74350.0255427170	1681.5713089561	3039.1212799573	16.5975259739	117.9395046992	Optimal	true	0.000000000
3	1.70	28	REALIZED	1325.9109550542	6	0|3|7|8|10|11	66501.0032142760	64912.2557355478	130.8188336429	1457.9286450853	0.6607057026	56.5779929291	Optimal	true	0.000000000
3	1.70	28	CONDITIONAL_MEAN	1658.3651585738	8	0|1|3|7|8|9|10|11	83415.8816789686	79284.2012934119	3086.6920932485	1044.9882923081	30.4664166890	40.5529724740	Optimal	true	0.000000000
3	1.70	29	REALIZED	1812.4619785709	9	0|1|2|3|5|6|7|9|10	107941.5974597918	82765.6293381743	20341.8012675029	4834.1668541146	200.0628743357	188.1142073403	Optimal	true	0.000000000
3	1.70	29	CONDITIONAL_MEAN	1813.7507867371	8	0|1|3|6|7|8|10|11	92307.2968135922	91340.6637131192	176.0052132139	790.6278872591	4.3184893040	30.6819810185	Optimal	true	0.000000000
3	1.70	30	REALIZED	3082.1152434743	9	0|2|4|6|7|8|9|10|11	170657.2834386871	123607.1206447544	47050.1627939327	0.0000000000	532.1802273660	0.0000000000	Optimal	true	0.000000000
3	1.70	30	CONDITIONAL_MEAN	2136.3448026300	9	0|1|3|6|7|8|9|10|11	111114.6597716038	104719.7993763337	5960.3859501482	434.4744451219	54.9825513082	16.8606962809	Optimal	true	0.000000000
3	1.70	31	REALIZED	1790.2896163051	8	0|3|4|7|8|9|10|11	89697.6458919264	85917.4223066995	2701.1376272158	1079.0859580110	33.9939251330	41.8762042354	Optimal	true	0.000000000
3	1.70	31	CONDITIONAL_MEAN	2119.7973473621	9	0|1|3|6|7|8|9|10|11	110183.6283665322	103916.7042025196	5778.1868036884	488.7373603242	53.1565312689	18.9664830373	Optimal	true	0.000000000
3	1.70	32	REALIZED	1491.2958611253	7	2|4|6|8|9|10|11	79681.9015870637	63528.0164034379	9676.9133192668	6476.9718643589	88.4084650655	314.3939742649	Optimal	true	0.000000000
3	1.70	32	CONDITIONAL_MEAN	1427.9118479331	7	0|1|3|7|8|9|10	72103.3814230722	68569.3448792601	2408.2577690588	1125.7787747533	23.7701016072	43.6882173709	Optimal	true	0.000000000
3	1.70	33	REALIZED	2129.0768273920	9	0|1|2|3|6|7|8|10|11	115910.1058420375	101669.2114672704	13180.1862931961	1060.7080815710	129.8501160585	41.1630120179	Optimal	true	0.000000000
3	1.70	33	CONDITIONAL_MEAN	2224.6203138590	9	0|1|3|6|7|8|9|10|11	117726.0584456214	107585.3569289222	9676.4215502538	464.2799664454	89.1441918663	18.0173623361	Optimal	true	0.000000000
3	1.70	34	REALIZED	1555.5842745675	7	0|1|2|7|8|10|11	81248.6068714424	73003.6340694045	6544.1547246422	1700.8180773957	56.0969275518	66.0038291181	Optimal	true	0.000000000
3	1.70	34	CONDITIONAL_MEAN	1480.9641157337	7	0|3|7|8|9|10|11	74892.8128556522	72354.1221809254	1386.5403839988	1152.1502907280	8.6739342273	44.7116196131	Optimal	true	0.000000000
3	1.70	35	REALIZED	1656.7811553582	7	3|6|7|8|9|10|11	85610.0383314407	79341.6286767571	4728.3050646878	1540.1045899957	59.4925619901	59.7670036161	Optimal	true	0.000000000
3	1.70	35	CONDITIONAL_MEAN	2137.5731092586	9	0|1|3|6|7|8|9|10|11	114023.0904035165	102698.7610980287	10695.6116559551	628.7176495327	96.9952997038	24.3987130986	Optimal	true	0.000000000
3	1.70	36	REALIZED	2102.2838650538	9	0|1|3|4|7|8|9|10|11	113473.3160111861	91929.2595186239	20346.1379049075	1197.9185876546	199.1498112161	46.4877548091	Optimal	true	0.000000000
3	1.70	36	CONDITIONAL_MEAN	1920.6303543304	9	0|1|3|6|7|8|9|10|11	97549.9319306144	96035.5982785231	535.1358103415	979.1978417498	4.6128930986	37.9998354196	Optimal	true	0.000000000
3	1.70	37	REALIZED	1760.0548817469	9	0|1|3|5|6|8|9|10|11	90045.8230765625	82541.6656700579	3994.3667773263	3509.7906291782	69.7046583728	143.3389348471	Optimal	true	0.000000000
3	1.70	37	CONDITIONAL_MEAN	1895.8451495777	8	0|1|3|7|8|9|10|11	98667.6606680916	88892.0903579338	9708.2838763494	67.2864338084	86.1658096617	2.6111918365	Optimal	true	0.000000000
3	1.70	38	REALIZED	1580.8076810840	7	0|3|6|8|9|10|11	78971.6526782169	70094.8440166759	7598.9037166750	1277.9049448661	83.7252163965	52.3275771631	Optimal	true	0.000000000
3	1.70	38	CONDITIONAL_MEAN	1699.7423276339	8	0|1|3|7|8|9|10|11	84848.8493801207	82225.2820195458	1905.8198524783	717.7475080966	18.8109147287	27.8537043461	Optimal	true	0.000000000
3	1.70	39	REALIZED	2034.7086456316	9	0|2|3|4|6|7|8|9|10	102767.1376736876	94686.6189168120	5220.1603422195	2860.3584146560	61.1356093927	111.0886763381	Optimal	true	0.000000000
3	1.70	39	CONDITIONAL_MEAN	1785.3404046489	8	0|1|3|7|8|9|10|11	89875.7934843355	86008.7100145642	3708.5718411373	158.5116286341	36.6045240730	6.1513777332	Optimal	true	0.000000000
3	1.70	40	REALIZED	1686.4052786790	8	0|1|3|7|8|9|10|11	93809.3133992200	83699.7107854473	8568.0927926501	1541.5098211226	77.7751008911	59.8215365708	Optimal	true	0.000000000
3	1.70	40	CONDITIONAL_MEAN	1697.9074853703	8	0|1|3|7|8|9|10|11	85002.0283905923	82445.5774821774	1850.7768696550	705.6740387599	18.2525152033	27.3851679297	Optimal	true	0.000000000
3	1.70	41	REALIZED	1686.3731777104	8	0|1|3|6|7|8|9|10	92569.4748067203	88866.7551337218	1939.5740573102	1763.1456156884	21.1631325482	68.4225805657	Optimal	true	0.000000000
3	1.70	41	CONDITIONAL_MEAN	1831.3001580321	8	0|1|3|6|7|8|10|11	93179.3878961708	92054.0896188658	429.4480464788	695.8502308263	8.2175276815	27.0039343641	Optimal	true	0.000000000
3	1.70	42	REALIZED	2389.6005059852	9	0|1|3|6|7|8|9|10|11	137952.9445256143	100784.1558173558	36244.8608915064	923.9278167521	330.2778516562	35.8549656456	Optimal	true	0.000000000
3	1.70	42	CONDITIONAL_MEAN	2063.1262344210	9	0|1|3|6|7|8|9|10|11	106820.6872430103	101638.6151737678	4553.3544197098	628.7176495327	40.1723453296	24.3987130986	Optimal	true	0.000000000
3	1.70	43	REALIZED	1499.8200906862	7	0|1|3|6|9|10|11	76298.3737369705	74664.9461482046	1633.4275887659	0.0000000000	13.8459897060	0.0000000000	Optimal	true	0.000000000
3	1.70	43	CONDITIONAL_MEAN	1666.8470452017	7	0|3|6|7|8|10|11	85623.0781188588	85268.1459451293	0.0000000000	354.9321737296	0.0000000000	13.7738908439	Optimal	true	0.000000000
3	1.70	44	REALIZED	951.0302462084	5	1|8|9|10|11	47163.8710869457	41278.9545940175	3019.3763293241	2865.5401636041	24.4005840606	153.8199592966	Optimal	true	0.000000000
3	1.70	44	CONDITIONAL_MEAN	1075.6839150068	5	0|3|6|10|11	55548.4992614187	53524.4895822111	631.9057382327	1392.1039409749	3.5132799567	54.8084248778	Optimal	true	0.000000000
3	1.70	45	REALIZED	1631.0234572222	7	0|3|7|8|9|10|11	103618.5055999776	64640.7583175545	34736.2785435738	4241.4687388494	298.4084885849	184.3868324822	Optimal	true	0.000000000
3	1.70	45	CONDITIONAL_MEAN	1805.0989224588	8	0|1|3|7|8|9|10|11	92879.5733167513	85723.1649390814	6787.9253120193	368.4830656506	62.0538144535	14.2997617566	Optimal	true	0.000000000
3	1.70	46	REALIZED	2795.1685390374	9	0|1|3|4|6|7|8|10|11	196111.2437292951	99787.2396489085	92049.0839860060	4274.9200943806	865.6858635970	170.5311566603	Optimal	true	0.000000000
3	1.70	46	CONDITIONAL_MEAN	2125.4862496872	9	0|1|3|6|7|8|9|10|11	109833.6296134807	104107.9005898124	5221.3096621944	504.4193614740	47.8578998136	19.5750561339	Optimal	true	0.000000000
3	1.70	47	REALIZED	1742.1271174181	8	0|1|3|5|6|8|9|10	95831.7448926111	78665.8396803922	16732.5988538065	433.3063584124	145.9908720562	16.9311621973	Optimal	true	0.000000000
3	1.70	47	CONDITIONAL_MEAN	1813.3282839838	8	0|1|3|6|7|8|10|11	92577.8629197597	91364.7545209759	387.2312046288	825.8771941551	7.1520148724	32.0499046429	Optimal	true	0.000000000
3	1.70	48	REALIZED	1182.2098830848	5	0|1|3|8|10	59611.5310686792	50406.0048063359	9205.5262623434	0.0000000000	90.4282153607	0.0000000000	Optimal	true	0.000000000
3	1.70	48	CONDITIONAL_MEAN	1479.2178630135	7	0|1|7|8|9|10|11	74688.2772596388	73969.6640552234	169.7342084639	548.8789959515	4.1646230267	21.3004059263	Optimal	true	0.000000000
3	1.70	49	REALIZED	1624.7784559611	6	0|3|7|8|10|11	94397.6482794079	68461.6623762050	24859.8137307594	1076.1721724435	235.1621149953	41.7631286471	Optimal	true	0.000000000
3	1.70	49	CONDITIONAL_MEAN	1803.7824619067	8	0|1|3|7|8|9|10|11	90327.1595699942	87214.8973552464	3050.6233975023	61.6388172455	29.9521456054	2.3920241762	Optimal	true	0.000000000
3	1.70	50	REALIZED	2151.2994933006	9	0|1|3|6|7|8|9|10|11	114131.0657269324	95473.1167902408	17490.1486657902	1167.8002709015	176.2616457242	45.3189500682	Optimal	true	0.000000000
3	1.70	50	CONDITIONAL_MEAN	1858.7406581469	8	0|3|4|7|8|9|10|11	97228.9504804573	88955.3661706755	7376.1337380699	897.4505717119	68.3631002748	34.8274603642	Optimal	true	0.000000000
3	1.70	51	REALIZED	2459.7452196607	9	0|1|2|4|6|8|9|10|11	133540.3213334009	100920.1063845140	32620.2149488869	0.0000000000	340.0053171344	0.0000000000	Optimal	true	0.000000000
3	1.70	51	CONDITIONAL_MEAN	1693.7177108513	8	0|1|3|7|8|9|10|11	85017.4874593434	81821.8646254250	2445.6671056616	749.9557282569	24.1393410398	29.1036121922	Optimal	true	0.000000000
3	1.70	52	REALIZED	1839.5239764857	8	0|1|3|6|8|9|10|11	91395.6081427133	84040.9950340119	7354.6131087015	0.0000000000	71.0464838125	0.0000000000	Optimal	true	0.000000000
3	1.70	52	CONDITIONAL_MEAN	1788.2170542226	8	0|1|3|7|8|9|10|11	90617.5891470824	85982.7602353684	4437.5304222716	197.2984894423	43.2045582779	7.6565835908	Optimal	true	0.000000000
3	1.70	53	REALIZED	1213.8155035600	6	0|1|3|7|8|10	66407.0803226113	60899.7005689300	2507.2751533033	3000.1046003781	17.5844789420	116.4253802399	Optimal	true	0.000000000
3	1.70	53	CONDITIONAL_MEAN	1919.5754267398	9	0|1|3|6|7|8|9|10|11	97345.9343385440	96458.4198451024	0.0000000000	887.5144934416	0.0000000000	34.4418699116	Optimal	true	0.000000000
3	1.70	54	REALIZED	2688.8844668665	9	0|3|4|6|7|8|9|10|11	160563.1288613298	117708.8040979147	42854.3247634153	0.0000000000	425.5556229580	0.0000000000	Optimal	true	0.000000000
3	1.70	54	CONDITIONAL_MEAN	2151.4564062910	9	0|1|3|6|7|8|9|10|11	113262.6496530340	104719.5157825457	7981.0762968131	562.0575736753	72.5113224386	21.8118284021	Optimal	true	0.000000000
3	1.70	55	REALIZED	1760.9873970814	8	0|1|3|7|8|9|10|11	90662.9283352409	82514.1123248929	7851.3068690382	297.5091413098	70.1410717764	11.5454690805	Optimal	true	0.000000000
3	1.70	55	CONDITIONAL_MEAN	1848.8653251940	8	0|1|3|6|7|8|10|11	94441.3858080688	92856.8246491891	814.5968869658	769.9642719139	12.0237554093	29.8800858868	Optimal	true	0.000000000
3	1.70	56	REALIZED	2282.7782428925	9	0|1|4|5|6|7|8|10|11	135589.1581379085	104735.2676684338	30747.1690624619	106.7214070128	233.4791921135	4.1415490612	Optimal	true	0.000000000
3	1.70	56	CONDITIONAL_MEAN	2046.1108918765	9	0|1|3|6|7|8|9|10|11	105586.0454484294	100964.8820978408	3992.4457010560	628.7176495327	35.5830956202	24.3987130986	Optimal	true	0.000000000
3	1.70	57	REALIZED	1358.3546755530	7	0|1|3|8|9|10|11	67692.2633028823	63751.6739906380	2452.8103421942	1487.7789700501	25.2216041410	82.1613013852	Optimal	true	0.000000000
3	1.70	57	CONDITIONAL_MEAN	1428.6790667213	7	0|1|3|7|8|10|11	72436.7528747070	68491.7889764447	928.2883668446	3016.6755314177	12.4693613352	117.0684501339	Optimal	true	0.000000000
3	1.70	58	REALIZED	3096.7190861357	9	0|1|2|3|4|7|8|10|11	200077.7978955345	108609.3103992094	91005.0217485114	463.4657478136	858.7672717050	17.9857648665	Optimal	true	0.000000000
3	1.70	58	CONDITIONAL_MEAN	2254.6588320251	9	0|1|3|6|7|8|9|10|11	118960.4118506518	108607.2691256691	10032.9514673586	320.1912576241	94.5626785394	12.4256963953	Optimal	true	0.000000000
3	1.70	59	REALIZED	2080.4701453770	9	0|1|2|3|7|8|9|10|11	109298.0066917344	92375.2166784846	16123.9652641428	798.8247491071	173.4150529304	31.0000775133	Optimal	true	0.000000000
3	1.70	59	CONDITIONAL_MEAN	1734.2857128415	8	0|1|3|7|8|9|10|11	86415.8981529562	83885.0814161491	1888.8511608907	641.9655759164	17.8245894290	24.9128267953	Optimal	true	0.000000000
3	1.75	0	REALIZED	1549.2610246961	7	1|4|7|8|9|10|11	84076.8476890916	74450.3842851546	5795.5843596213	3830.8790443157	49.9581799207	162.9676553800	Optimal	true	0.000000000
3	1.75	0	CONDITIONAL_MEAN	1815.0907358379	8	0|1|3|7|8|9|10|11	91975.2709434691	86772.1399645400	4508.3186495789	694.8123293502	39.7592677241	26.9636564104	Optimal	true	0.000000000
3	1.75	1	REALIZED	1574.4751658527	7	0|1|5|6|8|10|11	79791.4023471009	79078.4215462022	712.9808008988	0.0000000000	16.7575848345	0.0000000000	Optimal	true	0.000000000
3	1.75	1	CONDITIONAL_MEAN	1345.0483917018	6	0|1|3|7|8|10	68105.0865970332	65356.2929501215	1250.0290521800	1498.7645947317	13.2885050109	58.1627179965	Optimal	true	0.000000000
3	1.75	2	REALIZED	1908.4987122712	9	0|3|4|5|6|8|9|10|11	112896.1908930647	94111.7104862831	13334.5414541151	5449.9389526665	126.1682213781	238.8261818849	Optimal	true	0.000000000
3	1.75	2	CONDITIONAL_MEAN	1776.3815457657	8	0|1|3|7|8|9|10|11	91140.7280306568	84552.1752889781	6023.2430791058	565.3096625729	58.8752667478	21.9380325640	Optimal	true	0.000000000
3	1.75	3	REALIZED	1995.0385845985	8	2|3|6|7|8|9|10|11	95812.6648152136	88186.5872449566	6706.9514549505	919.1261153064	91.9730393273	35.6686255038	Optimal	true	0.000000000
3	1.75	3	CONDITIONAL_MEAN	1793.4508748521	7	0|3|6|7|8|10|11	91845.2825709979	91580.3471808642	212.4005733630	52.5348167707	5.0477784570	2.0387242557	Optimal	true	0.000000000
3	1.75	4	REALIZED	1330.9994676136	6	1|7|8|9|10|11	73991.5300379368	71303.9004254199	1338.6444212912	1348.9851912257	10.5189830598	52.3502126581	Optimal	true	0.000000000
3	1.75	4	CONDITIONAL_MEAN	1756.0183132971	8	0|1|3|7|8|9|10|11	89714.0896964963	84122.8053881474	4810.8539810087	780.4303273402	45.2986912383	30.2862432196	Optimal	true	0.000000000
3	1.75	5	REALIZED	2523.0434452170	9	0|1|3|4|7|8|9|10|11	152776.6327746948	102624.5386687767	49468.7797363296	683.3143695885	449.1797933791	26.5174538557	Optimal	true	0.000000000
3	1.75	5	CONDITIONAL_MEAN	2151.6361652985	9	0|1|3|6|7|8|9|10|11	113593.3497736844	105035.0854863407	7853.8122970324	704.4519903113	72.5514807599	27.3377437648	Optimal	true	0.000000000
3	1.75	6	REALIZED	2246.2945327038	8	0|2|4|6|8|9|10|11	132102.8972729085	84720.6611997823	45111.0124941010	2271.2235790251	417.4599159319	88.7465740028	Optimal	true	0.000000000
3	1.75	6	CONDITIONAL_MEAN	1654.1442862901	8	0|1|3|7|8|9|10|11	83144.5614558308	79300.1730910469	1762.8331115706	2081.5552532133	17.3996001246	80.7791374392	Optimal	true	0.000000000
3	1.75	7	REALIZED	1594.3399039419	8	0|1|3|7|8|9|10|11	81114.0776935904	77212.1170072948	596.8352384018	3305.1254478939	5.0784372442	128.2623569069	Optimal	true	0.000000000
3	1.75	7	CONDITIONAL_MEAN	1785.8386950533	8	0|1|3|7|8|9|10|11	89854.0911816950	85782.4743589934	3540.7905824479	530.8262402536	34.9484814276	20.5998307043	Optimal	true	0.000000000
3	1.75	8	REALIZED	2031.4428935818	8	0|1|4|7|8|9|10|11	126545.7845667562	91258.5717767638	33105.1959238379	2182.0168661546	302.8399990277	89.8553548463	Optimal	true	0.000000000
3	1.75	8	CONDITIONAL_MEAN	2076.7520317776	9	0|1|3|6|7|8|9|10|11	108479.0755868027	101958.0670573955	5700.4238550161	820.5846743912	51.1492655913	31.8445172622	Optimal	true	0.000000000
3	1.75	9	REALIZED	1001.0747624053	5	0|1|7|10|11	56347.3107689823	53533.8495503565	580.5853180166	2232.8759006092	6.8036269047	93.4956839961	Optimal	true	0.000000000
3	1.75	9	CONDITIONAL_MEAN	1035.0341852069	4	0|1|8|10	54352.2832438863	45605.8265050800	8746.4567388063	0.0000000000	89.9380345385	0.0000000000	Optimal	true	0.000000000
3	1.75	10	REALIZED	1209.6872371285	6	0|1|3|7|8|10	64799.5113134946	60535.1663352524	684.1875094599	3580.1574687822	4.3776450030	145.9543540518	Optimal	true	0.000000000
3	1.75	10	CONDITIONAL_MEAN	1423.2393188655	7	0|1|3|7|8|9|10	72243.7488204135	67927.1111384713	2105.6502963909	2210.9873855513	18.6281449905	85.8020240481	Optimal	true	0.000000000
3	1.75	11	REALIZED	1497.3990786059	6	0|1|7|8|10|11	91862.6327107699	68545.4093683902	21264.2850850651	2052.9382573146	196.3156346535	82.3895463658	Optimal	true	0.000000000
3	1.75	11	CONDITIONAL_MEAN	1468.5708207031	7	0|1|3|7|8|9|10	75328.6127317192	70034.9678065876	3812.2102193621	1481.4347057695	35.6478179212	57.4901951412	Optimal	true	0.000000000
3	1.75	12	REALIZED	1753.1244637607	7	0|3|4|6|8|10|11	97451.2458650229	84010.5711671918	11123.2016085336	2317.4730892975	104.3360015729	96.4830144445	Optimal	true	0.000000000
3	1.75	12	CONDITIONAL_MEAN	1563.4826340305	8	0|1|3|7|8|9|10|11	79589.6567689225	74522.9756320748	1065.6496924746	4001.0314443732	10.5182268249	164.5594163991	Optimal	true	0.000000000
3	1.75	13	REALIZED	3174.5754192476	9	0|2|3|4|6|7|8|10|11	187259.1555528216	123052.9742846089	63474.7601600520	731.4211081607	647.5042318806	28.3843372069	Optimal	true	0.000000000
3	1.75	13	CONDITIONAL_MEAN	2050.0550320372	9	0|1|3|6|7|8|9|10|11	106712.8710208451	101405.0672102889	4469.4513335831	838.3524769732	40.0619463866	32.5340342781	Optimal	true	0.000000000
3	1.75	14	REALIZED	2034.6694017547	9	0|1|2|3|6|8|9|10|11	101367.3768578734	91202.2450378245	9118.4294046704	1046.7024153785	96.9542680889	41.2321581578	Optimal	true	0.000000000
3	1.75	14	CONDITIONAL_MEAN	1831.5651584957	8	0|1|3|7|8|9|10|11	94258.0721980292	86752.8178775078	6878.5173055446	626.7370149768	62.9572644640	24.3218504015	Optimal	true	0.000000000
3	1.75	15	REALIZED	2229.7423299239	9	0|1|2|3|4|8|9|10|11	120476.0510889860	97961.2134134797	22514.8376755063	0.0000000000	188.7997438555	0.0000000000	Optimal	true	0.000000000
3	1.75	15	CONDITIONAL_MEAN	1802.5205195742	8	0|1|3|7|8|9|10|11	90814.9887284484	86620.0307696738	3500.1167444272	694.8412143474	30.6552430951	26.9647773536	Optimal	true	0.000000000
3	1.75	16	REALIZED	1301.8175874592	5	0|3|6|8|10	67108.3475257018	58993.7504721636	8035.5914090867	79.0056444516	76.1836332708	3.0870938188	Optimal	true	0.000000000
3	1.75	16	CONDITIONAL_MEAN	1598.6433532628	7	0|1|3|7|8|9|10	82082.6621126289	76253.2457594899	5131.9975029473	697.4188501917	50.1945193828	27.0648079436	Optimal	true	0.000000000
3	1.75	17	REALIZED	1491.4678197908	7	0|1|3|6|8|9|10	77398.4335878288	73451.1144573089	2723.2043590538	1224.1147714662	24.6886326525	56.9954350668	Optimal	true	0.000000000
3	1.75	17	CONDITIONAL_MEAN	2253.1948499403	9	0|1|3|6|7|8|9|10|11	120191.9914192412	107899.2268577522	11502.0952773798	790.6692841091	106.7003837600	30.6835875105	Optimal	true	0.000000000
3	1.75	18	REALIZED	1702.3687566652	7	0|1|4|6|8|10|11	94174.3335883141	91103.5250052813	2031.2568944714	1039.5516885615	36.7143405844	40.6198014632	Optimal	true	0.000000000
3	1.75	18	CONDITIONAL_MEAN	1739.8868467275	8	0|1|3|7|8|9|10|11	87619.0337090884	84011.5059072335	2921.6257834847	685.9020183702	28.8371712630	26.6178730188	Optimal	true	0.000000000
3	1.75	19	REALIZED	1744.5605565629	8	0|1|6|7|8|9|10|11	97747.6201449230	80708.7751802302	12183.8395846309	4855.0053800619	116.7679516352	188.7942071435	Optimal	true	0.000000000
3	1.75	19	CONDITIONAL_MEAN	1800.8920652375	8	0|1|3|7|8|9|10|11	91405.0207168911	86202.1757687928	4508.0813258832	694.7636222152	41.0907897206	26.9617662274	Optimal	true	0.000000000
3	1.75	20	REALIZED	1500.3711497964	6	0|3|6|8|10|11	74543.2116071194	72220.3266627053	2322.8849444141	0.0000000000	22.7965617672	0.0000000000	Optimal	true	0.000000000
3	1.75	20	CONDITIONAL_MEAN	1689.7071374925	8	0|1|3|7|8|9|10|11	84336.6187793460	82161.1796300462	1172.6362450155	1002.8029042843	11.0991934950	38.9158796071	Optimal	true	0.000000000
3	1.75	21	REALIZED	1973.5358112657	9	0|1|4|5|6|7|8|10|11	119827.9111444594	92351.3637462773	19278.4253162455	8198.1220819367	196.3638353003	326.4413317035	Optimal	true	0.000000000
3	1.75	21	CONDITIONAL_MEAN	1948.1834087831	8	0|1|3|6|7|8|10|11	98873.4765542576	97573.2016114190	479.6902684474	820.5846743912	8.1371504565	31.8445172622	Optimal	true	0.000000000
3	1.75	22	REALIZED	2210.4776258389	9	0|3|4|6|7|8|9|10|11	122831.4157774259	106872.4901032507	14381.6748110399	1577.2508631352	126.6622947482	61.2085430125	Optimal	true	0.000000000
3	1.75	22	CONDITIONAL_MEAN	2039.2097901063	9	0|1|3|6|7|8|9|10|11	105032.1962376375	101070.1819815459	3141.4295817005	820.5846743912	28.7048141063	31.8445172622	Optimal	true	0.000000000
3	1.75	23	REALIZED	1762.1724958822	7	0|1|3|6|8|10|11	94729.2312704199	82702.2968327451	12026.9344376748	0.0000000000	92.8729104383	0.0000000000	Optimal	true	0.000000000
3	1.75	23	CONDITIONAL_MEAN	1647.1482212399	8	0|1|3|7|8|9|10|11	84283.7307100767	76654.0199807658	4636.8870688329	2992.8236604779	45.7672256614	116.1428280262	Optimal	true	0.000000000
3	1.75	24	REALIZED	1589.7565466532	6	0|7|8|9|10|11	94491.0414664676	67562.4038474029	26711.5597763591	217.0778427057	231.4627901106	8.4241630693	Optimal	true	0.000000000
3	1.75	24	CONDITIONAL_MEAN	1885.0573340215	8	0|1|3|7|8|9|10|11	98570.0608431683	88088.9513206216	9993.0328488034	488.0766737433	86.7296660308	18.9408437025	Optimal	true	0.000000000
3	1.75	25	REALIZED	1540.9409372045	6	0|3|7|8|10|11	80333.4065908833	74699.3413075222	5008.7520109501	625.3132724110	42.8451002813	24.2665990714	Optimal	true	0.000000000
3	1.75	25	CONDITIONAL_MEAN	1903.3805581121	8	0|1|3|6|7|8|10|11	97566.4377728739	95266.3941551640	1426.8200222624	873.2235954475	17.4166354559	33.8872815040	Optimal	true	0.000000000
3	1.75	26	REALIZED	2082.8523727258	9	0|1|3|4|7|8|9|10|11	116789.9344957391	92089.8267588782	21788.9297090554	2911.1780278055	191.5104418879	115.6216957103	Optimal	true	0.000000000
3	1.75	26	CONDITIONAL_MEAN	1698.4831685057	8	0|1|3|7|8|9|10|11	86734.0987748756	80866.3995443604	4286.7525662883	1580.9466642269	42.3113112620	61.3519663609	Optimal	true	0.000000000
3	1.75	27	REALIZED	1309.7293172393	6	0|1|6|9|10|11	68320.1107450213	61409.8652979951	6609.6146213486	300.6308256776	61.1987743552	11.7469526404	Optimal	true	0.000000000
3	1.75	27	CONDITIONAL_MEAN	1567.1097356334	8	0|1|3|7|8|9|10|11	79977.9223419779	74239.0395502854	1681.5713089561	4057.3114827365	16.5975259739	167.0116139450	Optimal	true	0.000000000
3	1.75	28	REALIZED	1325.9109550542	6	0|3|7|8|10|11	66907.8960031085	64271.8659447937	130.8188336429	2505.2112246719	0.6607057026	97.2200000550	Optimal	true	0.000000000
3	1.75	28	CONDITIONAL_MEAN	1658.3651585738	8	0|1|3|7|8|9|10|11	83827.0541377781	78430.8602896473	3086.6920932485	2309.5017548823	30.4664166890	89.6250817198	Optimal	true	0.000000000
3	1.75	29	REALIZED	1812.4619785709	9	0|1|2|3|5|6|7|9|10	108861.9726447828	82326.0670775243	20341.8012675029	6194.1042997556	200.0628743357	241.0704812102	Optimal	true	0.000000000
3	1.75	29	CONDITIONAL_MEAN	1813.7507867371	8	0|1|3|6|7|8|10|11	92843.4232021861	91046.4044866821	176.0052132139	1621.0135022901	4.3184893040	62.9068444328	Optimal	true	0.000000000
3	1.75	30	REALIZED	3082.1152434743	9	0|2|4|6|7|8|9|10|11	170987.3062148037	123937.1434208711	47050.1627939327	0.0000000000	532.1802273660	0.0000000000	Optimal	true	0.000000000
3	1.75	30	CONDITIONAL_MEAN	2136.3448026300	9	0|1|3|6|7|8|9|10|11	111427.4052327197	104725.8944763108	5960.3859501482	741.1248062607	54.9825513082	28.7609096574	Optimal	true	0.000000000
3	1.75	31	REALIZED	1790.2896163051	8	0|3|4|7|8|9|10|11	90288.7291028665	85145.6776034741	2701.1376272158	2441.9138721766	33.9939251330	94.7636129239	Optimal	true	0.000000000
3	1.75	31	CONDITIONAL_MEAN	2119.7973473621	9	0|1|3|6|7|8|9|10|11	110500.5821019826	103927.0075768312	5778.1868036884	795.3877214630	53.1565312689	30.8666964138	Optimal	true	0.000000000
3	1.75	32	REALIZED	1491.2958611253	7	2|4|6|8|9|10|11	80762.4953750006	63591.9764942341	9676.9133192668	7493.6055614996	88.4084650655	364.9022498626	Optimal	true	0.000000000
3	1.75	32	CONDITIONAL_MEAN	1427.9118479331	7	0|1|3|7|8|9|10	72451.1806226404	67819.8390355615	2408.2577690588	2223.0838180200	23.7701016072	86.2714515973	Optimal	true	0.000000000
3	1.75	33	REALIZED	2129.0768273920	9	0|1|3|5|6|7|8|10|11	116483.7868526974	101897.9789914396	13991.4909308316	594.3169304262	137.0878514756	23.0637207113	Optimal	true	0.000000000
3	1.75	33	CONDITIONAL_MEAN	2224.6203138590	9	0|1|3|6|7|8|9|10|11	118038.2676256126	107590.9157477747	9676.4215502538	770.9303275842	89.1441918663	29.9175757126	Optimal	true	0.000000000
3	1.75	34	REALIZED	1555.5842745675	7	0|1|7|8|9|10|11	81820.2800983918	72314.6230459584	8413.1331848499	1092.5238675835	75.3597231334	42.3976906300	Optimal	true	0.000000000
3	1.75	34	CONDITIONAL_MEAN	1480.9641157337	7	0|3|7|8|9|10|11	75345.9349710097	71657.5141699889	1386.5403839988	2301.8804170219	8.6739342273	89.3293196460	Optimal	true	0.000000000
3	1.75	35	REALIZED	1656.7811553582	7	3|6|7|8|9|10|11	86365.9002666238	78842.1942150001	4728.3050646878	2795.4009869359	59.4925619901	108.5039329392	Optimal	true	0.000000000
3	1.75	35	CONDITIONAL_MEAN	2137.5731092586	9	0|1|3|6|7|8|9|10|11	114414.2909472078	102898.0946168615	10695.6116559551	820.5846743912	96.9952997038	31.8445172622	Optimal	true	0.000000000
3	1.75	36	REALIZED	2102.2838650538	9	0|1|3|5|7|8|9|10|11	114343.6512169851	91587.9973752981	21979.7527999158	775.9010417714	216.0713514925	30.1104747499	Optimal	true	0.000000000
3	1.75	36	CONDITIONAL_MEAN	1920.6303543304	8	0|1|3|6|7|8|10|11	98087.3482837904	96132.9241671930	1133.8394422062	820.5846743912	15.0741454163	31.8445172622	Optimal	true	0.000000000
3	1.75	37	REALIZED	1760.0548817469	9	0|1|3|5|6|8|9|10|11	91070.3900514110	82481.4827691219	3994.3667773263	4594.5405049627	69.7046583728	197.2709689124	Optimal	true	0.000000000
3	1.75	37	CONDITIONAL_MEAN	1895.8451495777	8	0|1|3|7|8|9|10|11	98880.0554257843	88797.8347544876	9708.2838763494	373.9367949472	86.1658096617	14.5114052130	Optimal	true	0.000000000
3	1.75	38	REALIZED	1580.8076810840	6	0|2|6|8|10|11	79604.1973263819	72013.3104908437	7590.8868355383	0.0000000000	91.3367623615	0.0000000000	Optimal	true	0.000000000
3	1.75	38	CONDITIONAL_MEAN	1699.7423276339	8	0|1|3|7|8|9|10|11	85157.8711715086	82309.1206672088	1905.8198524783	942.9306518215	18.8109147287	36.5924106994	Optimal	true	0.000000000
3	1.75	39	REALIZED	2034.7086456316	9	0|2|3|4|6|7|8|9|10	103842.3865278533	94191.4037297471	5220.1603422195	4430.8224558866	61.1356093927	172.4022561197	Optimal	true	0.000000000
3	1.75	39	CONDITIONAL_MEAN	1785.3404046489	8	0|1|3|7|8|9|10|11	90109.6806989745	85823.8352745083	3708.5718411373	577.2735833289	36.6045240730	22.4023177169	Optimal	true	0.000000000
3	1.75	40	REALIZED	1686.4052786790	8	0|1|3|7|8|9|10|11	94629.0181029299	83347.5236086404	8568.0927926501	2713.4017016394	77.7751008911	108.8936458167	Optimal	true	0.000000000
3	1.75	40	CONDITIONAL_MEAN	1697.9074853703	8	0|1|3|7|8|9|10|11	85304.4318816035	82477.8323762396	1850.7768696550	975.8226357088	18.2525152033	37.8688534376	Optimal	true	0.000000000
3	1.75	41	REALIZED	1686.3731777104	8	0|1|3|6|7|8|9|10	93282.2248744323	88273.3776423860	1939.5740573102	3069.2731747361	21.1631325482	119.1677227681	Optimal	true	0.000000000
3	1.75	41	CONDITIONAL_MEAN	1831.3001580321	8	0|1|3|6|7|8|10|11	93707.6830818103	92008.9698073277	429.4480464788	1269.2652280038	8.2175276815	49.2565115153	Optimal	true	0.000000000
3	1.75	42	REALIZED	2389.6005059852	9	0|1|3|6|7|8|9|10|11	138291.1401194371	100804.5990766166	36244.8608915064	1241.6801513142	330.2778516562	48.1860144926	Optimal	true	0.000000000
3	1.75	42	CONDITIONAL_MEAN	2063.1262344210	9	0|1|3|6|7|8|9|10|11	107222.2076405789	101848.2685464778	4553.3544197098	820.5846743912	40.1723453296	31.8445172622	Optimal	true	0.000000000
3	1.75	43	REALIZED	1499.8200906862	7	0|1|3|6|9|10|11	76506.3177668278	74872.8901780618	1633.4275887659	0.0000000000	13.8459897060	0.0000000000	Optimal	true	0.000000000
3	1.75	43	CONDITIONAL_MEAN	1666.8470452017	7	0|1|3|6|7|8|10	86099.5868564913	83628.5110067594	1250.0482947799	1221.0275549520	11.1431302248	47.3845469757	Optimal	true	0.000000000
3	1.75	44	REALIZED	951.0302462084	5	1|8|9|10|11	47749.5416849881	41257.5939677184	3019.3763293241	3472.5713879456	24.4005840606	185.5978893390	Optimal	true	0.000000000
3	1.75	44	CONDITIONAL_MEAN	1075.6839150068	5	0|3|6|10|11	56190.6005888398	53478.7901640875	631.9057382327	2079.9046865196	3.5132799567	87.9548678169	Optimal	true	0.000000000
3	1.75	45	REALIZED	1631.0234572222	7	0|3|7|8|9|10|11	104492.3029387739	64627.5326894070	34736.2785435738	5128.4917057931	298.4084885849	229.0045325152	Optimal	true	0.000000000
3	1.75	45	CONDITIONAL_MEAN	1805.0989224588	8	0|1|3|7|8|9|10|11	93114.2580316358	85606.3859684070	6787.9253120193	719.9467512095	62.0538144535	27.9390506089	Optimal	true	0.000000000
3	1.75	46	REALIZED	2795.1685390374	8	0|1|4|6|7|8|10|11	196956.3091853944	102251.6337502870	93159.8424475639	1544.8329875434	888.2416748140	59.9504990457	Optimal	true	0.000000000
3	1.75	46	CONDITIONAL_MEAN	2125.4862496872	9	0|1|3|6|7|8|9|10|11	110159.7938184442	104127.4144336371	5221.3096621944	811.0697226128	47.8578998136	31.4752695104	Optimal	true	0.000000000
3	1.75	47	REALIZED	1742.1271174181	8	0|1|3|5|6|8|9|10	96479.5856795310	78099.5037771221	16732.5988538065	1647.4830486025	145.9908720562	64.3743212431	Optimal	true	0.000000000
3	1.75	47	CONDITIONAL_MEAN	1813.3282839838	8	0|1|3|6|7|8|10|11	93143.7916818845	91051.6440877520	387.2312046288	1704.9163895037	7.1520148724	66.1628727546	Optimal	true	0.000000000
3	1.75	48	REALIZED	1182.2098830848	5	0|1|3|8|10	59692.2353159408	50486.7090535974	9205.5262623434	0.0000000000	90.4282153607	0.0000000000	Optimal	true	0.000000000
3	1.75	48	CONDITIONAL_MEAN	1479.2178630135	7	0|1|7|8|9|10|11	74986.8031217959	73591.2882315487	169.7342084639	1225.7806817833	4.1646230267	47.5690020773	Optimal	true	0.000000000
3	1.75	49	REALIZED	1624.7784559611	6	0|3|7|8|10|11	94674.2628706683	68546.4099426069	24859.8137307594	1268.0391973020	235.1621149953	49.2089328107	Optimal	true	0.000000000
3	1.75	49	CONDITIONAL_MEAN	1803.7824619067	8	0|1|3|7|8|9|10|11	90554.4249904862	86995.4288840125	3050.6233975023	508.3727089714	29.9521456054	19.7284741132	Optimal	true	0.000000000
3	1.75	50	REALIZED	2151.2994933006	9	0|1|3|6|7|8|9|10|11	114581.9974262802	95732.1814647301	17490.1486657902	1359.6672957599	176.2616457242	52.7647542318	Optimal	true	0.000000000
3	1.75	50	CONDITIONAL_MEAN	1858.7406581469	8	0|1|3|7|8|9|10|11	97480.8852994061	86847.5429175274	9963.4139117514	669.9284701274	88.9568572935	25.9979858230	Optimal	true	0.000000000
3	1.75	51	REALIZED	2459.7452196607	9	0|1|2|4|6|8|9|10|11	133843.1539874193	101222.9390385326	32620.2149488869	0.0000000000	340.0053171344	0.0000000000	Optimal	true	0.000000000
3	1.75	51	CONDITIONAL_MEAN	1693.7177108513	8	0|1|3|7|8|9|10|11	85352.8327042621	81671.6843298643	2445.6671056616	1235.4812687362	24.1393410398	47.9454537931	Optimal	true	0.000000000
3	1.75	52	REALIZED	1839.5239764857	8	0|1|3|6|8|9|10|11	91627.8711751333	84273.2580664317	7354.6131087015	0.0000000000	71.0464838125	0.0000000000	Optimal	true	0.000000000
3	1.75	52	CONDITIONAL_MEAN	1788.2170542226	8	0|1|3|7|8|9|10|11	90856.2225071846	85864.1954622633	4437.5304222716	554.4966226497	43.2045582779	21.5184097666	Optimal	true	0.000000000
3	1.75	53	REALIZED	1213.8155035600	6	0|1|3|7|8|10	67135.1291532722	60828.8417532935	2507.2751533033	3799.0122466755	17.5844789420	155.0329215593	Optimal	true	0.000000000
3	1.75	53	CONDITIONAL_MEAN	1919.5754267398	8	0|1|3|6|7|8|10|11	97740.5782654031	96659.8629791080	249.1503053234	831.5649809718	6.1131878367	32.2706311945	Optimal	true	0.000000000
3	1.75	54	REALIZED	2688.8844668665	9	0|3|4|6|7|8|9|10|11	160942.8235219202	117713.8572854724	42854.3247634153	374.6414730325	425.5556229580	14.5387517308	Optimal	true	0.000000000
3	1.75	54	CONDITIONAL_MEAN	2151.4564062910	9	0|1|3|6|7|8|9|10|11	113578.1243403179	104776.4633691137	7981.0762968131	820.5846743912	72.5113224386	31.8445172622	Optimal	true	0.000000000
3	1.75	55	REALIZED	1760.9873970814	8	0|1|3|7|8|9|10|11	91057.0898924384	82518.3445524219	7851.3068690382	687.4384709783	70.1410717764	26.6774982996	Optimal	true	0.000000000
3	1.75	55	CONDITIONAL_MEAN	1848.8653251940	8	0|1|3|6|7|8|10|11	94910.4034933545	93133.9753096164	814.5968869658	961.8312967723	12.0237554093	37.3258900504	Optimal	true	0.000000000
3	1.75	56	REALIZED	2282.7782428925	9	0|1|4|5|6|7|8|10|11	136280.3904823389	104134.2629214349	30747.1690624619	1398.9584984420	233.4791921135	54.3142568899	Optimal	true	0.000000000
3	1.75	56	CONDITIONAL_MEAN	2046.1108918765	9	0|1|3|6|7|8|9|10|11	106001.4419444562	101188.4115690090	3992.4457010560	820.5846743912	35.5830956202	31.8445172622	Optimal	true	0.000000000
3	1.75	57	REALIZED	1358.3546755530	7	0|1|3|8|9|10|11	68454.7477883494	63710.5212374632	2452.8103421942	2291.4162086919	25.2216041410	123.7876064675	Optimal	true	0.000000000
3	1.75	57	CONDITIONAL_MEAN	1428.6790667213	7	0|1|7|8|9|10|11	73032.2340412041	70186.7398823842	260.2048460911	2585.2893127288	6.3844236438	100.3275989866	Optimal	true	0.000000000
3	1.75	58	REALIZED	3096.7190861357	9	0|1|2|3|4|7|8|10|11	200391.4588035482	108624.5393204785	91005.0217485114	761.8977345583	858.7672717050	29.5670469085	Optimal	true	0.000000000
3	1.75	58	CONDITIONAL_MEAN	2254.6588320251	9	0|1|3|6|7|8|9|10|11	119272.6210306431	108612.8279445215	10032.9514673586	626.8416187629	94.5626785394	24.3259097718	Optimal	true	0.000000000
3	1.75	59	REALIZED	2080.4701453770	9	0|1|2|3|7|8|9|10|11	109658.1297799533	92192.9759326383	16123.9652641428	1341.1885831722	173.4150529304	52.0476488552	Optimal	true	0.000000000
3	1.75	59	CONDITIONAL_MEAN	1734.2857128415	8	0|1|3|7|8|9|10|11	86656.2557615114	83933.5719998459	1888.8511608907	833.8326007749	17.8245894290	32.3586309589	Optimal	true	0.000000000
